# Blender 4.4.1
# www.blender.org
mtllib clear.mtl
o テキスト.001
v 2.598000 -0.000000 -0.111000
v 2.589887 -0.000000 -0.110450
v 2.582097 -0.000000 -0.108847
v 2.574703 -0.000000 -0.106266
v 2.567778 -0.000000 -0.102778
v 2.561394 -0.000000 -0.098457
v 2.555625 -0.000000 -0.093375
v 2.550544 -0.000000 -0.087606
v 2.546222 -0.000000 -0.081222
v 2.542735 -0.000000 -0.074297
v 2.540153 -0.000000 -0.066903
v 2.538551 -0.000000 -0.059113
v 2.538000 -0.000000 -0.051000
v 2.538550 -0.000000 -0.042887
v 2.540153 -0.000000 -0.035097
v 2.542734 -0.000000 -0.027703
v 2.546222 -0.000000 -0.020778
v 2.550543 -0.000000 -0.014394
v 2.555625 -0.000000 -0.008625
v 2.561394 -0.000000 -0.003543
v 2.567778 0.000000 0.000778
v 2.574703 0.000000 0.004266
v 2.582097 0.000000 0.006847
v 2.589887 0.000000 0.008450
v 2.598000 0.000000 0.009000
v 2.606113 0.000000 0.008450
v 2.613903 0.000000 0.006847
v 2.621297 0.000000 0.004266
v 2.628222 0.000000 0.000778
v 2.634606 -0.000000 -0.003543
v 2.640375 -0.000000 -0.008625
v 2.645457 -0.000000 -0.014394
v 2.649778 -0.000000 -0.020778
v 2.653265 -0.000000 -0.027703
v 2.655847 -0.000000 -0.035097
v 2.657449 -0.000000 -0.042887
v 2.658000 -0.000000 -0.051000
v 2.657450 -0.000000 -0.059113
v 2.655848 -0.000000 -0.066903
v 2.653266 -0.000000 -0.074297
v 2.649778 -0.000000 -0.081222
v 2.645457 -0.000000 -0.087606
v 2.640375 -0.000000 -0.093375
v 2.634606 -0.000000 -0.098457
v 2.628223 -0.000000 -0.102778
v 2.621297 -0.000000 -0.106266
v 2.613903 -0.000000 -0.108847
v 2.606113 -0.000000 -0.110450
v 2.541000 -0.000000 -0.543000
v 2.541042 -0.000000 -0.532167
v 2.541167 -0.000000 -0.521671
v 2.541375 -0.000000 -0.511516
v 2.541667 -0.000000 -0.501704
v 2.542042 -0.000000 -0.492239
v 2.542500 -0.000000 -0.483125
v 2.543042 -0.000000 -0.474365
v 2.543667 -0.000000 -0.465963
v 2.544375 -0.000000 -0.457922
v 2.545166 -0.000000 -0.450245
v 2.546041 -0.000000 -0.442937
v 2.547000 -0.000000 -0.436000
v 2.572000 -0.000000 -0.264000
v 2.573504 -0.000000 -0.253517
v 2.575032 -0.000000 -0.244056
v 2.576609 -0.000000 -0.235594
v 2.578259 -0.000000 -0.228111
v 2.580006 -0.000000 -0.221587
v 2.581875 -0.000000 -0.216000
v 2.583889 -0.000000 -0.211330
v 2.586074 -0.000000 -0.207556
v 2.588453 -0.000000 -0.204656
v 2.591051 -0.000000 -0.202611
v 2.593891 -0.000000 -0.201399
v 2.597000 -0.000000 -0.201000
v 2.600108 -0.000000 -0.201399
v 2.602949 -0.000000 -0.202611
v 2.605547 -0.000000 -0.204656
v 2.607926 -0.000000 -0.207556
v 2.610111 -0.000000 -0.211330
v 2.612125 -0.000000 -0.216000
v 2.613994 -0.000000 -0.221587
v 2.615741 -0.000000 -0.228111
v 2.617391 -0.000000 -0.235594
v 2.618968 -0.000000 -0.244056
v 2.620496 -0.000000 -0.253517
v 2.622000 -0.000000 -0.264000
v 2.647000 -0.000000 -0.436000
v 2.647958 -0.000000 -0.442937
v 2.648833 -0.000000 -0.450245
v 2.649625 -0.000000 -0.457922
v 2.650333 -0.000000 -0.465963
v 2.650958 -0.000000 -0.474365
v 2.651500 -0.000000 -0.483125
v 2.651958 -0.000000 -0.492239
v 2.652333 -0.000000 -0.501704
v 2.652625 -0.000000 -0.511516
v 2.652833 -0.000000 -0.521671
v 2.652958 -0.000000 -0.532167
v 2.653000 -0.000000 -0.543000
v 2.652624 -0.000000 -0.566709
v 2.651491 -0.000000 -0.588338
v 2.649594 -0.000000 -0.607891
v 2.646926 -0.000000 -0.625370
v 2.643480 -0.000000 -0.640781
v 2.639250 -0.000000 -0.654125
v 2.634228 -0.000000 -0.665407
v 2.628407 -0.000000 -0.674630
v 2.621781 -0.000000 -0.681797
v 2.614342 -0.000000 -0.686912
v 2.606084 -0.000000 -0.689979
v 2.597000 -0.000000 -0.691000
v 2.587916 -0.000000 -0.689979
v 2.579658 -0.000000 -0.686912
v 2.572219 -0.000000 -0.681797
v 2.565593 -0.000000 -0.674630
v 2.559772 -0.000000 -0.665407
v 2.554750 -0.000000 -0.654125
v 2.550520 -0.000000 -0.640781
v 2.547074 -0.000000 -0.625370
v 2.544406 -0.000000 -0.607891
v 2.542509 -0.000000 -0.588338
v 2.541376 -0.000000 -0.566709
v 2.327000 -0.000000 -0.111000
v 2.318887 -0.000000 -0.110450
v 2.311097 -0.000000 -0.108847
v 2.303703 -0.000000 -0.106266
v 2.296778 -0.000000 -0.102778
v 2.290394 -0.000000 -0.098457
v 2.284625 -0.000000 -0.093375
v 2.279544 -0.000000 -0.087606
v 2.275223 -0.000000 -0.081222
v 2.271735 -0.000000 -0.074297
v 2.269153 -0.000000 -0.066903
v 2.267551 -0.000000 -0.059113
v 2.267000 -0.000000 -0.051000
v 2.267550 -0.000000 -0.042887
v 2.269153 -0.000000 -0.035097
v 2.271734 -0.000000 -0.027703
v 2.275222 -0.000000 -0.020778
v 2.279543 -0.000000 -0.014394
v 2.284625 -0.000000 -0.008625
v 2.290394 -0.000000 -0.003543
v 2.296778 0.000000 0.000778
v 2.303703 0.000000 0.004266
v 2.311097 0.000000 0.006847
v 2.318887 0.000000 0.008450
v 2.327000 0.000000 0.009000
v 2.335113 0.000000 0.008450
v 2.342903 0.000000 0.006847
v 2.350297 0.000000 0.004266
v 2.357222 0.000000 0.000778
v 2.363606 -0.000000 -0.003543
v 2.369375 -0.000000 -0.008625
v 2.374457 -0.000000 -0.014394
v 2.378778 -0.000000 -0.020778
v 2.382266 -0.000000 -0.027703
v 2.384847 -0.000000 -0.035097
v 2.386450 -0.000000 -0.042887
v 2.387000 -0.000000 -0.051000
v 2.386450 -0.000000 -0.059113
v 2.384848 -0.000000 -0.066903
v 2.382266 -0.000000 -0.074297
v 2.378778 -0.000000 -0.081222
v 2.374457 -0.000000 -0.087606
v 2.369375 -0.000000 -0.093375
v 2.363606 -0.000000 -0.098457
v 2.357223 -0.000000 -0.102778
v 2.350297 -0.000000 -0.106266
v 2.342903 -0.000000 -0.108847
v 2.335114 -0.000000 -0.110450
v 2.270000 -0.000000 -0.543000
v 2.270042 -0.000000 -0.532167
v 2.270167 -0.000000 -0.521671
v 2.270375 -0.000000 -0.511516
v 2.270667 -0.000000 -0.501704
v 2.271042 -0.000000 -0.492239
v 2.271500 -0.000000 -0.483125
v 2.272042 -0.000000 -0.474365
v 2.272667 -0.000000 -0.465963
v 2.273375 -0.000000 -0.457922
v 2.274167 -0.000000 -0.450245
v 2.275042 -0.000000 -0.442937
v 2.276000 -0.000000 -0.436000
v 2.301000 -0.000000 -0.264000
v 2.302504 -0.000000 -0.253517
v 2.304032 -0.000000 -0.244056
v 2.305609 -0.000000 -0.235594
v 2.307259 -0.000000 -0.228111
v 2.309006 -0.000000 -0.221587
v 2.310875 -0.000000 -0.216000
v 2.312889 -0.000000 -0.211330
v 2.315074 -0.000000 -0.207556
v 2.317453 -0.000000 -0.204656
v 2.320051 -0.000000 -0.202611
v 2.322891 -0.000000 -0.201399
v 2.326000 -0.000000 -0.201000
v 2.329108 -0.000000 -0.201399
v 2.331949 -0.000000 -0.202611
v 2.334547 -0.000000 -0.204656
v 2.336926 -0.000000 -0.207556
v 2.339111 -0.000000 -0.211330
v 2.341125 -0.000000 -0.216000
v 2.342994 -0.000000 -0.221587
v 2.344741 -0.000000 -0.228111
v 2.346391 -0.000000 -0.235594
v 2.347968 -0.000000 -0.244056
v 2.349496 -0.000000 -0.253517
v 2.351000 -0.000000 -0.264000
v 2.376000 -0.000000 -0.436000
v 2.376958 -0.000000 -0.442937
v 2.377833 -0.000000 -0.450245
v 2.378625 -0.000000 -0.457922
v 2.379333 -0.000000 -0.465963
v 2.379958 -0.000000 -0.474365
v 2.380500 -0.000000 -0.483125
v 2.380958 -0.000000 -0.492239
v 2.381333 -0.000000 -0.501704
v 2.381625 -0.000000 -0.511516
v 2.381833 -0.000000 -0.521671
v 2.381958 -0.000000 -0.532167
v 2.382000 -0.000000 -0.543000
v 2.381624 -0.000000 -0.566709
v 2.380491 -0.000000 -0.588338
v 2.378594 -0.000000 -0.607891
v 2.375926 -0.000000 -0.625370
v 2.372480 -0.000000 -0.640781
v 2.368250 -0.000000 -0.654125
v 2.363228 -0.000000 -0.665407
v 2.357407 -0.000000 -0.674630
v 2.350781 -0.000000 -0.681797
v 2.343343 -0.000000 -0.686912
v 2.335084 -0.000000 -0.689979
v 2.326000 -0.000000 -0.691000
v 2.316916 -0.000000 -0.689979
v 2.308658 -0.000000 -0.686912
v 2.301219 -0.000000 -0.681797
v 2.294593 -0.000000 -0.674630
v 2.288772 -0.000000 -0.665407
v 2.283750 -0.000000 -0.654125
v 2.279520 -0.000000 -0.640781
v 2.276074 -0.000000 -0.625370
v 2.273407 -0.000000 -0.607891
v 2.271509 -0.000000 -0.588338
v 2.270376 -0.000000 -0.566709
v 1.864000 -0.000000 -0.449000
v 1.864000 0.000000 0.000000
v 1.953000 0.000000 0.000000
v 1.953000 -0.000000 -0.235000
v 1.953980 -0.000000 -0.253891
v 1.956838 -0.000000 -0.271958
v 1.961454 -0.000000 -0.289047
v 1.967704 -0.000000 -0.305000
v 1.975469 -0.000000 -0.319661
v 1.984625 -0.000000 -0.332875
v 1.995053 -0.000000 -0.344484
v 2.006630 -0.000000 -0.354333
v 2.019235 -0.000000 -0.362266
v 2.032746 -0.000000 -0.368125
v 2.047042 -0.000000 -0.371755
v 2.062000 -0.000000 -0.373000
v 2.067529 -0.000000 -0.372631
v 2.073565 -0.000000 -0.371546
v 2.080031 -0.000000 -0.369781
v 2.086852 -0.000000 -0.367370
v 2.093951 -0.000000 -0.364348
v 2.101250 -0.000000 -0.360750
v 2.108675 -0.000000 -0.356610
v 2.116148 -0.000000 -0.351963
v 2.123594 -0.000000 -0.346844
v 2.130935 -0.000000 -0.341287
v 2.138096 -0.000000 -0.335328
v 2.145000 -0.000000 -0.329000
v 2.192000 -0.000000 -0.406000
v 2.182810 -0.000000 -0.414376
v 2.173727 -0.000000 -0.422005
v 2.164735 -0.000000 -0.428891
v 2.155815 -0.000000 -0.435037
v 2.146951 -0.000000 -0.440447
v 2.138126 -0.000000 -0.445125
v 2.129321 -0.000000 -0.449074
v 2.120519 -0.000000 -0.452296
v 2.111704 -0.000000 -0.454797
v 2.102857 -0.000000 -0.456579
v 2.093962 -0.000000 -0.457645
v 2.085000 -0.000000 -0.458000
v 2.074479 -0.000000 -0.457305
v 2.063912 -0.000000 -0.455190
v 2.053297 -0.000000 -0.451609
v 2.042630 -0.000000 -0.446519
v 2.031907 -0.000000 -0.439872
v 2.021125 -0.000000 -0.431625
v 2.010281 -0.000000 -0.421732
v 1.999371 -0.000000 -0.410148
v 1.988391 -0.000000 -0.396828
v 1.977338 -0.000000 -0.381727
v 1.966209 -0.000000 -0.364799
v 1.955000 -0.000000 -0.346000
v 1.953000 -0.000000 -0.346000
v 1.953000 -0.000000 -0.449000
v 1.779000 -0.000000 -0.080000
v 1.774046 -0.000000 -0.076377
v 1.769199 -0.000000 -0.073014
v 1.764485 -0.000000 -0.069922
v 1.759926 -0.000000 -0.067111
v 1.755548 -0.000000 -0.064592
v 1.751375 -0.000000 -0.062375
v 1.747431 -0.000000 -0.060470
v 1.743741 -0.000000 -0.058889
v 1.740328 -0.000000 -0.057641
v 1.737218 -0.000000 -0.056736
v 1.734434 -0.000000 -0.056186
v 1.732000 -0.000000 -0.056000
v 1.729355 -0.000000 -0.056128
v 1.726922 -0.000000 -0.056523
v 1.724704 -0.000000 -0.057203
v 1.722704 -0.000000 -0.058185
v 1.720927 -0.000000 -0.059487
v 1.719375 -0.000000 -0.061125
v 1.718053 -0.000000 -0.063117
v 1.716963 -0.000000 -0.065481
v 1.716110 -0.000000 -0.068234
v 1.715496 -0.000000 -0.071394
v 1.715125 -0.000000 -0.074976
v 1.715000 -0.000000 -0.079000
v 1.715000 -0.000000 -0.310000
v 1.713531 -0.000000 -0.334339
v 1.709246 -0.000000 -0.356380
v 1.702328 -0.000000 -0.376156
v 1.692963 -0.000000 -0.393704
v 1.681334 -0.000000 -0.409057
v 1.667625 -0.000000 -0.422250
v 1.652020 -0.000000 -0.433318
v 1.634704 -0.000000 -0.442296
v 1.615859 -0.000000 -0.449219
v 1.595671 -0.000000 -0.454120
v 1.574324 -0.000000 -0.457036
v 1.552000 -0.000000 -0.458000
v 1.536083 -0.000000 -0.457583
v 1.520824 -0.000000 -0.456329
v 1.506219 -0.000000 -0.454234
v 1.492260 -0.000000 -0.451296
v 1.478939 -0.000000 -0.447511
v 1.466250 -0.000000 -0.442875
v 1.454187 -0.000000 -0.437385
v 1.442741 -0.000000 -0.431037
v 1.431907 -0.000000 -0.423828
v 1.421676 -0.000000 -0.415755
v 1.412043 -0.000000 -0.406813
v 1.403000 -0.000000 -0.397000
v 1.403000 -0.000000 -0.300000
v 1.413891 -0.000000 -0.312170
v 1.425047 -0.000000 -0.323190
v 1.436438 -0.000000 -0.333078
v 1.448037 -0.000000 -0.341852
v 1.459817 -0.000000 -0.349528
v 1.471750 -0.000000 -0.356125
v 1.483808 -0.000000 -0.361659
v 1.495963 -0.000000 -0.366148
v 1.508188 -0.000000 -0.369609
v 1.520454 -0.000000 -0.372060
v 1.532734 -0.000000 -0.373518
v 1.545000 -0.000000 -0.374000
v 1.557938 -0.000000 -0.373515
v 1.569750 -0.000000 -0.372037
v 1.580438 -0.000000 -0.369531
v 1.590000 -0.000000 -0.365963
v 1.598438 -0.000000 -0.361297
v 1.605750 -0.000000 -0.355500
v 1.611938 -0.000000 -0.348536
v 1.617000 -0.000000 -0.340370
v 1.620938 -0.000000 -0.330969
v 1.623750 -0.000000 -0.320296
v 1.625438 -0.000000 -0.308318
v 1.626000 -0.000000 -0.295000
v 1.626000 -0.000000 -0.271000
v 1.547000 -0.000000 -0.243000
v 1.528865 -0.000000 -0.236444
v 1.510667 -0.000000 -0.229634
v 1.492719 -0.000000 -0.222359
v 1.475334 -0.000000 -0.214407
v 1.458823 -0.000000 -0.205567
v 1.443500 -0.000000 -0.195625
v 1.429677 -0.000000 -0.184371
v 1.417667 -0.000000 -0.171593
v 1.407782 -0.000000 -0.157078
v 1.400334 -0.000000 -0.140616
v 1.395636 -0.000000 -0.121994
v 1.394000 -0.000000 -0.101000
v 1.394904 -0.000000 -0.086652
v 1.397565 -0.000000 -0.072713
v 1.401907 -0.000000 -0.059344
v 1.407852 -0.000000 -0.046704
v 1.415326 -0.000000 -0.034953
v 1.424250 -0.000000 -0.024250
v 1.434550 -0.000000 -0.014756
v 1.446148 -0.000000 -0.006630
v 1.458969 -0.000000 -0.000031
v 1.472935 0.000000 0.004880
v 1.487971 0.000000 0.007943
v 1.504000 0.000000 0.009000
v 1.514249 0.000000 0.008687
v 1.524491 0.000000 0.007745
v 1.534719 0.000000 0.006172
v 1.544926 0.000000 0.003963
v 1.555106 0.000000 0.001115
v 1.565250 -0.000000 -0.002375
v 1.575353 -0.000000 -0.006511
v 1.585408 -0.000000 -0.011296
v 1.595407 -0.000000 -0.016734
v 1.605343 -0.000000 -0.022829
v 1.615210 -0.000000 -0.029583
v 1.625000 -0.000000 -0.037000
v 1.627274 -0.000000 -0.029373
v 1.630107 -0.000000 -0.022481
v 1.633516 -0.000000 -0.016312
v 1.637519 -0.000000 -0.010852
v 1.642133 -0.000000 -0.006086
v 1.647375 -0.000000 -0.002000
v 1.653264 0.000000 0.001419
v 1.659815 0.000000 0.004185
v 1.667047 0.000000 0.006313
v 1.674977 0.000000 0.007815
v 1.683622 0.000000 0.008706
v 1.693000 0.000000 0.009000
v 1.699791 0.000000 0.008827
v 1.706246 0.000000 0.008282
v 1.712485 0.000000 0.007328
v 1.718630 0.000000 0.005926
v 1.724803 0.000000 0.004038
v 1.731125 0.000000 0.001625
v 1.737718 -0.000000 -0.001350
v 1.744704 -0.000000 -0.004926
v 1.752203 -0.000000 -0.009141
v 1.760338 -0.000000 -0.014032
v 1.769230 -0.000000 -0.019639
v 1.779000 -0.000000 -0.026000
v 1.626000 -0.000000 -0.091000
v 1.619959 -0.000000 -0.085440
v 1.613834 -0.000000 -0.080273
v 1.607625 -0.000000 -0.075516
v 1.601334 -0.000000 -0.071185
v 1.594959 -0.000000 -0.067299
v 1.588500 -0.000000 -0.063875
v 1.581959 -0.000000 -0.060930
v 1.575334 -0.000000 -0.058481
v 1.568626 -0.000000 -0.056547
v 1.561834 -0.000000 -0.055144
v 1.554959 -0.000000 -0.054289
v 1.548000 -0.000000 -0.054000
v 1.538968 -0.000000 -0.054533
v 1.530412 -0.000000 -0.056097
v 1.522391 -0.000000 -0.058641
v 1.514963 -0.000000 -0.062111
v 1.508188 -0.000000 -0.066457
v 1.502125 -0.000000 -0.071625
v 1.496833 -0.000000 -0.077564
v 1.492370 -0.000000 -0.084222
v 1.488797 -0.000000 -0.091547
v 1.486171 -0.000000 -0.099486
v 1.484553 -0.000000 -0.107988
v 1.484000 -0.000000 -0.117000
v 1.485343 -0.000000 -0.129703
v 1.489241 -0.000000 -0.141375
v 1.495500 -0.000000 -0.152109
v 1.503926 -0.000000 -0.162000
v 1.514324 -0.000000 -0.171141
v 1.526500 -0.000000 -0.179625
v 1.540259 -0.000000 -0.187547
v 1.555408 -0.000000 -0.195000
v 1.571750 -0.000000 -0.202078
v 1.589093 -0.000000 -0.208875
v 1.607241 -0.000000 -0.215484
v 1.626000 -0.000000 -0.222000
v 1.327000 -0.000000 -0.130000
v 1.314019 -0.000000 -0.121795
v 1.301065 -0.000000 -0.114194
v 1.288125 -0.000000 -0.107219
v 1.275185 -0.000000 -0.100889
v 1.262232 -0.000000 -0.095226
v 1.249250 -0.000000 -0.090250
v 1.236227 -0.000000 -0.085983
v 1.223148 -0.000000 -0.082444
v 1.210000 -0.000000 -0.079656
v 1.196769 -0.000000 -0.077639
v 1.183440 -0.000000 -0.076413
v 1.170000 -0.000000 -0.076000
v 1.149230 -0.000000 -0.076957
v 1.129926 -0.000000 -0.079819
v 1.112094 -0.000000 -0.084578
v 1.095741 -0.000000 -0.091222
v 1.080874 -0.000000 -0.099741
v 1.067500 -0.000000 -0.110125
v 1.055626 -0.000000 -0.122363
v 1.045259 -0.000000 -0.136444
v 1.036406 -0.000000 -0.152359
v 1.029074 -0.000000 -0.170097
v 1.023270 -0.000000 -0.189648
v 1.019000 -0.000000 -0.211000
v 1.335000 -0.000000 -0.211000
v 1.333436 -0.000000 -0.250731
v 1.328820 -0.000000 -0.286935
v 1.321266 -0.000000 -0.319625
v 1.310889 -0.000000 -0.348815
v 1.297804 -0.000000 -0.374519
v 1.282125 -0.000000 -0.396750
v 1.263967 -0.000000 -0.415523
v 1.243445 -0.000000 -0.430852
v 1.220672 -0.000000 -0.442750
v 1.195764 -0.000000 -0.451232
v 1.168836 -0.000000 -0.456310
v 1.140000 -0.000000 -0.458000
v 1.109820 -0.000000 -0.456111
v 1.081389 -0.000000 -0.450556
v 1.054875 -0.000000 -0.441500
v 1.030445 -0.000000 -0.429111
v 1.008264 -0.000000 -0.413556
v 0.988500 -0.000000 -0.395000
v 0.971320 -0.000000 -0.373611
v 0.956889 -0.000000 -0.349556
v 0.945375 -0.000000 -0.323000
v 0.936945 -0.000000 -0.294111
v 0.931764 -0.000000 -0.263056
v 0.930000 -0.000000 -0.230000
v 0.931616 -0.000000 -0.199249
v 0.936426 -0.000000 -0.169241
v 0.944375 -0.000000 -0.140344
v 0.955408 -0.000000 -0.112926
v 0.969468 -0.000000 -0.087355
v 0.986500 -0.000000 -0.064000
v 1.006449 -0.000000 -0.043228
v 1.029259 -0.000000 -0.025407
v 1.054875 -0.000000 -0.010906
v 1.083241 -0.000000 -0.000093
v 1.114301 0.000000 0.006665
v 1.148000 0.000000 0.009000
v 1.166456 0.000000 0.008645
v 1.183898 0.000000 0.007574
v 1.200438 0.000000 0.005781
v 1.216185 0.000000 0.003259
v 1.231252 0.000000 0.000001
v 1.245750 -0.000000 -0.004000
v 1.259789 -0.000000 -0.008751
v 1.273482 -0.000000 -0.014259
v 1.286938 -0.000000 -0.020531
v 1.300269 -0.000000 -0.027574
v 1.313586 -0.000000 -0.035395
v 1.327000 -0.000000 -0.044000
v 1.021000 -0.000000 -0.270000
v 1.024603 -0.000000 -0.287099
v 1.029408 -0.000000 -0.302875
v 1.035406 -0.000000 -0.317297
v 1.042593 -0.000000 -0.330333
v 1.050960 -0.000000 -0.341953
v 1.060500 -0.000000 -0.352125
v 1.071207 -0.000000 -0.360818
v 1.083074 -0.000000 -0.368000
v 1.096094 -0.000000 -0.373641
v 1.110259 -0.000000 -0.377708
v 1.125564 -0.000000 -0.380172
v 1.142000 -0.000000 -0.381000
v 1.157243 -0.000000 -0.380115
v 1.171445 -0.000000 -0.377500
v 1.184563 -0.000000 -0.373219
v 1.196556 -0.000000 -0.367333
v 1.207382 -0.000000 -0.359906
v 1.217000 -0.000000 -0.351000
v 1.225368 -0.000000 -0.340677
v 1.232445 -0.000000 -0.329000
v 1.238188 -0.000000 -0.316031
v 1.242556 -0.000000 -0.301833
v 1.245507 -0.000000 -0.286469
v 1.247000 -0.000000 -0.270000
v 0.824000 -0.000000 -0.682000
v 0.735000 -0.000000 -0.682000
v 0.735000 0.000000 0.000000
v 0.824000 0.000000 0.000000
v 0.618000 -0.000000 -0.635000
v 0.595196 -0.000000 -0.644295
v 0.573236 -0.000000 -0.652690
v 0.552047 -0.000000 -0.660203
v 0.531556 -0.000000 -0.666852
v 0.511689 -0.000000 -0.672653
v 0.492375 -0.000000 -0.677625
v 0.473540 -0.000000 -0.681784
v 0.455111 -0.000000 -0.685148
v 0.437016 -0.000000 -0.687734
v 0.419181 -0.000000 -0.689560
v 0.401533 -0.000000 -0.690643
v 0.384000 -0.000000 -0.691000
v 0.331056 -0.000000 -0.687889
v 0.280949 -0.000000 -0.678778
v 0.234016 -0.000000 -0.664000
v 0.190593 -0.000000 -0.643889
v 0.151017 -0.000000 -0.618778
v 0.115625 -0.000000 -0.589000
v 0.084754 -0.000000 -0.554889
v 0.058741 -0.000000 -0.516778
v 0.037922 -0.000000 -0.475000
v 0.022634 -0.000000 -0.429889
v 0.013215 -0.000000 -0.381778
v 0.010000 -0.000000 -0.331000
v 0.012352 -0.000000 -0.294270
v 0.019482 -0.000000 -0.256162
v 0.031500 -0.000000 -0.217547
v 0.048519 -0.000000 -0.179296
v 0.070648 -0.000000 -0.142282
v 0.098000 -0.000000 -0.107375
v 0.130685 -0.000000 -0.075447
v 0.168815 -0.000000 -0.047370
v 0.212500 -0.000000 -0.024016
v 0.261852 -0.000000 -0.006255
v 0.316982 0.000000 0.005041
v 0.378000 0.000000 0.009000
v 0.404058 0.000000 0.008488
v 0.428796 0.000000 0.006986
v 0.452313 0.000000 0.004547
v 0.474704 0.000000 0.001222
v 0.496067 -0.000000 -0.002936
v 0.516500 -0.000000 -0.007875
v 0.536100 -0.000000 -0.013543
v 0.554963 -0.000000 -0.019889
v 0.573188 -0.000000 -0.026859
v 0.590871 -0.000000 -0.034403
v 0.608109 -0.000000 -0.042467
v 0.625000 -0.000000 -0.051000
v 0.625000 -0.000000 -0.158000
v 0.605612 -0.000000 -0.145981
v 0.585982 -0.000000 -0.134935
v 0.566156 -0.000000 -0.124875
v 0.546185 -0.000000 -0.115815
v 0.526117 -0.000000 -0.107769
v 0.506000 -0.000000 -0.100750
v 0.485883 -0.000000 -0.094773
v 0.465815 -0.000000 -0.089852
v 0.445844 -0.000000 -0.086000
v 0.426019 -0.000000 -0.083232
v 0.406388 -0.000000 -0.081560
v 0.387000 -0.000000 -0.081000
v 0.347118 -0.000000 -0.083174
v 0.309611 -0.000000 -0.089560
v 0.274688 -0.000000 -0.099953
v 0.242556 -0.000000 -0.114148
v 0.213424 -0.000000 -0.131940
v 0.187500 -0.000000 -0.153125
v 0.164993 -0.000000 -0.177497
v 0.146111 -0.000000 -0.204852
v 0.131063 -0.000000 -0.234984
v 0.120056 -0.000000 -0.267690
v 0.113299 -0.000000 -0.302763
v 0.111000 -0.000000 -0.340000
v 0.113373 -0.000000 -0.376646
v 0.120315 -0.000000 -0.411417
v 0.131563 -0.000000 -0.444063
v 0.146852 -0.000000 -0.474333
v 0.165919 -0.000000 -0.501979
v 0.188500 -0.000000 -0.526750
v 0.214331 -0.000000 -0.548396
v 0.243148 -0.000000 -0.566667
v 0.274688 -0.000000 -0.581313
v 0.308685 -0.000000 -0.592083
v 0.344877 -0.000000 -0.598729
v 0.383000 -0.000000 -0.601000
v 0.402615 -0.000000 -0.600539
v 0.422005 -0.000000 -0.599144
v 0.441234 -0.000000 -0.596797
v 0.460370 -0.000000 -0.593482
v 0.479479 -0.000000 -0.589180
v 0.498625 -0.000000 -0.583875
v 0.517876 -0.000000 -0.577549
v 0.537296 -0.000000 -0.570185
v 0.556953 -0.000000 -0.561766
v 0.576912 -0.000000 -0.552273
v 0.597239 -0.000000 -0.541691
v 0.618000 -0.000000 -0.530000
v -0.357000 -0.000000 -0.130000
v -0.369981 -0.000000 -0.121795
v -0.382935 -0.000000 -0.114194
v -0.395875 -0.000000 -0.107219
v -0.408815 -0.000000 -0.100889
v -0.421768 -0.000000 -0.095226
v -0.434750 -0.000000 -0.090250
v -0.447773 -0.000000 -0.085983
v -0.460852 -0.000000 -0.082444
v -0.474000 -0.000000 -0.079656
v -0.487231 -0.000000 -0.077639
v -0.500560 -0.000000 -0.076413
v -0.514000 -0.000000 -0.076000
v -0.534770 -0.000000 -0.076957
v -0.554074 -0.000000 -0.079819
v -0.571906 -0.000000 -0.084578
v -0.588259 -0.000000 -0.091222
v -0.603126 -0.000000 -0.099741
v -0.616500 -0.000000 -0.110125
v -0.628374 -0.000000 -0.122363
v -0.638741 -0.000000 -0.136444
v -0.647594 -0.000000 -0.152359
v -0.654926 -0.000000 -0.170097
v -0.660730 -0.000000 -0.189648
v -0.665000 -0.000000 -0.211000
v -0.349000 -0.000000 -0.211000
v -0.350564 -0.000000 -0.250731
v -0.355181 -0.000000 -0.286935
v -0.362734 -0.000000 -0.319625
v -0.373111 -0.000000 -0.348815
v -0.386196 -0.000000 -0.374519
v -0.401875 -0.000000 -0.396750
v -0.420033 -0.000000 -0.415523
v -0.440556 -0.000000 -0.430852
v -0.463328 -0.000000 -0.442750
v -0.488236 -0.000000 -0.451232
v -0.515165 -0.000000 -0.456310
v -0.544000 -0.000000 -0.458000
v -0.574180 -0.000000 -0.456111
v -0.602611 -0.000000 -0.450556
v -0.629125 -0.000000 -0.441500
v -0.653556 -0.000000 -0.429111
v -0.675736 -0.000000 -0.413556
v -0.695500 -0.000000 -0.395000
v -0.712681 -0.000000 -0.373611
v -0.727111 -0.000000 -0.349556
v -0.738625 -0.000000 -0.323000
v -0.747056 -0.000000 -0.294111
v -0.752236 -0.000000 -0.263056
v -0.754000 -0.000000 -0.230000
v -0.752384 -0.000000 -0.199249
v -0.747574 -0.000000 -0.169241
v -0.739625 -0.000000 -0.140344
v -0.728593 -0.000000 -0.112926
v -0.714532 -0.000000 -0.087355
v -0.697500 -0.000000 -0.064000
v -0.677551 -0.000000 -0.043228
v -0.654741 -0.000000 -0.025407
v -0.629125 -0.000000 -0.010906
v -0.600759 -0.000000 -0.000093
v -0.569699 0.000000 0.006665
v -0.536000 0.000000 0.009000
v -0.517544 0.000000 0.008645
v -0.500102 0.000000 0.007574
v -0.483562 0.000000 0.005781
v -0.467815 0.000000 0.003259
v -0.452748 0.000000 0.000001
v -0.438250 -0.000000 -0.004000
v -0.424211 -0.000000 -0.008751
v -0.410518 -0.000000 -0.014259
v -0.397062 -0.000000 -0.020531
v -0.383731 -0.000000 -0.027574
v -0.370414 -0.000000 -0.035395
v -0.357000 -0.000000 -0.044000
v -0.663000 -0.000000 -0.270000
v -0.659397 -0.000000 -0.287099
v -0.654593 -0.000000 -0.302875
v -0.648594 -0.000000 -0.317297
v -0.641407 -0.000000 -0.330333
v -0.633040 -0.000000 -0.341953
v -0.623500 -0.000000 -0.352125
v -0.612793 -0.000000 -0.360818
v -0.600926 -0.000000 -0.368000
v -0.587906 -0.000000 -0.373641
v -0.573741 -0.000000 -0.377708
v -0.558436 -0.000000 -0.380172
v -0.542000 -0.000000 -0.381000
v -0.526757 -0.000000 -0.380115
v -0.512555 -0.000000 -0.377500
v -0.499437 -0.000000 -0.373219
v -0.487444 -0.000000 -0.367333
v -0.476618 -0.000000 -0.359906
v -0.467000 -0.000000 -0.351000
v -0.458632 -0.000000 -0.340677
v -0.451556 -0.000000 -0.329000
v -0.445812 -0.000000 -0.316031
v -0.441444 -0.000000 -0.301833
v -0.438493 -0.000000 -0.286469
v -0.437000 -0.000000 -0.270000
v -1.507000 -0.000000 -0.449000
v -1.507000 0.000000 0.000000
v -1.418000 0.000000 0.000000
v -1.418000 -0.000000 -0.326000
v -1.408883 -0.000000 -0.336155
v -1.399981 -0.000000 -0.345153
v -1.391219 -0.000000 -0.353047
v -1.382519 -0.000000 -0.359889
v -1.373804 -0.000000 -0.365731
v -1.365000 -0.000000 -0.370625
v -1.356029 -0.000000 -0.374623
v -1.346815 -0.000000 -0.377778
v -1.337281 -0.000000 -0.380141
v -1.327352 -0.000000 -0.381764
v -1.316950 -0.000000 -0.382700
v -1.306000 -0.000000 -0.383000
v -1.295163 -0.000000 -0.382348
v -1.284722 -0.000000 -0.380366
v -1.274781 -0.000000 -0.377016
v -1.265444 -0.000000 -0.372259
v -1.256816 -0.000000 -0.366058
v -1.249000 -0.000000 -0.358375
v -1.242101 -0.000000 -0.349171
v -1.236222 -0.000000 -0.338407
v -1.231469 -0.000000 -0.326047
v -1.227944 -0.000000 -0.312051
v -1.225753 -0.000000 -0.296381
v -1.225000 -0.000000 -0.279000
v -1.225000 0.000000 0.000000
v -1.136000 0.000000 0.000000
v -1.136000 -0.000000 -0.326000
v -1.127864 -0.000000 -0.334073
v -1.119495 -0.000000 -0.341750
v -1.110953 -0.000000 -0.348969
v -1.102296 -0.000000 -0.355667
v -1.093584 -0.000000 -0.361781
v -1.084875 -0.000000 -0.367250
v -1.076228 -0.000000 -0.372010
v -1.067704 -0.000000 -0.376000
v -1.059359 -0.000000 -0.379156
v -1.051255 -0.000000 -0.381417
v -1.043449 -0.000000 -0.382719
v -1.036000 -0.000000 -0.383000
v -1.023457 -0.000000 -0.382233
v -1.011403 -0.000000 -0.379944
v -0.999953 -0.000000 -0.376156
v -0.989222 -0.000000 -0.370889
v -0.979325 -0.000000 -0.364163
v -0.970375 -0.000000 -0.356000
v -0.962488 -0.000000 -0.346420
v -0.955778 -0.000000 -0.335444
v -0.950359 -0.000000 -0.323094
v -0.946347 -0.000000 -0.309389
v -0.943856 -0.000000 -0.294351
v -0.943000 -0.000000 -0.278000
v -0.943000 0.000000 0.000000
v -0.854000 0.000000 0.000000
v -0.854000 -0.000000 -0.282000
v -0.855194 -0.000000 -0.307730
v -0.858718 -0.000000 -0.331843
v -0.864484 -0.000000 -0.354219
v -0.872407 -0.000000 -0.374741
v -0.882400 -0.000000 -0.393291
v -0.894375 -0.000000 -0.409750
v -0.908246 -0.000000 -0.424001
v -0.923926 -0.000000 -0.435926
v -0.941328 -0.000000 -0.445406
v -0.960366 -0.000000 -0.452324
v -0.980952 -0.000000 -0.456561
v -1.003000 -0.000000 -0.458000
v -1.018651 -0.000000 -0.457247
v -1.033625 -0.000000 -0.455056
v -1.047953 -0.000000 -0.451531
v -1.061667 -0.000000 -0.446778
v -1.074797 -0.000000 -0.440899
v -1.087375 -0.000000 -0.434000
v -1.099432 -0.000000 -0.426184
v -1.111000 -0.000000 -0.417556
v -1.122109 -0.000000 -0.408219
v -1.132792 -0.000000 -0.398278
v -1.143078 -0.000000 -0.387837
v -1.153000 -0.000000 -0.377000
v -1.160850 -0.000000 -0.389727
v -1.169384 -0.000000 -0.401403
v -1.178578 -0.000000 -0.412016
v -1.188407 -0.000000 -0.421556
v -1.198848 -0.000000 -0.430012
v -1.209875 -0.000000 -0.437375
v -1.221465 -0.000000 -0.443634
v -1.233593 -0.000000 -0.448778
v -1.246234 -0.000000 -0.452797
v -1.259366 -0.000000 -0.455681
v -1.272962 -0.000000 -0.457418
v -1.287000 -0.000000 -0.458000
v -1.297522 -0.000000 -0.457541
v -1.308093 -0.000000 -0.456157
v -1.318719 -0.000000 -0.453844
v -1.329407 -0.000000 -0.450593
v -1.340166 -0.000000 -0.446397
v -1.351000 -0.000000 -0.441250
v -1.361918 -0.000000 -0.435145
v -1.372926 -0.000000 -0.428074
v -1.384031 -0.000000 -0.420031
v -1.395241 -0.000000 -0.411009
v -1.406561 -0.000000 -0.401001
v -1.418000 -0.000000 -0.390000
v -1.418000 -0.000000 -0.449000
v -1.582000 -0.000000 -0.080000
v -1.586954 -0.000000 -0.076377
v -1.591801 -0.000000 -0.073014
v -1.596516 -0.000000 -0.069922
v -1.601074 -0.000000 -0.067111
v -1.605452 -0.000000 -0.064592
v -1.609625 -0.000000 -0.062375
v -1.613569 -0.000000 -0.060470
v -1.617259 -0.000000 -0.058889
v -1.620672 -0.000000 -0.057641
v -1.623783 -0.000000 -0.056736
v -1.626567 -0.000000 -0.056186
v -1.629000 -0.000000 -0.056000
v -1.631645 -0.000000 -0.056128
v -1.634079 -0.000000 -0.056523
v -1.636297 -0.000000 -0.057203
v -1.638296 -0.000000 -0.058185
v -1.640073 -0.000000 -0.059487
v -1.641625 -0.000000 -0.061125
v -1.642947 -0.000000 -0.063117
v -1.644037 -0.000000 -0.065481
v -1.644890 -0.000000 -0.068234
v -1.645504 -0.000000 -0.071394
v -1.645875 -0.000000 -0.074976
v -1.646000 -0.000000 -0.079000
v -1.646000 -0.000000 -0.310000
v -1.647469 -0.000000 -0.334339
v -1.651755 -0.000000 -0.356380
v -1.658672 -0.000000 -0.376156
v -1.668037 -0.000000 -0.393704
v -1.679666 -0.000000 -0.409057
v -1.693375 -0.000000 -0.422250
v -1.708980 -0.000000 -0.433318
v -1.726297 -0.000000 -0.442296
v -1.745141 -0.000000 -0.449219
v -1.765329 -0.000000 -0.454120
v -1.786677 -0.000000 -0.457036
v -1.809000 -0.000000 -0.458000
v -1.824918 -0.000000 -0.457583
v -1.840176 -0.000000 -0.456329
v -1.854781 -0.000000 -0.454234
v -1.868741 -0.000000 -0.451296
v -1.882061 -0.000000 -0.447511
v -1.894750 -0.000000 -0.442875
v -1.906814 -0.000000 -0.437385
v -1.918259 -0.000000 -0.431037
v -1.929094 -0.000000 -0.423828
v -1.939324 -0.000000 -0.415755
v -1.948957 -0.000000 -0.406813
v -1.958000 -0.000000 -0.397000
v -1.958000 -0.000000 -0.300000
v -1.947109 -0.000000 -0.312170
v -1.935954 -0.000000 -0.323190
v -1.924563 -0.000000 -0.333078
v -1.912963 -0.000000 -0.341852
v -1.901183 -0.000000 -0.349528
v -1.889250 -0.000000 -0.356125
v -1.877192 -0.000000 -0.361659
v -1.865037 -0.000000 -0.366148
v -1.852813 -0.000000 -0.369609
v -1.840546 -0.000000 -0.372060
v -1.828266 -0.000000 -0.373518
v -1.816000 -0.000000 -0.374000
v -1.803063 -0.000000 -0.373515
v -1.791250 -0.000000 -0.372037
v -1.780563 -0.000000 -0.369531
v -1.771000 -0.000000 -0.365963
v -1.762563 -0.000000 -0.361297
v -1.755250 -0.000000 -0.355500
v -1.749063 -0.000000 -0.348536
v -1.744000 -0.000000 -0.340370
v -1.740063 -0.000000 -0.330969
v -1.737250 -0.000000 -0.320296
v -1.735563 -0.000000 -0.308318
v -1.735000 -0.000000 -0.295000
v -1.735000 -0.000000 -0.271000
v -1.814000 -0.000000 -0.243000
v -1.832135 -0.000000 -0.236444
v -1.850333 -0.000000 -0.229634
v -1.868281 -0.000000 -0.222359
v -1.885667 -0.000000 -0.214407
v -1.902177 -0.000000 -0.205567
v -1.917500 -0.000000 -0.195625
v -1.931323 -0.000000 -0.184371
v -1.943333 -0.000000 -0.171593
v -1.953219 -0.000000 -0.157078
v -1.960667 -0.000000 -0.140616
v -1.965365 -0.000000 -0.121994
v -1.967000 -0.000000 -0.101000
v -1.966096 -0.000000 -0.086652
v -1.963435 -0.000000 -0.072713
v -1.959094 -0.000000 -0.059344
v -1.953148 -0.000000 -0.046704
v -1.945675 -0.000000 -0.034953
v -1.936750 -0.000000 -0.024250
v -1.926450 -0.000000 -0.014756
v -1.914852 -0.000000 -0.006630
v -1.902031 -0.000000 -0.000031
v -1.888065 0.000000 0.004880
v -1.873029 0.000000 0.007943
v -1.857000 0.000000 0.009000
v -1.846751 0.000000 0.008687
v -1.836509 0.000000 0.007745
v -1.826281 0.000000 0.006172
v -1.816074 0.000000 0.003963
v -1.805895 0.000000 0.001115
v -1.795750 -0.000000 -0.002375
v -1.785647 -0.000000 -0.006511
v -1.775593 -0.000000 -0.011296
v -1.765594 -0.000000 -0.016734
v -1.755657 -0.000000 -0.022829
v -1.745791 -0.000000 -0.029583
v -1.736000 -0.000000 -0.037000
v -1.733726 -0.000000 -0.029373
v -1.730894 -0.000000 -0.022481
v -1.727484 -0.000000 -0.016312
v -1.723482 -0.000000 -0.010852
v -1.718868 -0.000000 -0.006086
v -1.713625 -0.000000 -0.002000
v -1.707737 0.000000 0.001419
v -1.701185 0.000000 0.004185
v -1.693953 0.000000 0.006313
v -1.686023 0.000000 0.007815
v -1.677378 0.000000 0.008706
v -1.668000 0.000000 0.009000
v -1.661209 0.000000 0.008827
v -1.654755 0.000000 0.008282
v -1.648516 0.000000 0.007328
v -1.642370 0.000000 0.005926
v -1.636197 0.000000 0.004038
v -1.629875 0.000000 0.001625
v -1.623282 -0.000000 -0.001350
v -1.616296 -0.000000 -0.004926
v -1.608797 -0.000000 -0.009141
v -1.600662 -0.000000 -0.014032
v -1.591770 -0.000000 -0.019639
v -1.582000 -0.000000 -0.026000
v -1.735000 -0.000000 -0.091000
v -1.741042 -0.000000 -0.085440
v -1.747167 -0.000000 -0.080273
v -1.753375 -0.000000 -0.075516
v -1.759667 -0.000000 -0.071185
v -1.766042 -0.000000 -0.067299
v -1.772500 -0.000000 -0.063875
v -1.779041 -0.000000 -0.060930
v -1.785666 -0.000000 -0.058481
v -1.792375 -0.000000 -0.056547
v -1.799166 -0.000000 -0.055144
v -1.806041 -0.000000 -0.054289
v -1.813000 -0.000000 -0.054000
v -1.822032 -0.000000 -0.054533
v -1.830588 -0.000000 -0.056097
v -1.838609 -0.000000 -0.058641
v -1.846037 -0.000000 -0.062111
v -1.852812 -0.000000 -0.066457
v -1.858875 -0.000000 -0.071625
v -1.864167 -0.000000 -0.077564
v -1.868630 -0.000000 -0.084222
v -1.872203 -0.000000 -0.091547
v -1.874829 -0.000000 -0.099486
v -1.876448 -0.000000 -0.107988
v -1.877000 -0.000000 -0.117000
v -1.875657 -0.000000 -0.129703
v -1.871759 -0.000000 -0.141375
v -1.865500 -0.000000 -0.152109
v -1.857074 -0.000000 -0.162000
v -1.846676 -0.000000 -0.171141
v -1.834500 -0.000000 -0.179625
v -1.820741 -0.000000 -0.187547
v -1.805593 -0.000000 -0.195000
v -1.789250 -0.000000 -0.202078
v -1.771907 -0.000000 -0.208875
v -1.753759 -0.000000 -0.215484
v -1.735000 -0.000000 -0.222000
v -2.060000 -0.000000 -0.336000
v -2.289000 -0.000000 -0.336000
v -2.289000 -0.000000 -0.248000
v -2.158000 -0.000000 -0.248000
v -2.158000 -0.000000 -0.108000
v -2.169773 -0.000000 -0.104318
v -2.181602 -0.000000 -0.100792
v -2.193500 -0.000000 -0.097453
v -2.205481 -0.000000 -0.094333
v -2.217560 -0.000000 -0.091464
v -2.229750 -0.000000 -0.088875
v -2.242065 -0.000000 -0.086599
v -2.254519 -0.000000 -0.084667
v -2.267125 -0.000000 -0.083109
v -2.279898 -0.000000 -0.081958
v -2.292852 -0.000000 -0.081245
v -2.306000 -0.000000 -0.081000
v -2.345462 -0.000000 -0.083193
v -2.382694 -0.000000 -0.089630
v -2.417469 -0.000000 -0.100094
v -2.449556 -0.000000 -0.114370
v -2.478726 -0.000000 -0.132244
v -2.504750 -0.000000 -0.153500
v -2.527399 -0.000000 -0.177922
v -2.546444 -0.000000 -0.205296
v -2.561656 -0.000000 -0.235406
v -2.572806 -0.000000 -0.268037
v -2.579663 -0.000000 -0.302973
v -2.582000 -0.000000 -0.340000
v -2.579652 -0.000000 -0.376226
v -2.572796 -0.000000 -0.410722
v -2.561719 -0.000000 -0.443219
v -2.546704 -0.000000 -0.473444
v -2.528036 -0.000000 -0.501129
v -2.506000 -0.000000 -0.526000
v -2.480880 -0.000000 -0.547788
v -2.452963 -0.000000 -0.566222
v -2.422531 -0.000000 -0.581031
v -2.389870 -0.000000 -0.591945
v -2.355265 -0.000000 -0.598691
v -2.319000 -0.000000 -0.601000
v -2.298481 -0.000000 -0.600522
v -2.277935 -0.000000 -0.599093
v -2.257375 -0.000000 -0.596719
v -2.236815 -0.000000 -0.593407
v -2.216269 -0.000000 -0.589166
v -2.195750 -0.000000 -0.584000
v -2.175273 -0.000000 -0.577918
v -2.154852 -0.000000 -0.570926
v -2.134500 -0.000000 -0.563031
v -2.114232 -0.000000 -0.554241
v -2.094060 -0.000000 -0.544561
v -2.074000 -0.000000 -0.534000
v -2.074000 -0.000000 -0.633000
v -2.099731 -0.000000 -0.643594
v -2.123597 -0.000000 -0.652921
v -2.145859 -0.000000 -0.661047
v -2.166778 -0.000000 -0.668037
v -2.186613 -0.000000 -0.673958
v -2.205625 -0.000000 -0.678875
v -2.224074 -0.000000 -0.682855
v -2.242222 -0.000000 -0.685963
v -2.260328 -0.000000 -0.688266
v -2.278652 -0.000000 -0.689829
v -2.297456 -0.000000 -0.690718
v -2.317000 -0.000000 -0.691000
v -2.367896 -0.000000 -0.687873
v -2.416333 -0.000000 -0.678736
v -2.461938 -0.000000 -0.663953
v -2.504333 -0.000000 -0.643889
v -2.543146 -0.000000 -0.618908
v -2.578000 -0.000000 -0.589375
v -2.608521 -0.000000 -0.555655
v -2.634334 -0.000000 -0.518111
v -2.655063 -0.000000 -0.477109
v -2.670334 -0.000000 -0.433014
v -2.679771 -0.000000 -0.386189
v -2.683000 -0.000000 -0.337000
v -2.679849 -0.000000 -0.288178
v -2.670625 -0.000000 -0.241926
v -2.655672 -0.000000 -0.198563
v -2.635334 -0.000000 -0.158407
v -2.609953 -0.000000 -0.121780
v -2.579875 -0.000000 -0.089000
v -2.545443 -0.000000 -0.060387
v -2.507000 -0.000000 -0.036259
v -2.464890 -0.000000 -0.016938
v -2.419458 -0.000000 -0.002741
v -2.371047 0.000000 0.006011
v -2.320000 0.000000 0.009000
v -2.296665 0.000000 0.008662
v -2.274074 0.000000 0.007630
v -2.252094 0.000000 0.005875
v -2.230593 0.000000 0.003370
v -2.209439 0.000000 0.000088
v -2.188500 -0.000000 -0.004000
v -2.167645 -0.000000 -0.008921
v -2.146741 -0.000000 -0.014704
v -2.125656 -0.000000 -0.021375
v -2.104259 -0.000000 -0.028963
v -2.082418 -0.000000 -0.037495
v -2.060000 -0.000000 -0.047000
v 2.598000 0.356930 -0.111000
v 2.589887 0.356930 -0.110450
v 2.582097 0.356930 -0.108847
v 2.574703 0.356930 -0.106266
v 2.567778 0.356930 -0.102778
v 2.561394 0.356930 -0.098457
v 2.555625 0.356930 -0.093375
v 2.550544 0.356930 -0.087606
v 2.546222 0.356930 -0.081222
v 2.542735 0.356930 -0.074297
v 2.540153 0.356930 -0.066903
v 2.538551 0.356930 -0.059113
v 2.538000 0.356930 -0.051000
v 2.538550 0.356930 -0.042887
v 2.540153 0.356930 -0.035097
v 2.542734 0.356930 -0.027703
v 2.546222 0.356930 -0.020778
v 2.550543 0.356930 -0.014394
v 2.555625 0.356930 -0.008625
v 2.561394 0.356930 -0.003543
v 2.567778 0.356930 0.000778
v 2.574703 0.356930 0.004266
v 2.582097 0.356930 0.006847
v 2.589887 0.356930 0.008450
v 2.598000 0.356930 0.009000
v 2.606113 0.356930 0.008450
v 2.613903 0.356930 0.006847
v 2.621297 0.356930 0.004266
v 2.628222 0.356930 0.000778
v 2.634606 0.356930 -0.003543
v 2.640375 0.356930 -0.008625
v 2.645457 0.356930 -0.014394
v 2.649778 0.356930 -0.020778
v 2.653265 0.356930 -0.027703
v 2.655847 0.356930 -0.035097
v 2.657449 0.356930 -0.042887
v 2.658000 0.356930 -0.051000
v 2.657450 0.356930 -0.059113
v 2.655848 0.356930 -0.066903
v 2.653266 0.356930 -0.074297
v 2.649778 0.356930 -0.081222
v 2.645457 0.356930 -0.087606
v 2.640375 0.356930 -0.093375
v 2.634606 0.356930 -0.098457
v 2.628223 0.356930 -0.102778
v 2.621297 0.356930 -0.106266
v 2.613903 0.356930 -0.108847
v 2.606113 0.356930 -0.110450
v 2.541000 0.356930 -0.543000
v 2.541042 0.356930 -0.532167
v 2.541167 0.356930 -0.521671
v 2.541375 0.356930 -0.511516
v 2.541667 0.356930 -0.501704
v 2.542042 0.356930 -0.492239
v 2.542500 0.356930 -0.483125
v 2.543042 0.356930 -0.474365
v 2.543667 0.356930 -0.465963
v 2.544375 0.356930 -0.457922
v 2.545166 0.356930 -0.450245
v 2.546041 0.356930 -0.442937
v 2.547000 0.356930 -0.436000
v 2.572000 0.356930 -0.264000
v 2.573504 0.356930 -0.253517
v 2.575032 0.356930 -0.244056
v 2.576609 0.356930 -0.235594
v 2.578259 0.356930 -0.228111
v 2.580006 0.356930 -0.221587
v 2.581875 0.356930 -0.216000
v 2.583889 0.356930 -0.211330
v 2.586074 0.356930 -0.207556
v 2.588453 0.356930 -0.204656
v 2.591051 0.356930 -0.202611
v 2.593891 0.356930 -0.201399
v 2.597000 0.356930 -0.201000
v 2.600108 0.356930 -0.201399
v 2.602949 0.356930 -0.202611
v 2.605547 0.356930 -0.204656
v 2.607926 0.356930 -0.207556
v 2.610111 0.356930 -0.211330
v 2.612125 0.356930 -0.216000
v 2.613994 0.356930 -0.221587
v 2.615741 0.356930 -0.228111
v 2.617391 0.356930 -0.235594
v 2.618968 0.356930 -0.244056
v 2.620496 0.356930 -0.253517
v 2.622000 0.356930 -0.264000
v 2.647000 0.356930 -0.436000
v 2.647958 0.356930 -0.442937
v 2.648833 0.356930 -0.450245
v 2.649625 0.356930 -0.457922
v 2.650333 0.356930 -0.465963
v 2.650958 0.356930 -0.474365
v 2.651500 0.356930 -0.483125
v 2.651958 0.356930 -0.492239
v 2.652333 0.356930 -0.501704
v 2.652625 0.356930 -0.511516
v 2.652833 0.356930 -0.521671
v 2.652958 0.356930 -0.532167
v 2.653000 0.356930 -0.543000
v 2.652624 0.356930 -0.566709
v 2.651491 0.356930 -0.588338
v 2.649594 0.356930 -0.607891
v 2.646926 0.356930 -0.625370
v 2.643480 0.356930 -0.640781
v 2.639250 0.356930 -0.654125
v 2.634228 0.356930 -0.665407
v 2.628407 0.356930 -0.674630
v 2.621781 0.356930 -0.681797
v 2.614342 0.356930 -0.686912
v 2.606084 0.356930 -0.689979
v 2.597000 0.356930 -0.691000
v 2.587916 0.356930 -0.689979
v 2.579658 0.356930 -0.686912
v 2.572219 0.356930 -0.681797
v 2.565593 0.356930 -0.674630
v 2.559772 0.356930 -0.665407
v 2.554750 0.356930 -0.654125
v 2.550520 0.356930 -0.640781
v 2.547074 0.356930 -0.625370
v 2.544406 0.356930 -0.607891
v 2.542509 0.356930 -0.588338
v 2.541376 0.356930 -0.566709
v 2.327000 0.356930 -0.111000
v 2.318887 0.356930 -0.110450
v 2.311097 0.356930 -0.108847
v 2.303703 0.356930 -0.106266
v 2.296778 0.356930 -0.102778
v 2.290394 0.356930 -0.098457
v 2.284625 0.356930 -0.093375
v 2.279544 0.356930 -0.087606
v 2.275223 0.356930 -0.081222
v 2.271735 0.356930 -0.074297
v 2.269153 0.356930 -0.066903
v 2.267551 0.356930 -0.059113
v 2.267000 0.356930 -0.051000
v 2.267550 0.356930 -0.042887
v 2.269153 0.356930 -0.035097
v 2.271734 0.356930 -0.027703
v 2.275222 0.356930 -0.020778
v 2.279543 0.356930 -0.014394
v 2.284625 0.356930 -0.008625
v 2.290394 0.356930 -0.003543
v 2.296778 0.356930 0.000778
v 2.303703 0.356930 0.004266
v 2.311097 0.356930 0.006847
v 2.318887 0.356930 0.008450
v 2.327000 0.356930 0.009000
v 2.335113 0.356930 0.008450
v 2.342903 0.356930 0.006847
v 2.350297 0.356930 0.004266
v 2.357222 0.356930 0.000778
v 2.363606 0.356930 -0.003543
v 2.369375 0.356930 -0.008625
v 2.374457 0.356930 -0.014394
v 2.378778 0.356930 -0.020778
v 2.382266 0.356930 -0.027703
v 2.384847 0.356930 -0.035097
v 2.386450 0.356930 -0.042887
v 2.387000 0.356930 -0.051000
v 2.386450 0.356930 -0.059113
v 2.384848 0.356930 -0.066903
v 2.382266 0.356930 -0.074297
v 2.378778 0.356930 -0.081222
v 2.374457 0.356930 -0.087606
v 2.369375 0.356930 -0.093375
v 2.363606 0.356930 -0.098457
v 2.357223 0.356930 -0.102778
v 2.350297 0.356930 -0.106266
v 2.342903 0.356930 -0.108847
v 2.335114 0.356930 -0.110450
v 2.270000 0.356930 -0.543000
v 2.270042 0.356930 -0.532167
v 2.270167 0.356930 -0.521671
v 2.270375 0.356930 -0.511516
v 2.270667 0.356930 -0.501704
v 2.271042 0.356930 -0.492239
v 2.271500 0.356930 -0.483125
v 2.272042 0.356930 -0.474365
v 2.272667 0.356930 -0.465963
v 2.273375 0.356930 -0.457922
v 2.274167 0.356930 -0.450245
v 2.275042 0.356930 -0.442937
v 2.276000 0.356930 -0.436000
v 2.301000 0.356930 -0.264000
v 2.302504 0.356930 -0.253517
v 2.304032 0.356930 -0.244056
v 2.305609 0.356930 -0.235594
v 2.307259 0.356930 -0.228111
v 2.309006 0.356930 -0.221587
v 2.310875 0.356930 -0.216000
v 2.312889 0.356930 -0.211330
v 2.315074 0.356930 -0.207556
v 2.317453 0.356930 -0.204656
v 2.320051 0.356930 -0.202611
v 2.322891 0.356930 -0.201399
v 2.326000 0.356930 -0.201000
v 2.329108 0.356930 -0.201399
v 2.331949 0.356930 -0.202611
v 2.334547 0.356930 -0.204656
v 2.336926 0.356930 -0.207556
v 2.339111 0.356930 -0.211330
v 2.341125 0.356930 -0.216000
v 2.342994 0.356930 -0.221587
v 2.344741 0.356930 -0.228111
v 2.346391 0.356930 -0.235594
v 2.347968 0.356930 -0.244056
v 2.349496 0.356930 -0.253517
v 2.351000 0.356930 -0.264000
v 2.376000 0.356930 -0.436000
v 2.376958 0.356930 -0.442937
v 2.377833 0.356930 -0.450245
v 2.378625 0.356930 -0.457922
v 2.379333 0.356930 -0.465963
v 2.379958 0.356930 -0.474365
v 2.380500 0.356930 -0.483125
v 2.380958 0.356930 -0.492239
v 2.381333 0.356930 -0.501704
v 2.381625 0.356930 -0.511516
v 2.381833 0.356930 -0.521671
v 2.381958 0.356930 -0.532167
v 2.382000 0.356930 -0.543000
v 2.381624 0.356930 -0.566709
v 2.380491 0.356930 -0.588338
v 2.378594 0.356930 -0.607891
v 2.375926 0.356930 -0.625370
v 2.372480 0.356930 -0.640781
v 2.368250 0.356930 -0.654125
v 2.363228 0.356930 -0.665407
v 2.357407 0.356930 -0.674630
v 2.350781 0.356930 -0.681797
v 2.343343 0.356930 -0.686912
v 2.335084 0.356930 -0.689979
v 2.326000 0.356930 -0.691000
v 2.316916 0.356930 -0.689979
v 2.308658 0.356930 -0.686912
v 2.301219 0.356930 -0.681797
v 2.294593 0.356930 -0.674630
v 2.288772 0.356930 -0.665407
v 2.283750 0.356930 -0.654125
v 2.279520 0.356930 -0.640781
v 2.276074 0.356930 -0.625370
v 2.273407 0.356930 -0.607891
v 2.271509 0.356930 -0.588338
v 2.270376 0.356930 -0.566709
v 1.864000 0.356930 -0.449000
v 1.864000 0.356930 -0.000000
v 1.953000 0.356930 -0.000000
v 1.953000 0.356930 -0.235000
v 1.953980 0.356930 -0.253891
v 1.956838 0.356930 -0.271958
v 1.961454 0.356930 -0.289047
v 1.967704 0.356930 -0.305000
v 1.975469 0.356930 -0.319661
v 1.984625 0.356930 -0.332875
v 1.995053 0.356930 -0.344484
v 2.006630 0.356930 -0.354333
v 2.019235 0.356930 -0.362266
v 2.032746 0.356930 -0.368125
v 2.047042 0.356930 -0.371755
v 2.062000 0.356930 -0.373000
v 2.067529 0.356930 -0.372631
v 2.073565 0.356930 -0.371546
v 2.080031 0.356930 -0.369781
v 2.086852 0.356930 -0.367370
v 2.093951 0.356930 -0.364348
v 2.101250 0.356930 -0.360750
v 2.108675 0.356930 -0.356610
v 2.116148 0.356930 -0.351963
v 2.123594 0.356930 -0.346844
v 2.130935 0.356930 -0.341287
v 2.138096 0.356930 -0.335328
v 2.145000 0.356930 -0.329000
v 2.192000 0.356930 -0.406000
v 2.182810 0.356930 -0.414376
v 2.173727 0.356930 -0.422005
v 2.164735 0.356930 -0.428891
v 2.155815 0.356930 -0.435037
v 2.146951 0.356930 -0.440447
v 2.138126 0.356930 -0.445125
v 2.129321 0.356930 -0.449074
v 2.120519 0.356930 -0.452296
v 2.111704 0.356930 -0.454797
v 2.102857 0.356930 -0.456579
v 2.093962 0.356930 -0.457645
v 2.085000 0.356930 -0.458000
v 2.074479 0.356930 -0.457305
v 2.063912 0.356930 -0.455190
v 2.053297 0.356930 -0.451609
v 2.042630 0.356930 -0.446519
v 2.031907 0.356930 -0.439872
v 2.021125 0.356930 -0.431625
v 2.010281 0.356930 -0.421732
v 1.999371 0.356930 -0.410148
v 1.988391 0.356930 -0.396828
v 1.977338 0.356930 -0.381727
v 1.966209 0.356930 -0.364799
v 1.955000 0.356930 -0.346000
v 1.953000 0.356930 -0.346000
v 1.953000 0.356930 -0.449000
v 1.779000 0.356930 -0.080000
v 1.774046 0.356930 -0.076377
v 1.769199 0.356930 -0.073014
v 1.764485 0.356930 -0.069922
v 1.759926 0.356930 -0.067111
v 1.755548 0.356930 -0.064592
v 1.751375 0.356930 -0.062375
v 1.747431 0.356930 -0.060470
v 1.743741 0.356930 -0.058889
v 1.740328 0.356930 -0.057641
v 1.737218 0.356930 -0.056736
v 1.734434 0.356930 -0.056186
v 1.732000 0.356930 -0.056000
v 1.729355 0.356930 -0.056128
v 1.726922 0.356930 -0.056523
v 1.724704 0.356930 -0.057203
v 1.722704 0.356930 -0.058185
v 1.720927 0.356930 -0.059487
v 1.719375 0.356930 -0.061125
v 1.718053 0.356930 -0.063117
v 1.716963 0.356930 -0.065481
v 1.716110 0.356930 -0.068234
v 1.715496 0.356930 -0.071394
v 1.715125 0.356930 -0.074976
v 1.715000 0.356930 -0.079000
v 1.715000 0.356930 -0.310000
v 1.713531 0.356930 -0.334339
v 1.709246 0.356930 -0.356380
v 1.702328 0.356930 -0.376156
v 1.692963 0.356930 -0.393704
v 1.681334 0.356930 -0.409057
v 1.667625 0.356930 -0.422250
v 1.652020 0.356930 -0.433318
v 1.634704 0.356930 -0.442296
v 1.615859 0.356930 -0.449219
v 1.595671 0.356930 -0.454120
v 1.574324 0.356930 -0.457036
v 1.552000 0.356930 -0.458000
v 1.536083 0.356930 -0.457583
v 1.520824 0.356930 -0.456329
v 1.506219 0.356930 -0.454234
v 1.492260 0.356930 -0.451296
v 1.478939 0.356930 -0.447511
v 1.466250 0.356930 -0.442875
v 1.454187 0.356930 -0.437385
v 1.442741 0.356930 -0.431037
v 1.431907 0.356930 -0.423828
v 1.421676 0.356930 -0.415755
v 1.412043 0.356930 -0.406813
v 1.403000 0.356930 -0.397000
v 1.403000 0.356930 -0.300000
v 1.413891 0.356930 -0.312170
v 1.425047 0.356930 -0.323190
v 1.436438 0.356930 -0.333078
v 1.448037 0.356930 -0.341852
v 1.459817 0.356930 -0.349528
v 1.471750 0.356930 -0.356125
v 1.483808 0.356930 -0.361659
v 1.495963 0.356930 -0.366148
v 1.508188 0.356930 -0.369609
v 1.520454 0.356930 -0.372060
v 1.532734 0.356930 -0.373518
v 1.545000 0.356930 -0.374000
v 1.557938 0.356930 -0.373515
v 1.569750 0.356930 -0.372037
v 1.580438 0.356930 -0.369531
v 1.590000 0.356930 -0.365963
v 1.598438 0.356930 -0.361297
v 1.605750 0.356930 -0.355500
v 1.611938 0.356930 -0.348536
v 1.617000 0.356930 -0.340370
v 1.620938 0.356930 -0.330969
v 1.623750 0.356930 -0.320296
v 1.625438 0.356930 -0.308318
v 1.626000 0.356930 -0.295000
v 1.626000 0.356930 -0.271000
v 1.547000 0.356930 -0.243000
v 1.528865 0.356930 -0.236444
v 1.510667 0.356930 -0.229634
v 1.492719 0.356930 -0.222359
v 1.475334 0.356930 -0.214407
v 1.458823 0.356930 -0.205567
v 1.443500 0.356930 -0.195625
v 1.429677 0.356930 -0.184371
v 1.417667 0.356930 -0.171593
v 1.407782 0.356930 -0.157078
v 1.400334 0.356930 -0.140616
v 1.395636 0.356930 -0.121994
v 1.394000 0.356930 -0.101000
v 1.394904 0.356930 -0.086652
v 1.397565 0.356930 -0.072713
v 1.401907 0.356930 -0.059344
v 1.407852 0.356930 -0.046704
v 1.415326 0.356930 -0.034953
v 1.424250 0.356930 -0.024250
v 1.434550 0.356930 -0.014756
v 1.446148 0.356930 -0.006630
v 1.458969 0.356930 -0.000031
v 1.472935 0.356930 0.004880
v 1.487971 0.356930 0.007943
v 1.504000 0.356930 0.009000
v 1.514249 0.356930 0.008687
v 1.524491 0.356930 0.007745
v 1.534719 0.356930 0.006172
v 1.544926 0.356930 0.003963
v 1.555106 0.356930 0.001115
v 1.565250 0.356930 -0.002375
v 1.575353 0.356930 -0.006511
v 1.585408 0.356930 -0.011296
v 1.595407 0.356930 -0.016734
v 1.605343 0.356930 -0.022829
v 1.615210 0.356930 -0.029583
v 1.625000 0.356930 -0.037000
v 1.627274 0.356930 -0.029373
v 1.630107 0.356930 -0.022481
v 1.633516 0.356930 -0.016312
v 1.637519 0.356930 -0.010852
v 1.642133 0.356930 -0.006086
v 1.647375 0.356930 -0.002000
v 1.653264 0.356930 0.001419
v 1.659815 0.356930 0.004185
v 1.667047 0.356930 0.006313
v 1.674977 0.356930 0.007815
v 1.683622 0.356930 0.008706
v 1.693000 0.356930 0.009000
v 1.699791 0.356930 0.008827
v 1.706246 0.356930 0.008282
v 1.712485 0.356930 0.007328
v 1.718630 0.356930 0.005926
v 1.724803 0.356930 0.004038
v 1.731125 0.356930 0.001625
v 1.737718 0.356930 -0.001350
v 1.744704 0.356930 -0.004926
v 1.752203 0.356930 -0.009141
v 1.760338 0.356930 -0.014032
v 1.769230 0.356930 -0.019639
v 1.779000 0.356930 -0.026000
v 1.626000 0.356930 -0.091000
v 1.619959 0.356930 -0.085440
v 1.613834 0.356930 -0.080273
v 1.607625 0.356930 -0.075516
v 1.601334 0.356930 -0.071185
v 1.594959 0.356930 -0.067299
v 1.588500 0.356930 -0.063875
v 1.581959 0.356930 -0.060930
v 1.575334 0.356930 -0.058481
v 1.568626 0.356930 -0.056547
v 1.561834 0.356930 -0.055144
v 1.554959 0.356930 -0.054289
v 1.548000 0.356930 -0.054000
v 1.538968 0.356930 -0.054533
v 1.530412 0.356930 -0.056097
v 1.522391 0.356930 -0.058641
v 1.514963 0.356930 -0.062111
v 1.508188 0.356930 -0.066457
v 1.502125 0.356930 -0.071625
v 1.496833 0.356930 -0.077564
v 1.492370 0.356930 -0.084222
v 1.488797 0.356930 -0.091547
v 1.486171 0.356930 -0.099486
v 1.484553 0.356930 -0.107988
v 1.484000 0.356930 -0.117000
v 1.485343 0.356930 -0.129703
v 1.489241 0.356930 -0.141375
v 1.495500 0.356930 -0.152109
v 1.503926 0.356930 -0.162000
v 1.514324 0.356930 -0.171141
v 1.526500 0.356930 -0.179625
v 1.540259 0.356930 -0.187547
v 1.555408 0.356930 -0.195000
v 1.571750 0.356930 -0.202078
v 1.589093 0.356930 -0.208875
v 1.607241 0.356930 -0.215484
v 1.626000 0.356930 -0.222000
v 1.327000 0.356930 -0.130000
v 1.314019 0.356930 -0.121795
v 1.301065 0.356930 -0.114194
v 1.288125 0.356930 -0.107219
v 1.275185 0.356930 -0.100889
v 1.262232 0.356930 -0.095226
v 1.249250 0.356930 -0.090250
v 1.236227 0.356930 -0.085983
v 1.223148 0.356930 -0.082444
v 1.210000 0.356930 -0.079656
v 1.196769 0.356930 -0.077639
v 1.183440 0.356930 -0.076413
v 1.170000 0.356930 -0.076000
v 1.149230 0.356930 -0.076957
v 1.129926 0.356930 -0.079819
v 1.112094 0.356930 -0.084578
v 1.095741 0.356930 -0.091222
v 1.080874 0.356930 -0.099741
v 1.067500 0.356930 -0.110125
v 1.055626 0.356930 -0.122363
v 1.045259 0.356930 -0.136444
v 1.036406 0.356930 -0.152359
v 1.029074 0.356930 -0.170097
v 1.023270 0.356930 -0.189648
v 1.019000 0.356930 -0.211000
v 1.335000 0.356930 -0.211000
v 1.333436 0.356930 -0.250731
v 1.328820 0.356930 -0.286935
v 1.321266 0.356930 -0.319625
v 1.310889 0.356930 -0.348815
v 1.297804 0.356930 -0.374519
v 1.282125 0.356930 -0.396750
v 1.263967 0.356930 -0.415523
v 1.243445 0.356930 -0.430852
v 1.220672 0.356930 -0.442750
v 1.195764 0.356930 -0.451232
v 1.168836 0.356930 -0.456310
v 1.140000 0.356930 -0.458000
v 1.109820 0.356930 -0.456111
v 1.081389 0.356930 -0.450556
v 1.054875 0.356930 -0.441500
v 1.030445 0.356930 -0.429111
v 1.008264 0.356930 -0.413556
v 0.988500 0.356930 -0.395000
v 0.971320 0.356930 -0.373611
v 0.956889 0.356930 -0.349556
v 0.945375 0.356930 -0.323000
v 0.936945 0.356930 -0.294111
v 0.931764 0.356930 -0.263056
v 0.930000 0.356930 -0.230000
v 0.931616 0.356930 -0.199249
v 0.936426 0.356930 -0.169241
v 0.944375 0.356930 -0.140344
v 0.955408 0.356930 -0.112926
v 0.969468 0.356930 -0.087355
v 0.986500 0.356930 -0.064000
v 1.006449 0.356930 -0.043228
v 1.029259 0.356930 -0.025407
v 1.054875 0.356930 -0.010906
v 1.083241 0.356930 -0.000093
v 1.114301 0.356930 0.006665
v 1.148000 0.356930 0.009000
v 1.166456 0.356930 0.008645
v 1.183898 0.356930 0.007574
v 1.200438 0.356930 0.005781
v 1.216185 0.356930 0.003259
v 1.231252 0.356930 0.000001
v 1.245750 0.356930 -0.004000
v 1.259789 0.356930 -0.008751
v 1.273482 0.356930 -0.014259
v 1.286938 0.356930 -0.020531
v 1.300269 0.356930 -0.027574
v 1.313586 0.356930 -0.035395
v 1.327000 0.356930 -0.044000
v 1.021000 0.356930 -0.270000
v 1.024603 0.356930 -0.287099
v 1.029408 0.356930 -0.302875
v 1.035406 0.356930 -0.317297
v 1.042593 0.356930 -0.330333
v 1.050960 0.356930 -0.341953
v 1.060500 0.356930 -0.352125
v 1.071207 0.356930 -0.360818
v 1.083074 0.356930 -0.368000
v 1.096094 0.356930 -0.373641
v 1.110259 0.356930 -0.377708
v 1.125564 0.356930 -0.380172
v 1.142000 0.356930 -0.381000
v 1.157243 0.356930 -0.380115
v 1.171445 0.356930 -0.377500
v 1.184563 0.356930 -0.373219
v 1.196556 0.356930 -0.367333
v 1.207382 0.356930 -0.359906
v 1.217000 0.356930 -0.351000
v 1.225368 0.356930 -0.340677
v 1.232445 0.356930 -0.329000
v 1.238188 0.356930 -0.316031
v 1.242556 0.356930 -0.301833
v 1.245507 0.356930 -0.286469
v 1.247000 0.356930 -0.270000
v 0.824000 0.356930 -0.682000
v 0.735000 0.356930 -0.682000
v 0.735000 0.356930 -0.000000
v 0.824000 0.356930 -0.000000
v 0.618000 0.356930 -0.635000
v 0.595196 0.356930 -0.644295
v 0.573236 0.356930 -0.652690
v 0.552047 0.356930 -0.660203
v 0.531556 0.356930 -0.666852
v 0.511689 0.356930 -0.672653
v 0.492375 0.356930 -0.677625
v 0.473540 0.356930 -0.681784
v 0.455111 0.356930 -0.685148
v 0.437016 0.356930 -0.687734
v 0.419181 0.356930 -0.689560
v 0.401533 0.356930 -0.690643
v 0.384000 0.356930 -0.691000
v 0.331056 0.356930 -0.687889
v 0.280949 0.356930 -0.678778
v 0.234016 0.356930 -0.664000
v 0.190593 0.356930 -0.643889
v 0.151017 0.356930 -0.618778
v 0.115625 0.356930 -0.589000
v 0.084754 0.356930 -0.554889
v 0.058741 0.356930 -0.516778
v 0.037922 0.356930 -0.475000
v 0.022634 0.356930 -0.429889
v 0.013215 0.356930 -0.381778
v 0.010000 0.356930 -0.331000
v 0.012352 0.356930 -0.294270
v 0.019482 0.356930 -0.256162
v 0.031500 0.356930 -0.217547
v 0.048519 0.356930 -0.179296
v 0.070648 0.356930 -0.142282
v 0.098000 0.356930 -0.107375
v 0.130685 0.356930 -0.075447
v 0.168815 0.356930 -0.047370
v 0.212500 0.356930 -0.024016
v 0.261852 0.356930 -0.006255
v 0.316982 0.356930 0.005041
v 0.378000 0.356930 0.009000
v 0.404058 0.356930 0.008488
v 0.428796 0.356930 0.006986
v 0.452313 0.356930 0.004547
v 0.474704 0.356930 0.001222
v 0.496067 0.356930 -0.002936
v 0.516500 0.356930 -0.007875
v 0.536100 0.356930 -0.013543
v 0.554963 0.356930 -0.019889
v 0.573188 0.356930 -0.026859
v 0.590871 0.356930 -0.034403
v 0.608109 0.356930 -0.042467
v 0.625000 0.356930 -0.051000
v 0.625000 0.356930 -0.158000
v 0.605612 0.356930 -0.145981
v 0.585982 0.356930 -0.134935
v 0.566156 0.356930 -0.124875
v 0.546185 0.356930 -0.115815
v 0.526117 0.356930 -0.107769
v 0.506000 0.356930 -0.100750
v 0.485883 0.356930 -0.094773
v 0.465815 0.356930 -0.089852
v 0.445844 0.356930 -0.086000
v 0.426019 0.356930 -0.083232
v 0.406388 0.356930 -0.081560
v 0.387000 0.356930 -0.081000
v 0.347118 0.356930 -0.083174
v 0.309611 0.356930 -0.089560
v 0.274688 0.356930 -0.099953
v 0.242556 0.356930 -0.114148
v 0.213424 0.356930 -0.131940
v 0.187500 0.356930 -0.153125
v 0.164993 0.356930 -0.177497
v 0.146111 0.356930 -0.204852
v 0.131063 0.356930 -0.234984
v 0.120056 0.356930 -0.267690
v 0.113299 0.356930 -0.302763
v 0.111000 0.356930 -0.340000
v 0.113373 0.356930 -0.376646
v 0.120315 0.356930 -0.411417
v 0.131563 0.356930 -0.444063
v 0.146852 0.356930 -0.474333
v 0.165919 0.356930 -0.501979
v 0.188500 0.356930 -0.526750
v 0.214331 0.356930 -0.548396
v 0.243148 0.356930 -0.566667
v 0.274688 0.356930 -0.581313
v 0.308685 0.356930 -0.592083
v 0.344877 0.356930 -0.598729
v 0.383000 0.356930 -0.601000
v 0.402615 0.356930 -0.600539
v 0.422005 0.356930 -0.599144
v 0.441234 0.356930 -0.596797
v 0.460370 0.356930 -0.593482
v 0.479479 0.356930 -0.589180
v 0.498625 0.356930 -0.583875
v 0.517876 0.356930 -0.577549
v 0.537296 0.356930 -0.570185
v 0.556953 0.356930 -0.561766
v 0.576912 0.356930 -0.552273
v 0.597239 0.356930 -0.541691
v 0.618000 0.356930 -0.530000
v -0.357000 0.356930 -0.130000
v -0.369981 0.356930 -0.121795
v -0.382935 0.356930 -0.114194
v -0.395875 0.356930 -0.107219
v -0.408815 0.356930 -0.100889
v -0.421768 0.356930 -0.095226
v -0.434750 0.356930 -0.090250
v -0.447773 0.356930 -0.085983
v -0.460852 0.356930 -0.082444
v -0.474000 0.356930 -0.079656
v -0.487231 0.356930 -0.077639
v -0.500560 0.356930 -0.076413
v -0.514000 0.356930 -0.076000
v -0.534770 0.356930 -0.076957
v -0.554074 0.356930 -0.079819
v -0.571906 0.356930 -0.084578
v -0.588259 0.356930 -0.091222
v -0.603126 0.356930 -0.099741
v -0.616500 0.356930 -0.110125
v -0.628374 0.356930 -0.122363
v -0.638741 0.356930 -0.136444
v -0.647594 0.356930 -0.152359
v -0.654926 0.356930 -0.170097
v -0.660730 0.356930 -0.189648
v -0.665000 0.356930 -0.211000
v -0.349000 0.356930 -0.211000
v -0.350564 0.356930 -0.250731
v -0.355181 0.356930 -0.286935
v -0.362734 0.356930 -0.319625
v -0.373111 0.356930 -0.348815
v -0.386196 0.356930 -0.374519
v -0.401875 0.356930 -0.396750
v -0.420033 0.356930 -0.415523
v -0.440556 0.356930 -0.430852
v -0.463328 0.356930 -0.442750
v -0.488236 0.356930 -0.451232
v -0.515165 0.356930 -0.456310
v -0.544000 0.356930 -0.458000
v -0.574180 0.356930 -0.456111
v -0.602611 0.356930 -0.450556
v -0.629125 0.356930 -0.441500
v -0.653556 0.356930 -0.429111
v -0.675736 0.356930 -0.413556
v -0.695500 0.356930 -0.395000
v -0.712681 0.356930 -0.373611
v -0.727111 0.356930 -0.349556
v -0.738625 0.356930 -0.323000
v -0.747056 0.356930 -0.294111
v -0.752236 0.356930 -0.263056
v -0.754000 0.356930 -0.230000
v -0.752384 0.356930 -0.199249
v -0.747574 0.356930 -0.169241
v -0.739625 0.356930 -0.140344
v -0.728593 0.356930 -0.112926
v -0.714532 0.356930 -0.087355
v -0.697500 0.356930 -0.064000
v -0.677551 0.356930 -0.043228
v -0.654741 0.356930 -0.025407
v -0.629125 0.356930 -0.010906
v -0.600759 0.356930 -0.000093
v -0.569699 0.356930 0.006665
v -0.536000 0.356930 0.009000
v -0.517544 0.356930 0.008645
v -0.500102 0.356930 0.007574
v -0.483562 0.356930 0.005781
v -0.467815 0.356930 0.003259
v -0.452748 0.356930 0.000001
v -0.438250 0.356930 -0.004000
v -0.424211 0.356930 -0.008751
v -0.410518 0.356930 -0.014259
v -0.397062 0.356930 -0.020531
v -0.383731 0.356930 -0.027574
v -0.370414 0.356930 -0.035395
v -0.357000 0.356930 -0.044000
v -0.663000 0.356930 -0.270000
v -0.659397 0.356930 -0.287099
v -0.654593 0.356930 -0.302875
v -0.648594 0.356930 -0.317297
v -0.641407 0.356930 -0.330333
v -0.633040 0.356930 -0.341953
v -0.623500 0.356930 -0.352125
v -0.612793 0.356930 -0.360818
v -0.600926 0.356930 -0.368000
v -0.587906 0.356930 -0.373641
v -0.573741 0.356930 -0.377708
v -0.558436 0.356930 -0.380172
v -0.542000 0.356930 -0.381000
v -0.526757 0.356930 -0.380115
v -0.512555 0.356930 -0.377500
v -0.499437 0.356930 -0.373219
v -0.487444 0.356930 -0.367333
v -0.476618 0.356930 -0.359906
v -0.467000 0.356930 -0.351000
v -0.458632 0.356930 -0.340677
v -0.451556 0.356930 -0.329000
v -0.445812 0.356930 -0.316031
v -0.441444 0.356930 -0.301833
v -0.438493 0.356930 -0.286469
v -0.437000 0.356930 -0.270000
v -1.507000 0.356930 -0.449000
v -1.507000 0.356930 -0.000000
v -1.418000 0.356930 -0.000000
v -1.418000 0.356930 -0.326000
v -1.408883 0.356930 -0.336155
v -1.399981 0.356930 -0.345153
v -1.391219 0.356930 -0.353047
v -1.382519 0.356930 -0.359889
v -1.373804 0.356930 -0.365731
v -1.365000 0.356930 -0.370625
v -1.356029 0.356930 -0.374623
v -1.346815 0.356930 -0.377778
v -1.337281 0.356930 -0.380141
v -1.327352 0.356930 -0.381764
v -1.316950 0.356930 -0.382700
v -1.306000 0.356930 -0.383000
v -1.295163 0.356930 -0.382348
v -1.284722 0.356930 -0.380366
v -1.274781 0.356930 -0.377016
v -1.265444 0.356930 -0.372259
v -1.256816 0.356930 -0.366058
v -1.249000 0.356930 -0.358375
v -1.242101 0.356930 -0.349171
v -1.236222 0.356930 -0.338407
v -1.231469 0.356930 -0.326047
v -1.227944 0.356930 -0.312051
v -1.225753 0.356930 -0.296381
v -1.225000 0.356930 -0.279000
v -1.225000 0.356930 -0.000000
v -1.136000 0.356930 -0.000000
v -1.136000 0.356930 -0.326000
v -1.127864 0.356930 -0.334073
v -1.119495 0.356930 -0.341750
v -1.110953 0.356930 -0.348969
v -1.102296 0.356930 -0.355667
v -1.093584 0.356930 -0.361781
v -1.084875 0.356930 -0.367250
v -1.076228 0.356930 -0.372010
v -1.067704 0.356930 -0.376000
v -1.059359 0.356930 -0.379156
v -1.051255 0.356930 -0.381417
v -1.043449 0.356930 -0.382719
v -1.036000 0.356930 -0.383000
v -1.023457 0.356930 -0.382233
v -1.011403 0.356930 -0.379944
v -0.999953 0.356930 -0.376156
v -0.989222 0.356930 -0.370889
v -0.979325 0.356930 -0.364163
v -0.970375 0.356930 -0.356000
v -0.962488 0.356930 -0.346420
v -0.955778 0.356930 -0.335444
v -0.950359 0.356930 -0.323094
v -0.946347 0.356930 -0.309389
v -0.943856 0.356930 -0.294351
v -0.943000 0.356930 -0.278000
v -0.943000 0.356930 -0.000000
v -0.854000 0.356930 -0.000000
v -0.854000 0.356930 -0.282000
v -0.855194 0.356930 -0.307730
v -0.858718 0.356930 -0.331843
v -0.864484 0.356930 -0.354219
v -0.872407 0.356930 -0.374741
v -0.882400 0.356930 -0.393291
v -0.894375 0.356930 -0.409750
v -0.908246 0.356930 -0.424001
v -0.923926 0.356930 -0.435926
v -0.941328 0.356930 -0.445406
v -0.960366 0.356930 -0.452324
v -0.980952 0.356930 -0.456561
v -1.003000 0.356930 -0.458000
v -1.018651 0.356930 -0.457247
v -1.033625 0.356930 -0.455056
v -1.047953 0.356930 -0.451531
v -1.061667 0.356930 -0.446778
v -1.074797 0.356930 -0.440899
v -1.087375 0.356930 -0.434000
v -1.099432 0.356930 -0.426184
v -1.111000 0.356930 -0.417556
v -1.122109 0.356930 -0.408219
v -1.132792 0.356930 -0.398278
v -1.143078 0.356930 -0.387837
v -1.153000 0.356930 -0.377000
v -1.160850 0.356930 -0.389727
v -1.169384 0.356930 -0.401403
v -1.178578 0.356930 -0.412016
v -1.188407 0.356930 -0.421556
v -1.198848 0.356930 -0.430012
v -1.209875 0.356930 -0.437375
v -1.221465 0.356930 -0.443634
v -1.233593 0.356930 -0.448778
v -1.246234 0.356930 -0.452797
v -1.259366 0.356930 -0.455681
v -1.272962 0.356930 -0.457418
v -1.287000 0.356930 -0.458000
v -1.297522 0.356930 -0.457541
v -1.308093 0.356930 -0.456157
v -1.318719 0.356930 -0.453844
v -1.329407 0.356930 -0.450593
v -1.340166 0.356930 -0.446397
v -1.351000 0.356930 -0.441250
v -1.361918 0.356930 -0.435145
v -1.372926 0.356930 -0.428074
v -1.384031 0.356930 -0.420031
v -1.395241 0.356930 -0.411009
v -1.406561 0.356930 -0.401001
v -1.418000 0.356930 -0.390000
v -1.418000 0.356930 -0.449000
v -1.582000 0.356930 -0.080000
v -1.586954 0.356930 -0.076377
v -1.591801 0.356930 -0.073014
v -1.596516 0.356930 -0.069922
v -1.601074 0.356930 -0.067111
v -1.605452 0.356930 -0.064592
v -1.609625 0.356930 -0.062375
v -1.613569 0.356930 -0.060470
v -1.617259 0.356930 -0.058889
v -1.620672 0.356930 -0.057641
v -1.623783 0.356930 -0.056736
v -1.626567 0.356930 -0.056186
v -1.629000 0.356930 -0.056000
v -1.631645 0.356930 -0.056128
v -1.634079 0.356930 -0.056523
v -1.636297 0.356930 -0.057203
v -1.638296 0.356930 -0.058185
v -1.640073 0.356930 -0.059487
v -1.641625 0.356930 -0.061125
v -1.642947 0.356930 -0.063117
v -1.644037 0.356930 -0.065481
v -1.644890 0.356930 -0.068234
v -1.645504 0.356930 -0.071394
v -1.645875 0.356930 -0.074976
v -1.646000 0.356930 -0.079000
v -1.646000 0.356930 -0.310000
v -1.647469 0.356930 -0.334339
v -1.651755 0.356930 -0.356380
v -1.658672 0.356930 -0.376156
v -1.668037 0.356930 -0.393704
v -1.679666 0.356930 -0.409057
v -1.693375 0.356930 -0.422250
v -1.708980 0.356930 -0.433318
v -1.726297 0.356930 -0.442296
v -1.745141 0.356930 -0.449219
v -1.765329 0.356930 -0.454120
v -1.786677 0.356930 -0.457036
v -1.809000 0.356930 -0.458000
v -1.824918 0.356930 -0.457583
v -1.840176 0.356930 -0.456329
v -1.854781 0.356930 -0.454234
v -1.868741 0.356930 -0.451296
v -1.882061 0.356930 -0.447511
v -1.894750 0.356930 -0.442875
v -1.906814 0.356930 -0.437385
v -1.918259 0.356930 -0.431037
v -1.929094 0.356930 -0.423828
v -1.939324 0.356930 -0.415755
v -1.948957 0.356930 -0.406813
v -1.958000 0.356930 -0.397000
v -1.958000 0.356930 -0.300000
v -1.947109 0.356930 -0.312170
v -1.935954 0.356930 -0.323190
v -1.924563 0.356930 -0.333078
v -1.912963 0.356930 -0.341852
v -1.901183 0.356930 -0.349528
v -1.889250 0.356930 -0.356125
v -1.877192 0.356930 -0.361659
v -1.865037 0.356930 -0.366148
v -1.852813 0.356930 -0.369609
v -1.840546 0.356930 -0.372060
v -1.828266 0.356930 -0.373518
v -1.816000 0.356930 -0.374000
v -1.803063 0.356930 -0.373515
v -1.791250 0.356930 -0.372037
v -1.780563 0.356930 -0.369531
v -1.771000 0.356930 -0.365963
v -1.762563 0.356930 -0.361297
v -1.755250 0.356930 -0.355500
v -1.749063 0.356930 -0.348536
v -1.744000 0.356930 -0.340370
v -1.740063 0.356930 -0.330969
v -1.737250 0.356930 -0.320296
v -1.735563 0.356930 -0.308318
v -1.735000 0.356930 -0.295000
v -1.735000 0.356930 -0.271000
v -1.814000 0.356930 -0.243000
v -1.832135 0.356930 -0.236444
v -1.850333 0.356930 -0.229634
v -1.868281 0.356930 -0.222359
v -1.885667 0.356930 -0.214407
v -1.902177 0.356930 -0.205567
v -1.917500 0.356930 -0.195625
v -1.931323 0.356930 -0.184371
v -1.943333 0.356930 -0.171593
v -1.953219 0.356930 -0.157078
v -1.960667 0.356930 -0.140616
v -1.965365 0.356930 -0.121994
v -1.967000 0.356930 -0.101000
v -1.966096 0.356930 -0.086652
v -1.963435 0.356930 -0.072713
v -1.959094 0.356930 -0.059344
v -1.953148 0.356930 -0.046704
v -1.945675 0.356930 -0.034953
v -1.936750 0.356930 -0.024250
v -1.926450 0.356930 -0.014756
v -1.914852 0.356930 -0.006630
v -1.902031 0.356930 -0.000031
v -1.888065 0.356930 0.004880
v -1.873029 0.356930 0.007943
v -1.857000 0.356930 0.009000
v -1.846751 0.356930 0.008687
v -1.836509 0.356930 0.007745
v -1.826281 0.356930 0.006172
v -1.816074 0.356930 0.003963
v -1.805895 0.356930 0.001115
v -1.795750 0.356930 -0.002375
v -1.785647 0.356930 -0.006511
v -1.775593 0.356930 -0.011296
v -1.765594 0.356930 -0.016734
v -1.755657 0.356930 -0.022829
v -1.745791 0.356930 -0.029583
v -1.736000 0.356930 -0.037000
v -1.733726 0.356930 -0.029373
v -1.730894 0.356930 -0.022481
v -1.727484 0.356930 -0.016312
v -1.723482 0.356930 -0.010852
v -1.718868 0.356930 -0.006086
v -1.713625 0.356930 -0.002000
v -1.707737 0.356930 0.001419
v -1.701185 0.356930 0.004185
v -1.693953 0.356930 0.006313
v -1.686023 0.356930 0.007815
v -1.677378 0.356930 0.008706
v -1.668000 0.356930 0.009000
v -1.661209 0.356930 0.008827
v -1.654755 0.356930 0.008282
v -1.648516 0.356930 0.007328
v -1.642370 0.356930 0.005926
v -1.636197 0.356930 0.004038
v -1.629875 0.356930 0.001625
v -1.623282 0.356930 -0.001350
v -1.616296 0.356930 -0.004926
v -1.608797 0.356930 -0.009141
v -1.600662 0.356930 -0.014032
v -1.591770 0.356930 -0.019639
v -1.582000 0.356930 -0.026000
v -1.735000 0.356930 -0.091000
v -1.741042 0.356930 -0.085440
v -1.747167 0.356930 -0.080273
v -1.753375 0.356930 -0.075516
v -1.759667 0.356930 -0.071185
v -1.766042 0.356930 -0.067299
v -1.772500 0.356930 -0.063875
v -1.779041 0.356930 -0.060930
v -1.785666 0.356930 -0.058481
v -1.792375 0.356930 -0.056547
v -1.799166 0.356930 -0.055144
v -1.806041 0.356930 -0.054289
v -1.813000 0.356930 -0.054000
v -1.822032 0.356930 -0.054533
v -1.830588 0.356930 -0.056097
v -1.838609 0.356930 -0.058641
v -1.846037 0.356930 -0.062111
v -1.852812 0.356930 -0.066457
v -1.858875 0.356930 -0.071625
v -1.864167 0.356930 -0.077564
v -1.868630 0.356930 -0.084222
v -1.872203 0.356930 -0.091547
v -1.874829 0.356930 -0.099486
v -1.876448 0.356930 -0.107988
v -1.877000 0.356930 -0.117000
v -1.875657 0.356930 -0.129703
v -1.871759 0.356930 -0.141375
v -1.865500 0.356930 -0.152109
v -1.857074 0.356930 -0.162000
v -1.846676 0.356930 -0.171141
v -1.834500 0.356930 -0.179625
v -1.820741 0.356930 -0.187547
v -1.805593 0.356930 -0.195000
v -1.789250 0.356930 -0.202078
v -1.771907 0.356930 -0.208875
v -1.753759 0.356930 -0.215484
v -1.735000 0.356930 -0.222000
v -2.060000 0.356930 -0.336000
v -2.289000 0.356930 -0.336000
v -2.289000 0.356930 -0.248000
v -2.158000 0.356930 -0.248000
v -2.158000 0.356930 -0.108000
v -2.169773 0.356930 -0.104318
v -2.181602 0.356930 -0.100792
v -2.193500 0.356930 -0.097453
v -2.205481 0.356930 -0.094333
v -2.217560 0.356930 -0.091464
v -2.229750 0.356930 -0.088875
v -2.242065 0.356930 -0.086599
v -2.254519 0.356930 -0.084667
v -2.267125 0.356930 -0.083109
v -2.279898 0.356930 -0.081958
v -2.292852 0.356930 -0.081245
v -2.306000 0.356930 -0.081000
v -2.345462 0.356930 -0.083193
v -2.382694 0.356930 -0.089630
v -2.417469 0.356930 -0.100094
v -2.449556 0.356930 -0.114370
v -2.478726 0.356930 -0.132244
v -2.504750 0.356930 -0.153500
v -2.527399 0.356930 -0.177922
v -2.546444 0.356930 -0.205296
v -2.561656 0.356930 -0.235406
v -2.572806 0.356930 -0.268037
v -2.579663 0.356930 -0.302973
v -2.582000 0.356930 -0.340000
v -2.579652 0.356930 -0.376226
v -2.572796 0.356930 -0.410722
v -2.561719 0.356930 -0.443219
v -2.546704 0.356930 -0.473444
v -2.528036 0.356930 -0.501129
v -2.506000 0.356930 -0.526000
v -2.480880 0.356930 -0.547788
v -2.452963 0.356930 -0.566222
v -2.422531 0.356930 -0.581031
v -2.389870 0.356930 -0.591945
v -2.355265 0.356930 -0.598691
v -2.319000 0.356930 -0.601000
v -2.298481 0.356930 -0.600522
v -2.277935 0.356930 -0.599093
v -2.257375 0.356930 -0.596719
v -2.236815 0.356930 -0.593407
v -2.216269 0.356930 -0.589166
v -2.195750 0.356930 -0.584000
v -2.175273 0.356930 -0.577918
v -2.154852 0.356930 -0.570926
v -2.134500 0.356930 -0.563031
v -2.114232 0.356930 -0.554241
v -2.094060 0.356930 -0.544561
v -2.074000 0.356930 -0.534000
v -2.074000 0.356930 -0.633000
v -2.099731 0.356930 -0.643594
v -2.123597 0.356930 -0.652921
v -2.145859 0.356930 -0.661047
v -2.166778 0.356930 -0.668037
v -2.186613 0.356930 -0.673958
v -2.205625 0.356930 -0.678875
v -2.224074 0.356930 -0.682855
v -2.242222 0.356930 -0.685963
v -2.260328 0.356930 -0.688266
v -2.278652 0.356930 -0.689829
v -2.297456 0.356930 -0.690718
v -2.317000 0.356930 -0.691000
v -2.367896 0.356930 -0.687873
v -2.416333 0.356930 -0.678736
v -2.461938 0.356930 -0.663953
v -2.504333 0.356930 -0.643889
v -2.543146 0.356930 -0.618908
v -2.578000 0.356930 -0.589375
v -2.608521 0.356930 -0.555655
v -2.634334 0.356930 -0.518111
v -2.655063 0.356930 -0.477109
v -2.670334 0.356930 -0.433014
v -2.679771 0.356930 -0.386189
v -2.683000 0.356930 -0.337000
v -2.679849 0.356930 -0.288178
v -2.670625 0.356930 -0.241926
v -2.655672 0.356930 -0.198563
v -2.635334 0.356930 -0.158407
v -2.609953 0.356930 -0.121780
v -2.579875 0.356930 -0.089000
v -2.545443 0.356930 -0.060387
v -2.507000 0.356930 -0.036259
v -2.464890 0.356930 -0.016938
v -2.419458 0.356930 -0.002741
v -2.371047 0.356930 0.006011
v -2.320000 0.356930 0.009000
v -2.296665 0.356930 0.008662
v -2.274074 0.356930 0.007630
v -2.252094 0.356930 0.005875
v -2.230593 0.356930 0.003370
v -2.209439 0.356930 0.000088
v -2.188500 0.356930 -0.004000
v -2.167645 0.356930 -0.008921
v -2.146741 0.356930 -0.014704
v -2.125656 0.356930 -0.021375
v -2.104259 0.356930 -0.028963
v -2.082418 0.356930 -0.037495
v -2.060000 0.356930 -0.047000
vn -0.0000 -1.0000 -0.0000
vn -0.0000 1.0000 -0.0000
vn -0.0000 1.0000 0.0001
vn -0.0000 1.0000 -0.0001
vn 0.5648 -0.0000 0.8252
vn 0.3448 -0.0000 -0.9387
vn -0.6778 -0.0000 0.7353
vn 0.0585 -0.0000 -0.9983
vn -0.2126 -0.0000 0.9771
vn 0.8332 -0.0000 -0.5529
vn 0.5334 -0.0000 0.8459
vn -0.2910 -0.0000 -0.9567
vn -0.3275 -0.0000 -0.9449
vn -0.1938 -0.0000 -0.9810
vn -1.0000 -0.0000 -0.0000
vn -0.2023 -0.0000 -0.9793
vn -0.5021 -0.0000 0.8648
vn 0.1589 -0.0000 0.9873
vn 0.1520 -0.0000 0.9884
vn 0.1512 -0.0000 0.9885
vn -0.8752 -0.0000 0.4838
vn -0.4523 -0.0000 -0.8919
vn -0.8575 -0.0000 -0.5144
vn 0.3789 -0.0000 0.9255
vn -0.7768 -0.0000 0.6297
vn 0.4113 -0.0000 0.9115
vn -0.5666 -0.0000 -0.8240
vn 0.5984 -0.0000 -0.8012
vn 0.9422 -0.0000 -0.3350
vn 0.9136 -0.0000 -0.4067
vn 0.3464 -0.0000 0.9381
vn -0.3102 -0.0000 0.9507
vn 0.6303 -0.0000 0.7763
vn -0.1996 -0.0000 0.9799
vn -0.9986 -0.0000 -0.0523
vn -0.9820 -0.0000 0.1886
vn 0.9233 -0.0000 0.3841
vn -0.9999 -0.0000 -0.0159
vn -0.3496 -0.0000 0.9369
vn 0.8739 -0.0000 -0.4861
vn -0.1025 -0.0000 0.9947
vn -0.9277 -0.0000 0.3733
vn -1.0000 -0.0000 0.0079
vn -1.0000 -0.0000 0.0039
vn 0.9982 -0.0000 -0.0602
vn -0.9986 -0.0000 -0.0533
vn 0.1688 -0.0000 -0.9856
vn 0.1688 -0.0000 -0.9857
vn 1.0000 -0.0000 0.0079
vn 0.9999 -0.0000 0.0162
vn -0.4278 -0.0000 -0.9039
vn -0.4006 -0.0000 -0.9163
vn -0.9991 -0.0000 0.0422
vn -0.0000 -0.0000 1.0000
vn -0.2022 -0.0000 0.9794
vn -0.9961 -0.0000 0.0877
vn -0.9967 -0.0000 0.0809
vn -0.5343 -0.0000 -0.8453
vn 0.0460 -0.0000 -0.9989
vn 1.0000 -0.0000 -0.0000
vn 0.9947 -0.0000 0.1026
vn 0.3732 -0.0000 0.9278
vn 0.4376 -0.0000 0.8992
vn -0.5443 -0.0000 -0.8389
vn 0.4972 -0.0000 -0.8677
vn -0.9979 -0.0000 -0.0655
vn -0.9765 -0.0000 0.2153
vn 0.3974 -0.0000 0.9176
vn 0.9660 -0.0000 0.2587
vn 0.9945 -0.0000 0.1051
vn -0.2074 -0.0000 -0.9782
vn 0.9979 -0.0000 0.0647
vn -0.0691 -0.0000 0.9976
vn -0.1273 -0.0000 0.9919
vn 0.5399 -0.0000 0.8417
vn 0.5225 -0.0000 -0.8527
vn -0.0676 -0.0000 -0.9977
vn -0.6772 -0.0000 -0.7358
vn -0.6157 -0.0000 0.7880
vn 0.3030 -0.0000 -0.9530
vn 0.0676 -0.0000 -0.9977
vn -0.9823 -0.0000 0.1875
vn 0.1581 -0.0000 0.9874
vn -0.3633 -0.0000 -0.9317
vn -0.2921 -0.0000 -0.9564
vn -0.2985 -0.0000 -0.9544
vn -0.5701 -0.0000 -0.8216
vn 0.1019 -0.0000 -0.9948
vn 0.1018 -0.0000 -0.9948
vn -0.1227 -0.0000 -0.9924
vn 0.8281 -0.0000 -0.5605
vn 0.5399 -0.0000 -0.8417
vn -0.8932 -0.0000 -0.4497
vn -0.5316 -0.0000 0.8470
vn 0.7262 -0.0000 -0.6874
vn 0.3571 -0.0000 -0.9341
vn -0.4087 -0.0000 -0.9127
vn 0.3904 -0.0000 0.9207
vn 0.1157 -0.0000 0.9933
vn 0.8932 -0.0000 0.4498
vn -0.2196 -0.0000 0.9756
vn 0.4784 -0.0000 -0.8782
vn 0.4784 -0.0000 -0.8781
vn -0.8281 -0.0000 0.5605
vn -0.2770 -0.0000 -0.9609
vn -0.6438 -0.0000 -0.7652
vn 0.5666 -0.0000 -0.8240
vn 0.0676 -0.0000 0.9977
vn -0.2794 -0.0000 -0.9602
vn -0.1117 -0.0000 -0.9937
vn -0.9136 -0.0000 -0.4067
vn -0.9249 -0.0000 0.3802
vn 0.4212 -0.0000 0.9070
vn 0.4071 -0.0000 0.9134
vn 0.9759 -0.0000 -0.2182
vn 0.9979 -0.0000 0.0646
vn 0.8511 -0.0000 -0.5250
vn 0.9986 -0.0000 -0.0523
vn -0.9886 -0.0000 -0.1508
vn 0.9997 -0.0000 0.0251
vn 0.9994 -0.0000 0.0347
vn 0.3253 -0.0000 0.9456
vn -0.9829 -0.0000 0.1839
vn 0.0377 -0.0000 0.9993
vn -0.9994 -0.0000 0.0347
vn -0.9997 -0.0000 0.0251
vn -0.3317 -0.0000 0.9434
vn -0.5269 -0.0000 -0.8499
vn 0.9984 -0.0000 0.0560
vn 0.9977 -0.0000 0.0680
vn 0.3566 -0.0000 0.9343
vn 0.5212 -0.0000 -0.8534
vn -0.3193 -0.0000 0.9476
vn -0.9977 -0.0000 0.0680
vn -0.9984 -0.0000 0.0560
vn -0.1894 -0.0000 -0.9819
vn 0.9906 -0.0000 0.1368
vn 0.9901 -0.0000 0.1403
vn 0.6119 -0.0000 0.7909
vn -0.9901 -0.0000 0.1404
vn -0.9906 -0.0000 0.1369
vn -0.1861 -0.0000 0.9825
vn 0.9872 -0.0000 0.1594
vn -0.8532 -0.0000 0.5216
vn -0.9872 -0.0000 0.1594
vn 0.1853 -0.0000 -0.9827
vn 0.9183 -0.0000 0.3960
vn -0.3386 -0.0000 0.9409
vn -0.9183 -0.0000 0.3960
vn -0.7796 -0.0000 -0.6262
vn 0.2350 -0.0000 0.9720
vn 0.6185 -0.0000 0.7858
vn -0.3232 -0.0000 -0.9463
vn -0.9904 -0.0000 0.1385
vn -0.6185 -0.0000 0.7858
vn 0.2760 -0.0000 0.9612
vn 0.9989 -0.0000 -0.0464
vn 0.2016 -0.0000 -0.9795
vn -0.6794 -0.0000 0.7337
vn 0.7188 -0.0000 -0.6952
vn -0.0819 -0.0000 -0.9966
vn -0.4498 -0.0000 -0.8931
vn -0.4499 -0.0000 -0.8931
vn -0.6195 -0.0000 -0.7850
vn 0.5606 -0.0000 -0.8281
vn 0.9743 -0.0000 -0.2251
vn -0.1811 -0.0000 0.9835
vn -0.7504 -0.0000 -0.6609
vn 0.7294 -0.0000 0.6841
vn 0.6934 -0.0000 -0.7205
vn 0.9441 -0.0000 -0.3297
vn 0.9566 -0.0000 0.2914
vn 0.5459 -0.0000 0.8378
vn -0.9977 -0.0000 -0.0678
vn -0.9642 -0.0000 0.2652
vn -0.9558 -0.0000 0.2940
vn -0.0375 -0.0000 0.9993
vn 0.9977 -0.0000 0.0678
vn -0.9441 -0.0000 0.3296
vn -0.9224 -0.0000 0.3863
vn 0.7504 -0.0000 0.6610
vn 0.8053 -0.0000 -0.5929
vn -0.9864 -0.0000 -0.1645
vn -0.3757 -0.0000 -0.9268
vn -0.5605 -0.0000 0.8281
vn -0.4394 -0.0000 -0.8983
vn 0.9806 -0.0000 -0.1961
vn 0.5717 -0.0000 0.8205
vn 0.4498 -0.0000 0.8931
vn -0.2016 -0.0000 0.9795
vn -0.7343 -0.0000 -0.6788
vn -0.0307 -0.0000 -0.9995
vn 0.2729 -0.0000 -0.9620
vn 0.2730 -0.0000 -0.9620
vn 0.3764 -0.0000 -0.9265
vn 0.8457 -0.0000 -0.5337
vn -0.9696 -0.0000 -0.2446
vn 0.3206 -0.0000 0.9472
vn 0.9494 -0.0000 -0.3140
vn 0.6736 -0.0000 -0.7391
vn -0.2612 -0.0000 -0.9653
vn 0.9947 -0.0000 -0.1030
vn 1.0000 -0.0000 0.0039
vn -0.7213 -0.0000 0.6927
vn -0.4684 -0.0000 -0.8835
vn -0.4421 -0.0000 0.8969
vn -0.4422 -0.0000 0.8969
vn -0.0000 -0.0000 -1.0000
vn 0.5064 -0.0000 0.8623
vn -0.9999 -0.0000 0.0162
vn 0.1078 -0.0000 0.9942
vn -0.4349 -0.0000 -0.9005
vn 0.9967 -0.0000 0.0809
vn 0.9961 -0.0000 0.0877
vn 0.3978 -0.0000 0.9175
vn -0.0587 -0.0000 -0.9983
vn 0.0414 -0.0000 -0.9991
vn 0.2931 -0.0000 -0.9561
vn 0.2803 -0.0000 -0.9599
vn -0.9947 -0.0000 0.1026
vn 0.9877 -0.0000 0.1562
vn -0.3546 -0.0000 0.9350
vn 0.0651 -0.0000 -0.9979
vn 0.1798 -0.0000 -0.9837
vn -0.0262 -0.0000 -0.9997
vn 0.0595 -0.0000 0.9982
vn -0.5540 -0.0000 -0.8325
vn 0.9765 -0.0000 0.2153
vn -0.5405 -0.0000 -0.8414
vn 0.5649 -0.0000 0.8252
vn -0.9660 -0.0000 0.2587
vn 0.7971 -0.0000 -0.6038
vn -0.5979 -0.0000 -0.8016
vn 0.1273 -0.0000 0.9919
vn -0.8950 -0.0000 -0.4460
vn 0.6033 -0.0000 0.7975
vn 0.8926 -0.0000 0.4508
vn 0.6965 -0.0000 -0.7176
vn -0.2016 -0.0000 -0.9795
vn -0.2015 -0.0000 -0.9795
vn 0.7504 -0.0000 -0.6610
vn -0.5022 -0.0000 0.8648
vn 0.0393 -0.0000 0.9992
vn 0.8230 -0.0000 -0.5681
vn 0.7109 -0.0000 0.7033
vn -0.8583 -0.0000 0.5131
vn -0.9441 -0.0000 -0.3297
vn -0.8499 -0.0000 0.5269
vn -0.4131 -0.0000 -0.9107
vn 0.1613 -0.0000 0.9869
vn 0.9441 -0.0000 0.3296
vn -0.0289 -0.0000 -0.9996
vn 0.0144 -0.0000 -0.9999
vn -0.3505 -0.0000 -0.9366
vn -0.3452 -0.0000 -0.9385
vn 0.3572 -0.0000 0.9340
vn -0.3141 -0.0000 0.9494
vn 0.9329 -0.0000 -0.3602
vn 0.3169 -0.0000 -0.9485
vn -0.7504 -0.0000 0.6610
vn 0.0196 -0.0000 0.9998
vn 0.2016 -0.0000 0.9795
vn 0.6603 -0.0000 0.7510
vn 0.3224 -0.0000 -0.9466
vn 0.4822 -0.0000 0.8760
vn -0.3617 -0.0000 0.9323
vn 0.0396 -0.0000 -0.9992
vn -0.9111 -0.0000 -0.4122
vn 0.8988 -0.0000 -0.4384
vn -0.6845 -0.0000 -0.7290
vn -0.7010 -0.0000 0.7132
vn 0.5674 -0.0000 -0.8235
vn 0.3976 -0.0000 0.9176
vn 0.3975 -0.0000 0.9176
vn -0.0233 -0.0000 0.9997
vn 0.9816 -0.0000 -0.1908
vn -0.5657 -0.0000 0.8246
vn -0.9866 -0.0000 0.1634
vn -0.8240 -0.0000 -0.5666
vn -0.7280 -0.0000 -0.6856
vn -0.5205 -0.0000 -0.8539
vn 0.9785 -0.0000 0.2062
vn -0.2733 -0.0000 -0.9619
vn 0.8291 -0.0000 0.5591
vn -0.5665 -0.0000 0.8241
vn -0.5665 -0.0000 0.8240
vn 0.9920 -0.0000 -0.1265
vn -0.4692 -0.0000 -0.8831
vn 0.3449 -0.0000 -0.9387
vn -0.0666 -0.0000 0.9978
vn 0.1603 -0.0000 -0.9871
vn 0.8837 -0.0000 0.4680
vn 0.0589 -0.0000 -0.9983
vn -0.2060 -0.0000 -0.9786
vn -0.9874 -0.0000 0.1583
vn 0.8926 -0.0000 -0.4509
vn 0.4603 -0.0000 -0.8878
vn -0.7681 -0.0000 0.6404
vn 0.7177 -0.0000 -0.6964
vn -0.8921 -0.0000 0.4518
vn 0.5229 -0.0000 0.8524
vn -0.7354 -0.0000 -0.6777
vn 0.5153 -0.0000 0.8570
vn -0.4745 -0.0000 -0.8803
vn -0.2311 -0.0000 -0.9729
vn 0.4171 -0.0000 0.9089
vn -0.2283 -0.0000 0.9736
vn 0.0555 -0.0000 -0.9985
vn -0.9902 -0.0000 0.1395
vn -0.6148 -0.0000 0.7887
vn -0.0916 -0.0000 -0.9958
vn 0.0916 -0.0000 0.9958
vn 0.2666 -0.0000 0.9638
vn 0.0841 -0.0000 0.9965
vn -0.3562 -0.0000 0.9344
vn 0.2660 -0.0000 0.9640
vn -0.2127 -0.0000 -0.9771
vn -0.0585 -0.0000 0.9983
vn -0.2389 -0.0000 -0.9710
vn -0.3482 -0.0000 -0.9374
vn 0.4752 -0.0000 -0.8799
vn 0.9533 -0.0000 -0.3022
vn -0.4720 -0.0000 -0.8816
vn 0.4414 -0.0000 0.8973
vn -0.9953 -0.0000 -0.0966
vn 0.7166 -0.0000 -0.6975
vn -0.9864 -0.0000 -0.1646
vn 0.9981 -0.0000 -0.0612
vn -0.6624 -0.0000 -0.7492
vn -0.7124 -0.0000 -0.7018
vn -0.9980 -0.0000 0.0629
vn 0.9929 -0.0000 0.1189
vn 0.5568 -0.0000 0.8306
vn -0.6771 -0.0000 -0.7358
vn -0.9831 -0.0000 0.1832
vn -0.5903 -0.0000 -0.8072
vn -0.0601 -0.0000 0.9982
vn 0.9483 -0.0000 0.3172
vn 0.4232 -0.0000 -0.9060
vn 0.2687 -0.0000 0.9632
vn -0.3467 -0.0000 -0.9380
vn -0.3925 -0.0000 0.9197
vn -0.6739 -0.0000 0.7388
vn 0.7262 -0.0000 -0.6875
vn 0.5910 -0.0000 -0.8067
vn -0.8281 -0.0000 -0.5606
vn -0.3434 -0.0000 -0.9392
vn 0.1415 -0.0000 -0.9899
vn 0.8931 -0.0000 -0.4498
vn 0.8931 -0.0000 -0.4499
vn 0.6760 -0.0000 0.7369
vn 0.3775 -0.0000 -0.9260
vn -0.9334 -0.0000 0.3589
vn -0.2793 -0.0000 -0.9602
vn -0.5358 -0.0000 -0.8444
vn -0.8931 -0.0000 0.4498
vn -0.9250 -0.0000 0.3801
vn 0.8281 -0.0000 0.5605
vn 0.0431 -0.0000 -0.9991
vn -0.9583 -0.0000 0.2857
vn -0.1707 -0.0000 0.9853
vn -0.4850 -0.0000 -0.8745
vn -0.0676 -0.0000 0.9977
vn 0.6555 -0.0000 0.7552
vn 0.1179 -0.0000 0.9930
vn 0.1117 -0.0000 -0.9937
vn -0.4576 -0.0000 0.8891
vn 0.2694 -0.0000 0.9630
vn 0.8822 -0.0000 -0.4708
vn -0.9759 -0.0000 -0.2182
vn 0.3905 -0.0000 -0.9206
vn -0.7476 -0.0000 0.6642
vn 0.9886 -0.0000 -0.1509
vn 0.2925 -0.0000 0.9563
vn -0.3370 -0.0000 -0.9415
vn 0.2109 -0.0000 -0.9775
vn 0.9990 -0.0000 0.0449
vn -0.2823 -0.0000 0.9593
vn -0.4907 -0.0000 0.8713
vn 0.6053 -0.0000 -0.7960
vn 0.3281 -0.0000 0.9446
vn -0.3084 -0.0000 -0.9513
vn 0.5355 -0.0000 0.8446
vn 0.5355 -0.0000 0.8445
vn -0.1590 -0.0000 0.9873
vn -0.9990 -0.0000 0.0449
vn -0.6932 -0.0000 -0.7208
vn -0.8265 -0.0000 -0.5629
vn 0.7612 -0.0000 0.6485
vn -0.4659 -0.0000 0.8849
vn 0.4859 -0.0000 0.8740
vn 0.8306 -0.0000 -0.5568
vn 0.9897 -0.0000 0.1429
vn 0.9981 -0.0000 -0.0616
vn -0.7376 -0.0000 -0.6753
vn -0.5670 -0.0000 -0.8237
vn 0.5510 -0.0000 0.8345
vn -0.9899 -0.0000 0.1420
vn -0.9897 -0.0000 0.1429
vn -0.9980 -0.0000 0.0639
vn -0.9803 -0.0000 -0.1976
vn 0.1645 -0.0000 0.9864
vn 0.9551 -0.0000 -0.2964
vn 0.8654 -0.0000 0.5011
vn -0.1865 -0.0000 0.9825
vn 0.9980 -0.0000 -0.0630
vn -0.7731 -0.0000 0.6342
vn -0.4987 -0.0000 -0.8668
vn 0.3296 -0.0000 -0.9441
vn -0.7720 -0.0000 0.6356
vn 0.6455 -0.0000 0.7638
vn 0.4041 -0.0000 -0.9147
vn -0.6610 -0.0000 -0.7504
vn 0.4065 -0.0000 -0.9137
vn 0.9795 -0.0000 -0.2014
vn -0.9697 -0.0000 0.2442
vn 0.0483 -0.0000 -0.9988
vn -0.6391 -0.0000 0.7691
vn -0.2382 -0.0000 -0.9712
vn -0.1533 -0.0000 -0.9882
vn -0.9795 -0.0000 0.2016
vn -0.5539 -0.0000 -0.8326
vn -0.0415 -0.0000 -0.9991
vn 0.3639 -0.0000 0.9315
vn 0.6610 -0.0000 0.7504
vn 0.0796 -0.0000 0.9968
vn -0.8438 -0.0000 0.5366
vn 0.4778 -0.0000 0.8785
vn 0.7343 -0.0000 -0.6788
vn -0.3296 -0.0000 0.9441
vn 0.6033 -0.0000 0.7976
vn -0.8457 -0.0000 -0.5337
vn 0.3437 -0.0000 -0.9391
vn -0.4715 -0.0000 0.8819
vn -0.7185 -0.0000 0.6956
vn 0.9999 -0.0000 -0.0159
vn -0.4307 -0.0000 -0.9025
vn 0.1911 -0.0000 0.9816
vn 0.4900 -0.0000 0.8717
vn -0.1918 -0.0000 -0.9814
vn 0.0305 -0.0000 0.9995
vn 0.0204 -0.0000 -0.9998
vn 0.0203 -0.0000 -0.9998
vn 0.0255 -0.0000 0.9997
vn -0.3917 -0.0000 0.9201
vn 0.8172 -0.0000 -0.5764
vn 0.8536 -0.0000 0.5210
vn 0.3086 -0.0000 -0.9512
vn 0.0850 -0.0000 -0.9964
vn -0.8589 -0.0000 -0.5121
vn -0.0580 -0.0000 0.9983
vn -0.3122 -0.0000 0.9500
vn 0.3640 -0.0000 -0.9314
vn -0.9929 -0.0000 0.1189
vn 0.5326 -0.0000 0.8463
vn 0.5327 -0.0000 0.8463
vn 0.1806 -0.0000 0.9836
vn 0.6602 -0.0000 0.7510
vn 0.9831 -0.0000 0.1832
vn 0.9987 -0.0000 0.0518
vn -0.2847 -0.0000 0.9586
vn -0.6465 -0.0000 -0.7629
vn -0.9483 -0.0000 0.3173
vn -0.8259 -0.0000 -0.5638
vn 0.8115 -0.0000 0.5843
vn 0.3924 -0.0000 0.9198
vn 0.9455 -0.0000 0.3258
vn 0.1913 -0.0000 0.9815
vn -0.9143 -0.0000 0.4050
vn -0.9600 -0.0000 -0.2802
vn 0.9465 -0.0000 0.3226
vn -0.3296 -0.0000 -0.9441
vn -0.9136 -0.0000 0.4065
vn 0.6610 -0.0000 -0.7504
vn 0.7347 -0.0000 -0.6784
vn 0.9586 -0.0000 -0.2846
vn -0.9807 -0.0000 0.1956
vn -0.4525 -0.0000 -0.8918
vn -0.7475 -0.0000 0.6642
vn -0.0849 -0.0000 -0.9964
vn -0.3114 -0.0000 -0.9503
vn 0.1602 -0.0000 -0.9871
vn 0.7332 -0.0000 -0.6800
vn -0.9795 -0.0000 -0.2014
vn 0.3189 -0.0000 0.9478
vn -0.8080 -0.0000 0.5892
vn 0.9795 -0.0000 0.2014
vn 0.2579 -0.0000 -0.9662
vn -0.2702 -0.0000 -0.9628
vn 0.4671 -0.0000 0.8842
vn -0.7680 -0.0000 0.6404
vn -0.6610 -0.0000 0.7504
vn 0.0613 -0.0000 0.9981
vn 0.5228 -0.0000 0.8524
vn -0.0550 -0.0000 -0.9985
vn 0.3296 -0.0000 0.9441
vn -0.0647 -0.0000 0.9979
vn 0.1267 -0.0000 -0.9919
vn 0.4631 -0.0000 -0.8863
vn -0.5671 -0.0000 -0.8237
vn -0.6147 -0.0000 0.7888
vn -0.2983 -0.0000 0.9545
vn -0.5742 -0.0000 -0.8187
vn 0.1916 -0.0000 0.9815
vn -0.4406 -0.0000 0.8977
vn 0.9552 -0.0000 -0.2960
vn 0.5178 -0.0000 0.8555
vn -0.4880 -0.0000 -0.8728
vn -0.9959 -0.0000 0.0903
vn -0.5440 -0.0000 -0.8391
vn 0.0472 -0.0000 -0.9989
vn 0.9992 -0.0000 -0.0393
vn 0.7558 -0.0000 -0.6548
vn 0.3429 -0.0000 -0.9394
vn -0.9986 -0.0000 0.0525
vn 0.9885 -0.0000 -0.1509
vn -0.3239 -0.0000 0.9461
vn -0.5061 -0.0000 -0.8625
vn 0.7441 -0.0000 0.6681
vn 0.0635 -0.0000 0.9980
vn 0.6133 -0.0000 -0.7899
vn 0.2406 -0.0000 0.9706
vn -0.7414 -0.0000 -0.6711
vn -0.1507 -0.0000 -0.9886
vn -0.1866 -0.0000 0.9824
vn 0.8956 -0.0000 0.4449
vn -0.9454 -0.0000 0.3260
vn -0.8438 -0.0000 0.5367
vn 0.8209 -0.0000 -0.5711
vn -0.4926 -0.0000 0.8702
vn -0.5836 -0.0000 0.8120
vn 0.2113 -0.0000 0.9774
vn 0.5318 -0.0000 0.8469
vn -0.1298 -0.0000 -0.9915
vn 0.9684 -0.0000 -0.2495
vn -0.2520 -0.0000 -0.9677
vn -0.1448 -0.0000 -0.9895
vn -0.0186 -0.0000 -0.9998
vn 0.5553 -0.0000 -0.8316
vn -0.9597 -0.0000 0.2809
vn -0.8931 -0.0000 -0.4499
vn -0.8931 -0.0000 -0.4498
vn -0.6270 -0.0000 -0.7790
vn -0.2059 -0.0000 -0.9786
vn 0.2297 -0.0000 0.9733
vn 0.8086 -0.0000 -0.5883
vn 0.8931 -0.0000 0.4498
vn -0.6812 -0.0000 -0.7321
vn -0.1779 -0.0000 0.9840
vn 0.1190 -0.0000 -0.9929
vn 0.6182 -0.0000 0.7860
vn -0.9885 -0.0000 -0.1509
vn -0.6740 -0.0000 -0.7388
vn 0.0274 -0.0000 0.9996
vn 0.6080 -0.0000 -0.7939
vn -0.9144 -0.0000 0.4049
vn -0.9600 -0.0000 -0.2801
vn 0.3537 -0.0000 0.9353
vn -0.5281 -0.0000 0.8492
vn 0.9587 -0.0000 -0.2846
vn -0.5621 -0.0000 0.8271
vn 0.0829 -0.0000 0.9966
vn 0.9311 -0.0000 0.3648
vn -0.8776 -0.0000 0.4793
vn -0.1420 -0.0000 -0.9899
vn 0.7044 -0.0000 0.7098
vn 0.7044 -0.0000 0.7099
vn 0.4415 -0.0000 0.8973
vn 0.5785 -0.0000 -0.8157
vn 0.2015 -0.0000 -0.9795
vn -0.9901 -0.0000 0.1403
vn -0.9906 -0.0000 0.1368
vn 0.9981 -0.0000 -0.0611
vn 0.1796 -0.0000 -0.9837
vn -0.6803 -0.0000 -0.7329
vn -0.4203 -0.0000 -0.9074
vn 0.1353 -0.0000 -0.9908
vn 0.4838 -0.0000 0.8752
vn -0.1212 -0.0000 0.9926
vn -0.9182 -0.0000 0.3960
vn -0.1242 -0.0000 0.9923
vn -0.4618 -0.0000 0.8870
vn -0.9670 -0.0000 0.2548
vn 0.6423 -0.0000 0.7665
vn -0.4142 -0.0000 -0.9102
vn 0.7028 -0.0000 0.7114
vn -0.4160 -0.0000 -0.9094
vn 0.1959 -0.0000 0.9806
vn 0.4990 -0.0000 0.8666
vn -0.9980 -0.0000 -0.0632
vn 0.9819 -0.0000 -0.1892
vn 0.9439 -0.0000 -0.3302
vn -0.9970 -0.0000 -0.0777
vn -0.2848 -0.0000 -0.9586
vn 0.9824 -0.0000 -0.1870
vn 0.5910 -0.0000 -0.8066
vn 0.3481 -0.0000 -0.9374
vn 0.2852 -0.0000 -0.9585
vn 0.9977 -0.0000 0.0676
vn 0.9995 -0.0000 -0.0310
vn -0.6212 -0.0000 0.7837
vn -0.9533 -0.0000 -0.3022
vn -0.4105 -0.0000 -0.9118
vn -0.3341 -0.0000 -0.9425
vn 0.9953 -0.0000 -0.0966
vn -0.5929 -0.0000 0.8052
vn -0.3938 -0.0000 -0.9192
vn 0.4509 -0.0000 0.8926
vn 0.3422 -0.0000 0.9396
vn -0.1963 -0.0000 -0.9806
vn 0.3023 -0.0000 -0.9532
vn 0.1469 -0.0000 0.9892
vn -0.0625 -0.0000 -0.9980
vn 0.4407 -0.0000 -0.8976
vn 0.0503 -0.0000 0.9987
vn 0.6039 -0.0000 0.7971
vn -0.7287 -0.0000 -0.6849
vn 0.4684 -0.0000 -0.8835
vn 0.4683 -0.0000 -0.8835
vn 0.5456 -0.0000 0.8380
vn 0.8912 -0.0000 -0.4537
vn 0.8639 -0.0000 0.5037
vn -0.6082 -0.0000 -0.7938
vn 0.9899 -0.0000 0.1420
vn -0.6396 -0.0000 0.7687
vn 0.7466 -0.0000 -0.6653
vn -0.8069 -0.0000 -0.5906
vn -0.5738 -0.0000 0.8190
vn -0.8654 -0.0000 0.5010
vn -0.2633 -0.0000 0.9647
vn 0.7731 -0.0000 0.6342
vn -0.5249 -0.0000 -0.8512
vn -0.5249 -0.0000 -0.8511
vn -0.3890 -0.0000 0.9212
vn -0.1854 -0.0000 -0.9827
vn 0.2115 -0.0000 0.9774
vn 0.4498 -0.0000 -0.8931
vn 0.7439 -0.0000 0.6683
vn 0.2224 -0.0000 0.9749
vn -0.9175 -0.0000 -0.3978
vn 0.9081 -0.0000 -0.4187
vn 0.2504 -0.0000 -0.9681
vn -0.5605 -0.0000 -0.8281
vn -0.8552 -0.0000 0.5183
vn -0.8552 -0.0000 0.5182
vn 0.9977 -0.0000 -0.0676
vn 0.8757 -0.0000 0.4828
vn -0.9049 -0.0000 0.4257
vn -0.9977 -0.0000 0.0676
vn 0.9242 -0.0000 -0.3820
vn -0.1147 -0.0000 0.9934
vn -0.0762 -0.0000 -0.9971
vn 0.2359 -0.0000 -0.9718
vn -0.8763 -0.0000 0.4818
vn -0.1234 -0.0000 -0.9924
vn -0.4326 -0.0000 0.9016
vn 0.5605 -0.0000 0.8281
vn -0.4498 -0.0000 0.8931
vn -0.3432 -0.0000 -0.9393
vn -0.3579 -0.0000 -0.9338
vn 0.6552 -0.0000 0.7554
vn -0.3197 -0.0000 -0.9475
vn 0.7452 -0.0000 0.6669
vn -0.8065 -0.0000 0.5912
vn -0.9449 -0.0000 -0.3273
vn 0.2724 -0.0000 0.9622
vn 0.1467 -0.0000 -0.9892
vn 0.4297 -0.0000 0.9030
vn 0.4092 -0.0000 -0.9124
vn -0.4839 -0.0000 0.8751
vn 0.4225 -0.0000 0.9064
vn 0.4557 -0.0000 0.8902
vn 0.9813 -0.0000 -0.1926
vn 0.0192 -0.0000 0.9998
vn -0.7368 -0.0000 0.6761
vn -0.3332 -0.0000 0.9428
vn 0.2145 -0.0000 -0.9767
vn -0.0658 -0.0000 0.9978
vn 0.2881 -0.0000 -0.9576
vn -0.6757 -0.0000 0.7372
vn -0.8356 -0.0000 -0.5493
vn 0.3649 -0.0000 0.9310
vn 0.3415 -0.0000 -0.9399
vn -0.0313 -0.0000 0.9995
vn -0.1817 -0.0000 -0.9833
vn 0.3342 -0.0000 0.9425
vn 0.6480 -0.0000 0.7617
vn 0.1262 -0.0000 -0.9920
vn 0.0456 -0.0000 0.9990
vn -0.6314 -0.0000 -0.7755
vn -0.4291 -0.0000 -0.9032
vn 0.9485 -0.0000 0.3168
vn -0.4809 -0.0000 -0.8768
vn -0.5412 -0.0000 -0.8409
vn 0.0613 -0.0000 -0.9981
vn -0.6448 -0.0000 -0.7644
vn -0.6448 -0.0000 -0.7643
vn 0.8073 -0.0000 -0.5901
vn 0.3807 -0.0000 -0.9247
vn 0.3342 -0.0000 -0.9425
vn -0.2670 -0.0000 0.9637
vn -0.2441 -0.0000 0.9697
vn -0.5485 -0.0000 -0.8362
vn 0.3169 -0.0000 0.9484
vn -0.9511 -0.0000 0.3089
vn 0.6487 -0.0000 -0.7610
vn 0.3239 -0.0000 0.9461
vn 0.3020 -0.0000 0.9533
vn -0.0610 -0.0000 0.9981
vn 0.9808 -0.0000 0.1949
vn 0.8332 -0.0000 -0.5530
vn -0.7414 -0.0000 -0.6710
vn 0.9806 -0.0000 0.1958
vn -0.4540 -0.0000 0.8910
vn -0.9979 -0.0000 0.0644
vn -0.9947 -0.0000 0.1025
vn 0.5744 -0.0000 0.8185
vn -0.6213 -0.0000 0.7836
vn -0.2026 -0.0000 -0.9793
vn 0.6326 -0.0000 -0.7745
vn -0.9548 -0.0000 0.2972
vn -0.9157 -0.0000 0.4018
vn 0.6328 -0.0000 -0.7743
vn 0.9895 -0.0000 -0.1446
vn -0.2857 -0.0000 -0.9583
vn -0.8753 -0.0000 0.4837
vn -0.4904 -0.0000 -0.8715
vn -0.1383 -0.0000 -0.9904
vn -0.0897 -0.0000 -0.9960
vn -0.9991 -0.0000 0.0433
vn 0.2778 -0.0000 0.9606
vn -0.4170 -0.0000 0.9089
vn 0.1533 -0.0000 0.9882
vn -0.2007 -0.0000 0.9796
vn 0.9441 -0.0000 0.3297
vn 0.3482 -0.0000 -0.9374
vn -0.1241 -0.0000 0.9923
vn -0.9670 -0.0000 0.2549
vn -0.5248 -0.0000 -0.8512
vn -0.4159 -0.0000 -0.9094
vn 0.1590 -0.0000 0.9873
vn -0.9970 -0.0000 -0.0776
vn -0.9049 -0.0000 0.4256
vn 0.9823 -0.0000 -0.1871
vn 0.9995 -0.0000 -0.0311
vn -0.8654 -0.0000 0.5011
vn -0.8065 -0.0000 0.5913
vn 0.9233 -0.0000 0.3840
vn 0.4409 -0.0000 -0.8975
vn 0.6038 -0.0000 0.7971
vn -0.3925 -0.0000 0.9198
vn -0.8281 -0.0000 -0.5605
vn -0.0436 -0.0000 -0.9991
vn -0.0436 -0.0000 -0.9990
vn -0.0481 -0.0000 -0.9988
vn 0.6294 -0.0000 -0.7771
vn -0.3889 -0.0000 0.9213
vn -0.5866 -0.0000 -0.8099
vn 0.7343 -0.0000 -0.6789
vn 0.2224 -0.0000 0.9750
vn -0.6434 -0.0000 -0.7655
vn -0.0613 -0.0000 -0.9981
vn 0.8804 -0.0000 -0.4743
vn -0.1789 -0.0000 -0.9839
vn 0.2860 -0.0000 -0.9582
vn 0.1975 -0.0000 -0.9803
vn 0.6693 -0.0000 0.7429
vn 0.6694 -0.0000 0.7429
vn 0.2493 -0.0000 -0.9684
vn -0.3979 -0.0000 0.9174
vn -0.3937 -0.0000 0.9192
vn 0.0896 -0.0000 0.9960
vn -0.6075 -0.0000 -0.7943
vn -0.0235 -0.0000 0.9997
vn -0.0694 -0.0000 0.9976
vn 0.6432 -0.0000 -0.7657
vn 0.4239 -0.0000 0.9057
vn 0.7485 -0.0000 0.6632
vn 0.8232 -0.0000 0.5677
vn -0.8924 -0.0000 -0.4512
vn -0.9471 -0.0000 -0.3210
vn -0.4870 -0.0000 0.8734
vn 0.8946 -0.0000 -0.4468
vn -0.8002 -0.0000 0.5998
vn -0.9483 -0.0000 0.3172
vn 0.2461 -0.0000 0.9692
vn 0.9463 -0.0000 -0.3233
vn 0.9654 -0.0000 0.2608
vn -0.7871 -0.0000 0.6168
vn -0.9986 -0.0000 0.0523
vn -0.8219 -0.0000 0.5696
vn -0.6194 -0.0000 -0.7850
vn -0.3721 -0.0000 -0.9282
vn 0.0544 -0.0000 -0.9985
vn -0.2078 -0.0000 -0.9782
vn 0.0606 -0.0000 0.9982
vn 0.1704 -0.0000 -0.9854
vn -0.9795 -0.0000 -0.2015
vn 0.3016 -0.0000 0.9534
vn 0.9795 -0.0000 0.2016
vn -0.9223 -0.0000 0.3864
vn -0.4840 -0.0000 0.8751
vn 0.2156 -0.0000 -0.9765
vn 0.0145 -0.0000 0.9999
vn -0.3003 -0.0000 -0.9538
vn 0.9816 -0.0000 -0.1909
vn -0.4295 -0.0000 0.9031
vn -0.0659 -0.0000 -0.9978
vn -0.0718 -0.0000 0.9974
vn 0.7390 -0.0000 0.6737
vn 0.3649 -0.0000 0.9311
vn 0.9566 -0.0000 0.2913
vn 0.5210 -0.0000 -0.8536
vn -0.9814 -0.0000 -0.1921
vn -0.7716 -0.0000 -0.6361
vn 0.9478 -0.0000 -0.3190
vn -0.6036 -0.0000 0.7973
vn -0.3294 -0.0000 -0.9442
vn -0.1769 -0.0000 0.9842
vn -0.6988 -0.0000 0.7153
vn 0.1678 -0.0000 -0.9858
vn -0.5484 -0.0000 -0.8362
vn 0.8220 -0.0000 0.5695
vn 0.4237 -0.0000 0.9058
vn -0.9511 -0.0000 0.3088
vn 0.1032 -0.0000 0.9947
vn 0.7043 -0.0000 0.7099
vn 0.4409 -0.0000 -0.8976
vt 0.917355 0.000000
vt 0.909091 0.000000
vt 0.900826 0.000000
vt 0.925620 0.000000
vt 0.892562 0.000000
vt 0.933884 0.000000
vt 0.884298 0.000000
vt 0.942149 0.000000
vt 0.876033 0.000000
vt 0.950413 0.000000
vt 0.867769 0.000000
vt 0.958678 0.000000
vt 0.859504 0.000000
vt 0.966942 0.000000
vt 0.851240 0.000000
vt 0.975207 0.000000
vt 0.842975 0.000000
vt 0.983471 0.000000
vt 0.834711 0.000000
vt 0.991736 0.000000
vt 0.826446 0.000000
vt 1.000000 0.000000
vt 0.818182 0.000000
vt 0.396694 0.000000
vt 0.809917 0.000000
vt 0.404959 0.000000
vt 0.801653 0.000000
vt 0.793388 0.000000
vt 0.413223 0.000000
vt 0.785124 0.000000
vt 0.421488 0.000000
vt 0.776860 0.000000
vt 0.429752 0.000000
vt 0.768595 0.000000
vt 0.438017 0.000000
vt 0.760331 0.000000
vt 0.446281 0.000000
vt 0.752066 0.000000
vt 0.454545 0.000000
vt 0.743802 0.000000
vt 0.462810 0.000000
vt 0.735537 0.000000
vt 0.471074 0.000000
vt 0.727273 0.000000
vt 0.479339 0.000000
vt 0.719008 0.000000
vt 0.487603 0.000000
vt 0.710744 0.000000
vt 0.495868 0.000000
vt 0.504132 0.000000
vt 0.702479 0.000000
vt 0.512397 0.000000
vt 0.694215 0.000000
vt 0.520661 0.000000
vt 0.685950 0.000000
vt 0.528926 0.000000
vt 0.677686 0.000000
vt 0.537190 0.000000
vt 0.669421 0.000000
vt 0.545455 0.000000
vt 0.661157 0.000000
vt 0.553719 0.000000
vt 0.652893 0.000000
vt 0.561983 0.000000
vt 0.644628 0.000000
vt 0.570248 0.000000
vt 0.636364 0.000000
vt 0.578512 0.000000
vt 0.628099 0.000000
vt 0.586777 0.000000
vt 0.619835 0.000000
vt 0.595041 0.000000
vt 0.611570 0.000000
vt 0.603306 0.000000
vt 0.008264 0.000000
vt 0.000000 0.000000
vt 0.388430 0.000000
vt 0.016529 0.000000
vt 0.380165 0.000000
vt 0.024793 0.000000
vt 0.371901 0.000000
vt 0.033058 0.000000
vt 0.363636 0.000000
vt 0.041322 0.000000
vt 0.355372 0.000000
vt 0.049587 0.000000
vt 0.347107 0.000000
vt 0.057851 0.000000
vt 0.338843 0.000000
vt 0.066116 0.000000
vt 0.330579 0.000000
vt 0.074380 0.000000
vt 0.322314 0.000000
vt 0.082645 0.000000
vt 0.314050 0.000000
vt 0.090909 0.000000
vt 0.305785 0.000000
vt 0.297521 0.000000
vt 0.099174 0.000000
vt 0.107438 0.000000
vt 0.289256 0.000000
vt 0.115702 0.000000
vt 0.280992 0.000000
vt 0.123967 0.000000
vt 0.272727 0.000000
vt 0.132231 0.000000
vt 0.264463 0.000000
vt 0.140496 0.000000
vt 0.256198 0.000000
vt 0.148760 0.000000
vt 0.247934 0.000000
vt 0.157025 0.000000
vt 0.239669 0.000000
vt 0.165289 0.000000
vt 0.231405 0.000000
vt 0.173554 0.000000
vt 0.223140 0.000000
vt 0.181818 0.000000
vt 0.214876 0.000000
vt 0.190083 0.000000
vt 0.206612 0.000000
vt 0.198347 0.000000
vt 0.759259 0.000000
vt 0.740741 0.000000
vt 0.722222 0.000000
vt 0.703704 0.000000
vt 0.777778 0.000000
vt 0.685185 0.000000
vt 0.796296 0.000000
vt 0.666667 0.000000
vt 0.648148 0.000000
vt 0.814815 0.000000
vt 0.629630 0.000000
vt 0.018519 0.000000
vt 0.981481 0.000000
vt 0.833333 0.000000
vt 0.611111 0.000000
vt 0.592593 0.000000
vt 0.851852 0.000000
vt 0.574074 0.000000
vt 0.870370 0.000000
vt 0.555556 0.000000
vt 0.537037 0.000000
vt 0.888889 0.000000
vt 0.518519 0.000000
vt 0.907407 0.000000
vt 0.333333 0.000000
vt 0.351852 0.000000
vt 0.370370 0.000000
vt 0.388889 0.000000
vt 0.407407 0.000000
vt 0.425926 0.000000
vt 0.444444 0.000000
vt 0.462963 0.000000
vt 0.481481 0.000000
vt 0.500000 0.000000
vt 0.925926 0.000000
vt 0.296296 0.000000
vt 0.314815 0.000000
vt 0.944444 0.000000
vt 0.259259 0.000000
vt 0.277778 0.000000
vt 0.240741 0.000000
vt 0.222222 0.000000
vt 0.962963 0.000000
vt 0.203704 0.000000
vt 0.185185 0.000000
vt 0.111111 0.000000
vt 0.129630 0.000000
vt 0.148148 0.000000
vt 0.166667 0.000000
vt 0.092593 0.000000
vt 0.074074 0.000000
vt 0.055556 0.000000
vt 0.037037 0.000000
vt 0.219653 0.000000
vt 0.213873 0.000000
vt 0.208092 0.000000
vt 0.225434 0.000000
vt 0.202312 0.000000
vt 0.231214 0.000000
vt 0.236994 0.000000
vt 0.196532 0.000000
vt 0.242775 0.000000
vt 0.190751 0.000000
vt 0.248555 0.000000
vt 0.254335 0.000000
vt 0.184971 0.000000
vt 0.260116 0.000000
vt 0.179191 0.000000
vt 0.265896 0.000000
vt 0.271676 0.000000
vt 0.173410 0.000000
vt 0.277457 0.000000
vt 0.167630 0.000000
vt 0.283237 0.000000
vt 0.289017 0.000000
vt 0.294798 0.000000
vt 0.300578 0.000000
vt 0.306358 0.000000
vt 0.312139 0.000000
vt 0.317919 0.000000
vt 0.323699 0.000000
vt 0.329480 0.000000
vt 0.335260 0.000000
vt 0.341040 0.000000
vt 0.346821 0.000000
vt 0.352601 0.000000
vt 0.358382 0.000000
vt 0.161850 0.000000
vt 0.364162 0.000000
vt 0.156069 0.000000
vt 0.369942 0.000000
vt 0.375723 0.000000
vt 0.381503 0.000000
vt 0.387283 0.000000
vt 0.393064 0.000000
vt 0.150289 0.000000
vt 0.398844 0.000000
vt 0.404624 0.000000
vt 0.410405 0.000000
vt 0.144509 0.000000
vt 0.416185 0.000000
vt 0.421965 0.000000
vt 0.138728 0.000000
vt 0.427746 0.000000
vt 0.433526 0.000000
vt 0.439306 0.000000
vt 0.445087 0.000000
vt 0.450867 0.000000
vt 0.456647 0.000000
vt 0.462428 0.000000
vt 0.994220 0.000000
vt 0.791907 0.000000
vt 0.988439 0.000000
vt 0.468208 0.000000
vt 0.982659 0.000000
vt 0.473988 0.000000
vt 0.976879 0.000000
vt 0.479769 0.000000
vt 0.971098 0.000000
vt 0.965318 0.000000
vt 0.485549 0.000000
vt 0.959538 0.000000
vt 0.491329 0.000000
vt 0.953757 0.000000
vt 0.947977 0.000000
vt 0.497110 0.000000
vt 0.942197 0.000000
vt 0.936416 0.000000
vt 0.502890 0.000000
vt 0.930636 0.000000
vt 0.508671 0.000000
vt 0.924855 0.000000
vt 0.919075 0.000000
vt 0.514451 0.000000
vt 0.913295 0.000000
vt 0.907514 0.000000
vt 0.797688 0.000000
vt 0.520231 0.000000
vt 0.803468 0.000000
vt 0.901734 0.000000
vt 0.809249 0.000000
vt 0.005780 0.000000
vt 0.786127 0.000000
vt 0.132948 0.000000
vt 0.895954 0.000000
vt 0.011561 0.000000
vt 0.815029 0.000000
vt 0.127168 0.000000
vt 0.017341 0.000000
vt 0.526012 0.000000
vt 0.890173 0.000000
vt 0.121387 0.000000
vt 0.820809 0.000000
vt 0.023121 0.000000
vt 0.115607 0.000000
vt 0.826590 0.000000
vt 0.028902 0.000000
vt 0.884393 0.000000
vt 0.109827 0.000000
vt 0.034682 0.000000
vt 0.832370 0.000000
vt 0.104046 0.000000
vt 0.040462 0.000000
vt 0.878613 0.000000
vt 0.098266 0.000000
vt 0.838150 0.000000
vt 0.046243 0.000000
vt 0.092486 0.000000
vt 0.531792 0.000000
vt 0.052023 0.000000
vt 0.872832 0.000000
vt 0.843931 0.000000
vt 0.086705 0.000000
vt 0.057803 0.000000
vt 0.080925 0.000000
vt 0.063584 0.000000
vt 0.849711 0.000000
vt 0.075145 0.000000
vt 0.069364 0.000000
vt 0.867052 0.000000
vt 0.855491 0.000000
vt 0.861272 0.000000
vt 0.647399 0.000000
vt 0.537572 0.000000
vt 0.641618 0.000000
vt 0.653179 0.000000
vt 0.543353 0.000000
vt 0.635838 0.000000
vt 0.658960 0.000000
vt 0.780347 0.000000
vt 0.549133 0.000000
vt 0.630058 0.000000
vt 0.664740 0.000000
vt 0.774566 0.000000
vt 0.624277 0.000000
vt 0.670520 0.000000
vt 0.554913 0.000000
vt 0.768786 0.000000
vt 0.618497 0.000000
vt 0.676301 0.000000
vt 0.763006 0.000000
vt 0.560694 0.000000
vt 0.612717 0.000000
vt 0.682081 0.000000
vt 0.757225 0.000000
vt 0.606936 0.000000
vt 0.687861 0.000000
vt 0.751445 0.000000
vt 0.566474 0.000000
vt 0.601156 0.000000
vt 0.693642 0.000000
vt 0.745665 0.000000
vt 0.595376 0.000000
vt 0.739884 0.000000
vt 0.699422 0.000000
vt 0.572254 0.000000
vt 0.734104 0.000000
vt 0.589595 0.000000
vt 0.705202 0.000000
vt 0.728324 0.000000
vt 0.583815 0.000000
vt 0.710983 0.000000
vt 0.578035 0.000000
vt 0.722543 0.000000
vt 0.716763 0.000000
vt 0.387755 0.000000
vt 0.377551 0.000000
vt 0.367347 0.000000
vt 0.357143 0.000000
vt 0.397959 0.000000
vt 0.346939 0.000000
vt 0.408163 0.000000
vt 0.336735 0.000000
vt 0.418367 0.000000
vt 0.326531 0.000000
vt 0.428571 0.000000
vt 0.316327 0.000000
vt 0.438776 0.000000
vt 0.306122 0.000000
vt 0.448980 0.000000
vt 0.877551 0.000000
vt 0.867347 0.000000
vt 0.887755 0.000000
vt 0.857143 0.000000
vt 0.897959 0.000000
vt 0.846939 0.000000
vt 0.908163 0.000000
vt 0.295918 0.000000
vt 0.836735 0.000000
vt 0.459184 0.000000
vt 0.918367 0.000000
vt 0.826531 0.000000
vt 0.928571 0.000000
vt 0.816327 0.000000
vt 0.938776 0.000000
vt 0.806122 0.000000
vt 0.948980 0.000000
vt 0.469388 0.000000
vt 0.285714 0.000000
vt 0.795918 0.000000
vt 0.959184 0.000000
vt 0.785714 0.000000
vt 0.969388 0.000000
vt 0.479592 0.000000
vt 0.275510 0.000000
vt 0.775510 0.000000
vt 0.979592 0.000000
vt 0.765306 0.000000
vt 0.989796 0.000000
vt 0.489796 0.000000
vt 0.755102 0.000000
vt 0.265306 0.000000
vt 0.255102 0.000000
vt 0.510204 0.000000
vt 0.244898 0.000000
vt 0.234694 0.000000
vt 0.520408 0.000000
vt 0.224490 0.000000
vt 0.214286 0.000000
vt 0.530612 0.000000
vt 0.204082 0.000000
vt 0.540816 0.000000
vt 0.193878 0.000000
vt 0.010204 0.000000
vt 0.744898 0.000000
vt 0.183673 0.000000
vt 0.020408 0.000000
vt 0.030612 0.000000
vt 0.551020 0.000000
vt 0.173469 0.000000
vt 0.040816 0.000000
vt 0.051020 0.000000
vt 0.163265 0.000000
vt 0.061224 0.000000
vt 0.153061 0.000000
vt 0.071429 0.000000
vt 0.561224 0.000000
vt 0.081633 0.000000
vt 0.142857 0.000000
vt 0.091837 0.000000
vt 0.132653 0.000000
vt 0.102041 0.000000
vt 0.112245 0.000000
vt 0.122449 0.000000
vt 0.571429 0.000000
vt 0.734694 0.000000
vt 0.581633 0.000000
vt 0.724490 0.000000
vt 0.714286 0.000000
vt 0.591837 0.000000
vt 0.704082 0.000000
vt 0.693878 0.000000
vt 0.602041 0.000000
vt 0.683673 0.000000
vt 0.673469 0.000000
vt 0.612245 0.000000
vt 0.663265 0.000000
vt 0.653061 0.000000
vt 0.642857 0.000000
vt 0.622449 0.000000
vt 0.632653 0.000000
vt 0.134021 0.000000
vt 0.123711 0.000000
vt 0.113402 0.000000
vt 0.103093 0.000000
vt 0.092784 0.000000
vt 0.144330 0.000000
vt 0.082474 0.000000
vt 0.072165 0.000000
vt 0.061856 0.000000
vt 0.154639 0.000000
vt 0.051546 0.000000
vt 0.041237 0.000000
vt 0.030928 0.000000
vt 0.164948 0.000000
vt 0.020619 0.000000
vt 0.010309 0.000000
vt 0.175258 0.000000
vt 0.896907 0.000000
vt 0.907216 0.000000
vt 0.917526 0.000000
vt 0.927835 0.000000
vt 0.938144 0.000000
vt 0.948454 0.000000
vt 0.958763 0.000000
vt 0.969072 0.000000
vt 0.979381 0.000000
vt 0.989691 0.000000
vt 0.185567 0.000000
vt 0.876289 0.000000
vt 0.886598 0.000000
vt 0.865979 0.000000
vt 0.855670 0.000000
vt 0.845361 0.000000
vt 0.195876 0.000000
vt 0.835052 0.000000
vt 0.824742 0.000000
vt 0.206186 0.000000
vt 0.814433 0.000000
vt 0.804124 0.000000
vt 0.216495 0.000000
vt 0.793814 0.000000
vt 0.226804 0.000000
vt 0.783505 0.000000
vt 0.773196 0.000000
vt 0.237113 0.000000
vt 0.762887 0.000000
vt 0.247423 0.000000
vt 0.752577 0.000000
vt 0.742268 0.000000
vt 0.257732 0.000000
vt 0.731959 0.000000
vt 0.268041 0.000000
vt 0.721649 0.000000
vt 0.278351 0.000000
vt 0.711340 0.000000
vt 0.288660 0.000000
vt 0.701031 0.000000
vt 0.298969 0.000000
vt 0.690722 0.000000
vt 0.515464 0.000000
vt 0.505155 0.000000
vt 0.494845 0.000000
vt 0.680412 0.000000
vt 0.525773 0.000000
vt 0.309278 0.000000
vt 0.536082 0.000000
vt 0.670103 0.000000
vt 0.546392 0.000000
vt 0.556701 0.000000
vt 0.659794 0.000000
vt 0.567010 0.000000
vt 0.319588 0.000000
vt 0.577320 0.000000
vt 0.649485 0.000000
vt 0.587629 0.000000
vt 0.597938 0.000000
vt 0.639175 0.000000
vt 0.608247 0.000000
vt 0.618557 0.000000
vt 0.628866 0.000000
vt 0.329897 0.000000
vt 0.484536 0.000000
vt 0.340206 0.000000
vt 0.474227 0.000000
vt 0.463918 0.000000
vt 0.453608 0.000000
vt 0.350515 0.000000
vt 0.443299 0.000000
vt 0.432990 0.000000
vt 0.422680 0.000000
vt 0.360825 0.000000
vt 0.412371 0.000000
vt 0.402062 0.000000
vt 0.391753 0.000000
vt 0.371134 0.000000
vt 0.381443 0.000000
vt 0.886792 0.000000
vt 0.877358 0.000000
vt 0.867925 0.000000
vt 0.660377 0.000000
vt 0.650943 0.000000
vt 0.641509 0.000000
vt 0.896226 0.000000
vt 0.858491 0.000000
vt 0.669811 0.000000
vt 0.632075 0.000000
vt 0.905660 0.000000
vt 0.849057 0.000000
vt 0.679245 0.000000
vt 0.915094 0.000000
vt 0.839623 0.000000
vt 0.622642 0.000000
vt 0.688679 0.000000
vt 0.924528 0.000000
vt 0.009434 0.000000
vt 0.990566 0.000000
vt 0.830189 0.000000
vt 0.698113 0.000000
vt 0.933962 0.000000
vt 0.613208 0.000000
vt 0.820755 0.000000
vt 0.943396 0.000000
vt 0.707547 0.000000
vt 0.811321 0.000000
vt 0.603774 0.000000
vt 0.952830 0.000000
vt 0.716981 0.000000
vt 0.801887 0.000000
vt 0.962264 0.000000
vt 0.726415 0.000000
vt 0.594340 0.000000
vt 0.792453 0.000000
vt 0.971698 0.000000
vt 0.735849 0.000000
vt 0.783019 0.000000
vt 0.981132 0.000000
vt 0.584906 0.000000
vt 0.745283 0.000000
vt 0.773585 0.000000
vt 0.754717 0.000000
vt 0.396226 0.000000
vt 0.575472 0.000000
vt 0.028302 0.000000
vt 0.037736 0.000000
vt 0.047170 0.000000
vt 0.056604 0.000000
vt 0.066038 0.000000
vt 0.075472 0.000000
vt 0.084906 0.000000
vt 0.094340 0.000000
vt 0.103774 0.000000
vt 0.113208 0.000000
vt 0.122642 0.000000
vt 0.132075 0.000000
vt 0.141509 0.000000
vt 0.764151 0.000000
vt 0.386792 0.000000
vt 0.150943 0.000000
vt 0.405660 0.000000
vt 0.377358 0.000000
vt 0.160377 0.000000
vt 0.415094 0.000000
vt 0.367925 0.000000
vt 0.169811 0.000000
vt 0.424528 0.000000
vt 0.358491 0.000000
vt 0.179245 0.000000
vt 0.433962 0.000000
vt 0.349057 0.000000
vt 0.566038 0.000000
vt 0.188679 0.000000
vt 0.339623 0.000000
vt 0.443396 0.000000
vt 0.330189 0.000000
vt 0.198113 0.000000
vt 0.452830 0.000000
vt 0.320755 0.000000
vt 0.207547 0.000000
vt 0.462264 0.000000
vt 0.311321 0.000000
vt 0.556604 0.000000
vt 0.216981 0.000000
vt 0.301887 0.000000
vt 0.471698 0.000000
vt 0.292453 0.000000
vt 0.226415 0.000000
vt 0.481132 0.000000
vt 0.283019 0.000000
vt 0.547170 0.000000
vt 0.235849 0.000000
vt 0.018868 0.000000
vt 0.273585 0.000000
vt 0.490566 0.000000
vt 0.245283 0.000000
vt 0.537736 0.000000
vt 0.254717 0.000000
vt 0.509434 0.000000
vt 0.528302 0.000000
vt 0.264151 0.000000
vt 0.518868 0.000000
vt 0.653465 0.000000
vt 0.643564 0.000000
vt 0.633663 0.000000
vt 0.623762 0.000000
vt 0.613861 0.000000
vt 0.603960 0.000000
vt 0.663366 0.000000
vt 0.594059 0.000000
vt 0.584158 0.000000
vt 0.574257 0.000000
vt 0.673267 0.000000
vt 0.564356 0.000000
vt 0.554455 0.000000
vt 0.683168 0.000000
vt 0.544554 0.000000
vt 0.534653 0.000000
vt 0.693069 0.000000
vt 0.524752 0.000000
vt 0.415842 0.000000
vt 0.425743 0.000000
vt 0.435644 0.000000
vt 0.445545 0.000000
vt 0.455446 0.000000
vt 0.465347 0.000000
vt 0.475248 0.000000
vt 0.485149 0.000000
vt 0.495050 0.000000
vt 0.504951 0.000000
vt 0.514852 0.000000
vt 0.702970 0.000000
vt 0.396040 0.000000
vt 0.405941 0.000000
vt 0.386139 0.000000
vt 0.376238 0.000000
vt 0.366337 0.000000
vt 0.712871 0.000000
vt 0.356436 0.000000
vt 0.346535 0.000000
vt 0.722772 0.000000
vt 0.336634 0.000000
vt 0.326733 0.000000
vt 0.732673 0.000000
vt 0.316832 0.000000
vt 0.742574 0.000000
vt 0.306931 0.000000
vt 0.297030 0.000000
vt 0.752475 0.000000
vt 0.287129 0.000000
vt 0.762376 0.000000
vt 0.277228 0.000000
vt 0.267327 0.000000
vt 0.772277 0.000000
vt 0.019802 0.000000
vt 0.009901 0.000000
vt 0.029703 0.000000
vt 0.257426 0.000000
vt 0.782178 0.000000
vt 0.247525 0.000000
vt 0.039604 0.000000
vt 0.792079 0.000000
vt 0.237624 0.000000
vt 0.227723 0.000000
vt 0.801980 0.000000
vt 0.217822 0.000000
vt 0.811881 0.000000
vt 0.207921 0.000000
vt 0.198020 0.000000
vt 0.821782 0.000000
vt 0.188119 0.000000
vt 0.049505 0.000000
vt 0.059406 0.000000
vt 0.069307 0.000000
vt 0.178218 0.000000
vt 0.079208 0.000000
vt 0.089109 0.000000
vt 0.099010 0.000000
vt 0.168317 0.000000
vt 0.831683 0.000000
vt 0.108911 0.000000
vt 0.118812 0.000000
vt 0.128713 0.000000
vt 0.158416 0.000000
vt 0.138614 0.000000
vt 0.148515 0.000000
vt 0.841584 0.000000
vt 0.990099 0.000000
vt 0.980198 0.000000
vt 0.851485 0.000000
vt 0.970297 0.000000
vt 0.960396 0.000000
vt 0.861386 0.000000
vt 0.950495 0.000000
vt 0.940594 0.000000
vt 0.930693 0.000000
vt 0.871287 0.000000
vt 0.920792 0.000000
vt 0.910891 0.000000
vt 0.900990 0.000000
vt 0.881188 0.000000
vt 0.891089 0.000000
s 1
usemtl マテリアル.001
f 112/1/1 111/2/1 110/3/1
f 113/4/1 112/1/1 110/3/1
f 113/4/1 110/3/1 109/5/1
f 114/6/1 113/4/1 109/5/1
f 114/6/1 109/5/1 108/7/1
f 115/8/1 114/6/1 108/7/1
f 115/8/1 108/7/1 107/9/1
f 116/10/1 115/8/1 107/9/1
f 116/10/1 107/9/1 106/11/1
f 117/12/1 116/10/1 106/11/1
f 117/12/1 106/11/1 105/13/1
f 118/14/1 117/12/1 105/13/1
f 118/14/1 105/13/1 104/15/1
f 119/16/1 118/14/1 104/15/1
f 119/16/1 104/15/1 103/17/1
f 120/18/1 119/16/1 103/17/1
f 120/18/1 103/17/1 102/19/1
f 121/20/1 120/18/1 102/19/1
f 121/20/1 102/19/1 101/21/1
f 122/22/1 121/20/1 101/21/1
f 122/22/1 101/21/1 100/23/1
f 49/24/1 122/22/1 100/23/1
f 49/24/1 100/23/1 99/25/1
f 50/26/1 49/24/1 99/25/1
f 50/26/1 99/25/1 98/27/1
f 50/26/1 98/27/1 97/28/1
f 51/29/1 50/26/1 97/28/1
f 51/29/1 97/28/1 96/30/1
f 52/31/1 51/29/1 96/30/1
f 52/31/1 96/30/1 95/32/1
f 53/33/1 52/31/1 95/32/1
f 53/33/1 95/32/1 94/34/1
f 54/35/1 53/33/1 94/34/1
f 54/35/1 94/34/1 93/36/1
f 55/37/1 54/35/1 93/36/1
f 55/37/1 93/36/1 92/38/1
f 56/39/1 55/37/1 92/38/1
f 56/39/1 92/38/1 91/40/1
f 57/41/1 56/39/1 91/40/1
f 57/41/1 91/40/1 90/42/1
f 58/43/1 57/41/1 90/42/1
f 58/43/1 90/42/1 89/44/1
f 59/45/1 58/43/1 89/44/1
f 59/45/1 89/44/1 88/46/1
f 60/47/1 59/45/1 88/46/1
f 60/47/1 88/46/1 87/48/1
f 61/49/1 60/47/1 87/48/1
f 62/50/1 61/49/1 87/48/1
f 62/50/1 87/48/1 86/51/1
f 63/52/1 62/50/1 86/51/1
f 63/52/1 86/51/1 85/53/1
f 64/54/1 63/52/1 85/53/1
f 64/54/1 85/53/1 84/55/1
f 65/56/1 64/54/1 84/55/1
f 65/56/1 84/55/1 83/57/1
f 66/58/1 65/56/1 83/57/1
f 66/58/1 83/57/1 82/59/1
f 67/60/1 66/58/1 82/59/1
f 67/60/1 82/59/1 81/61/1
f 68/62/1 67/60/1 81/61/1
f 68/62/1 81/61/1 80/63/1
f 69/64/1 68/62/1 80/63/1
f 69/64/1 80/63/1 79/65/1
f 70/66/1 69/64/1 79/65/1
f 70/66/1 79/65/1 78/67/1
f 71/68/1 70/66/1 78/67/1
f 71/68/1 78/67/1 77/69/1
f 72/70/1 71/68/1 77/69/1
f 72/70/1 77/69/1 76/71/1
f 73/72/1 72/70/1 76/71/1
f 73/72/1 76/71/1 75/73/1
f 74/74/1 73/72/1 75/73/1
f 2/75/1 1/76/1 48/77/1
f 3/78/1 2/75/1 48/77/1
f 3/78/1 48/77/1 47/79/1
f 4/80/1 3/78/1 47/79/1
f 4/80/1 47/79/1 46/81/1
f 5/82/1 4/80/1 46/81/1
f 5/82/1 46/81/1 45/83/1
f 6/84/1 5/82/1 45/83/1
f 6/84/1 45/83/1 44/85/1
f 7/86/1 6/84/1 44/85/1
f 7/86/1 44/85/1 43/87/1
f 8/88/1 7/86/1 43/87/1
f 8/88/1 43/87/1 42/89/1
f 9/90/1 8/88/1 42/89/1
f 9/90/1 42/89/1 41/91/1
f 10/92/1 9/90/1 41/91/1
f 10/92/1 41/91/1 40/93/1
f 11/94/1 10/92/1 40/93/1
f 11/94/1 40/93/1 39/95/1
f 12/96/1 11/94/1 39/95/1
f 12/96/1 39/95/1 38/97/1
f 12/96/1 38/97/1 37/98/1
f 13/99/1 12/96/1 37/98/1
f 14/100/1 13/99/1 37/98/1
f 14/100/1 37/98/1 36/101/1
f 15/102/1 14/100/1 36/101/1
f 15/102/1 36/101/1 35/103/1
f 16/104/1 15/102/1 35/103/1
f 16/104/1 35/103/1 34/105/1
f 17/106/1 16/104/1 34/105/1
f 17/106/1 34/105/1 33/107/1
f 18/108/1 17/106/1 33/107/1
f 18/108/1 33/107/1 32/109/1
f 19/110/1 18/108/1 32/109/1
f 19/110/1 32/109/1 31/111/1
f 20/112/1 19/110/1 31/111/1
f 20/112/1 31/111/1 30/113/1
f 21/114/1 20/112/1 30/113/1
f 21/114/1 30/113/1 29/115/1
f 22/116/1 21/114/1 29/115/1
f 22/116/1 29/115/1 28/117/1
f 23/118/1 22/116/1 28/117/1
f 23/118/1 28/117/1 27/119/1
f 24/120/1 23/118/1 27/119/1
f 24/120/1 27/119/1 26/121/1
f 25/122/1 24/120/1 26/121/1
f 234/1/1 233/2/1 232/3/1
f 235/4/1 234/1/1 232/3/1
f 235/4/1 232/3/1 231/5/1
f 236/6/1 235/4/1 231/5/1
f 236/6/1 231/5/1 230/7/1
f 237/8/1 236/6/1 230/7/1
f 237/8/1 230/7/1 229/9/1
f 238/10/1 237/8/1 229/9/1
f 238/10/1 229/9/1 228/11/1
f 239/12/1 238/10/1 228/11/1
f 239/12/1 228/11/1 227/13/1
f 240/14/1 239/12/1 227/13/1
f 240/14/1 227/13/1 226/15/1
f 241/16/1 240/14/1 226/15/1
f 241/16/1 226/15/1 225/17/1
f 242/18/1 241/16/1 225/17/1
f 242/18/1 225/17/1 224/19/1
f 243/20/1 242/18/1 224/19/1
f 243/20/1 224/19/1 223/21/1
f 244/22/1 243/20/1 223/21/1
f 244/22/1 223/21/1 222/23/1
f 171/24/1 244/22/1 222/23/1
f 171/24/1 222/23/1 221/25/1
f 172/26/1 171/24/1 221/25/1
f 172/26/1 221/25/1 220/27/1
f 172/26/1 220/27/1 219/28/1
f 173/29/1 172/26/1 219/28/1
f 173/29/1 219/28/1 218/30/1
f 174/31/1 173/29/1 218/30/1
f 174/31/1 218/30/1 217/32/1
f 175/33/1 174/31/1 217/32/1
f 175/33/1 217/32/1 216/34/1
f 176/35/1 175/33/1 216/34/1
f 176/35/1 216/34/1 215/36/1
f 177/37/1 176/35/1 215/36/1
f 177/37/1 215/36/1 214/38/1
f 178/39/1 177/37/1 214/38/1
f 178/39/1 214/38/1 213/40/1
f 179/41/1 178/39/1 213/40/1
f 179/41/1 213/40/1 212/42/1
f 180/43/1 179/41/1 212/42/1
f 180/43/1 212/42/1 211/44/1
f 181/45/1 180/43/1 211/44/1
f 181/45/1 211/44/1 210/46/1
f 182/47/1 181/45/1 210/46/1
f 182/47/1 210/46/1 209/48/1
f 183/49/1 182/47/1 209/48/1
f 184/50/1 183/49/1 209/48/1
f 184/50/1 209/48/1 208/51/1
f 185/52/1 184/50/1 208/51/1
f 185/52/1 208/51/1 207/53/1
f 186/54/1 185/52/1 207/53/1
f 186/54/1 207/53/1 206/55/1
f 187/56/1 186/54/1 206/55/1
f 187/56/1 206/55/1 205/57/1
f 188/58/1 187/56/1 205/57/1
f 188/58/1 205/57/1 204/59/1
f 189/60/1 188/58/1 204/59/1
f 189/60/1 204/59/1 203/61/1
f 190/62/1 189/60/1 203/61/1
f 190/62/1 203/61/1 202/63/1
f 191/64/1 190/62/1 202/63/1
f 191/64/1 202/63/1 201/65/1
f 192/66/1 191/64/1 201/65/1
f 192/66/1 201/65/1 200/67/1
f 193/68/1 192/66/1 200/67/1
f 193/68/1 200/67/1 199/69/1
f 194/70/1 193/68/1 199/69/1
f 194/70/1 199/69/1 198/71/1
f 195/72/1 194/70/1 198/71/1
f 195/72/1 198/71/1 197/73/1
f 196/74/1 195/72/1 197/73/1
f 124/75/1 123/76/1 170/77/1
f 125/78/1 124/75/1 170/77/1
f 125/78/1 170/77/1 169/79/1
f 126/80/1 125/78/1 169/79/1
f 126/80/1 169/79/1 168/81/1
f 127/82/1 126/80/1 168/81/1
f 127/82/1 168/81/1 167/83/1
f 128/84/1 127/82/1 167/83/1
f 128/84/1 167/83/1 166/85/1
f 129/86/1 128/84/1 166/85/1
f 129/86/1 166/85/1 165/87/1
f 130/88/1 129/86/1 165/87/1
f 130/88/1 165/87/1 164/89/1
f 131/90/1 130/88/1 164/89/1
f 131/90/1 164/89/1 163/91/1
f 132/92/1 131/90/1 163/91/1
f 132/92/1 163/91/1 162/93/1
f 133/94/1 132/92/1 162/93/1
f 133/94/1 162/93/1 161/95/1
f 134/96/1 133/94/1 161/95/1
f 134/96/1 161/95/1 160/97/1
f 134/96/1 160/97/1 159/98/1
f 135/99/1 134/96/1 159/98/1
f 136/100/1 135/99/1 159/98/1
f 136/100/1 159/98/1 158/101/1
f 137/102/1 136/100/1 158/101/1
f 137/102/1 158/101/1 157/103/1
f 138/104/1 137/102/1 157/103/1
f 138/104/1 157/103/1 156/105/1
f 139/106/1 138/104/1 156/105/1
f 139/106/1 156/105/1 155/107/1
f 140/108/1 139/106/1 155/107/1
f 140/108/1 155/107/1 154/109/1
f 141/110/1 140/108/1 154/109/1
f 141/110/1 154/109/1 153/111/1
f 142/112/1 141/110/1 153/111/1
f 142/112/1 153/111/1 152/113/1
f 143/114/1 142/112/1 152/113/1
f 143/114/1 152/113/1 151/115/1
f 144/116/1 143/114/1 151/115/1
f 144/116/1 151/115/1 150/117/1
f 145/118/1 144/116/1 150/117/1
f 145/118/1 150/117/1 149/119/1
f 146/120/1 145/118/1 149/119/1
f 146/120/1 149/119/1 148/121/1
f 147/122/1 146/120/1 148/121/1
f 286/123/1 285/124/1 284/125/1
f 286/123/1 284/125/1 283/126/1
f 287/127/1 286/123/1 283/126/1
f 287/127/1 283/126/1 282/128/1
f 288/129/1 287/127/1 282/128/1
f 288/129/1 282/128/1 281/130/1
f 288/129/1 281/130/1 280/131/1
f 289/132/1 288/129/1 280/131/1
f 289/132/1 280/131/1 279/133/1
f 246/134/1 245/76/1 299/22/1
f 246/134/1 299/22/1 298/135/1
f 290/136/1 289/132/1 279/133/1
f 290/136/1 279/133/1 278/137/1
f 290/136/1 278/137/1 277/138/1
f 291/139/1 290/136/1 277/138/1
f 291/139/1 277/138/1 276/140/1
f 292/141/1 291/139/1 276/140/1
f 292/141/1 276/140/1 275/142/1
f 292/141/1 275/142/1 274/143/1
f 293/144/1 292/141/1 274/143/1
f 293/144/1 274/143/1 273/145/1
f 294/146/1 293/144/1 273/145/1
f 294/146/1 273/145/1 263/147/1
f 263/147/1 273/145/1 264/148/1
f 264/148/1 273/145/1 265/149/1
f 265/149/1 273/145/1 266/150/1
f 266/150/1 273/145/1 267/151/1
f 267/151/1 273/145/1 268/152/1
f 268/152/1 273/145/1 269/153/1
f 269/153/1 273/145/1 270/154/1
f 270/154/1 273/145/1 271/155/1
f 271/155/1 273/145/1 272/156/1
f 295/157/1 294/146/1 261/158/1
f 261/158/1 294/146/1 262/159/1
f 262/159/1 294/146/1 263/147/1
f 296/160/1 295/157/1 259/161/1
f 259/161/1 295/157/1 260/162/1
f 260/162/1 295/157/1 261/158/1
f 296/160/1 259/161/1 258/163/1
f 296/160/1 258/163/1 257/164/1
f 297/165/1 296/160/1 257/164/1
f 297/165/1 257/164/1 256/166/1
f 297/165/1 256/166/1 255/167/1
f 246/134/1 298/135/1 297/165/1
f 246/134/1 297/165/1 251/168/1
f 251/168/1 297/165/1 252/169/1
f 252/169/1 297/165/1 253/170/1
f 253/170/1 297/165/1 254/171/1
f 254/171/1 297/165/1 255/167/1
f 246/134/1 251/168/1 250/172/1
f 246/134/1 250/172/1 249/173/1
f 246/134/1 249/173/1 248/174/1
f 246/134/1 248/174/1 247/175/1
f 338/176/1 337/177/1 336/178/1
f 339/179/1 338/176/1 336/178/1
f 339/179/1 336/178/1 335/180/1
f 340/181/1 339/179/1 335/180/1
f 341/182/1 340/181/1 335/180/1
f 341/182/1 335/180/1 334/183/1
f 342/184/1 341/182/1 334/183/1
f 342/184/1 334/183/1 333/185/1
f 343/186/1 342/184/1 333/185/1
f 344/187/1 343/186/1 333/185/1
f 344/187/1 333/185/1 332/188/1
f 345/189/1 344/187/1 332/188/1
f 345/189/1 332/188/1 331/190/1
f 346/191/1 345/189/1 331/190/1
f 347/192/1 346/191/1 331/190/1
f 347/192/1 331/190/1 330/193/1
f 348/194/1 347/192/1 330/193/1
f 348/194/1 330/193/1 329/195/1
f 349/196/1 348/194/1 329/195/1
f 350/197/1 349/196/1 351/198/1
f 351/198/1 349/196/1 352/199/1
f 352/199/1 349/196/1 353/200/1
f 353/200/1 349/196/1 354/201/1
f 354/201/1 349/196/1 355/202/1
f 355/202/1 349/196/1 356/203/1
f 356/203/1 349/196/1 357/204/1
f 357/204/1 349/196/1 358/205/1
f 358/205/1 349/196/1 359/206/1
f 359/206/1 349/196/1 360/207/1
f 360/207/1 349/196/1 329/195/1
f 360/207/1 329/195/1 361/208/1
f 361/208/1 329/195/1 362/209/1
f 362/209/1 329/195/1 328/210/1
f 362/209/1 328/210/1 363/211/1
f 363/211/1 328/210/1 327/212/1
f 364/213/1 363/211/1 327/212/1
f 365/214/1 364/213/1 327/212/1
f 366/215/1 365/214/1 327/212/1
f 367/216/1 366/215/1 327/212/1
f 368/217/1 367/216/1 327/212/1
f 368/217/1 327/212/1 326/218/1
f 369/219/1 368/217/1 326/218/1
f 370/220/1 369/219/1 326/218/1
f 371/221/1 370/220/1 326/218/1
f 371/221/1 326/218/1 325/222/1
f 372/223/1 371/221/1 325/222/1
f 373/224/1 372/223/1 325/222/1
f 373/224/1 325/222/1 324/225/1
f 374/226/1 373/224/1 324/225/1
f 375/227/1 374/226/1 324/225/1
f 376/228/1 375/227/1 473/22/1
f 473/22/1 375/227/1 324/225/1
f 377/229/1 376/228/1 473/22/1
f 378/230/1 377/229/1 473/22/1
f 379/231/1 378/230/1 473/22/1
f 380/232/1 379/231/1 473/22/1
f 380/232/1 473/22/1 472/233/1
f 437/234/1 473/22/1 324/225/1
f 380/232/1 472/233/1 471/235/1
f 381/236/1 380/232/1 471/235/1
f 381/236/1 471/235/1 470/237/1
f 382/238/1 381/236/1 470/237/1
f 382/238/1 470/237/1 469/239/1
f 383/240/1 382/238/1 469/239/1
f 383/240/1 469/239/1 468/241/1
f 383/240/1 468/241/1 467/242/1
f 384/243/1 383/240/1 467/242/1
f 384/243/1 467/242/1 466/244/1
f 385/245/1 384/243/1 466/244/1
f 385/245/1 466/244/1 465/246/1
f 385/245/1 465/246/1 464/247/1
f 386/248/1 385/245/1 464/247/1
f 386/248/1 464/247/1 463/249/1
f 386/248/1 463/249/1 462/250/1
f 387/251/1 386/248/1 462/250/1
f 387/251/1 462/250/1 461/252/1
f 388/253/1 387/251/1 461/252/1
f 388/253/1 461/252/1 460/254/1
f 388/253/1 460/254/1 459/255/1
f 389/256/1 388/253/1 459/255/1
f 389/256/1 459/255/1 458/257/1
f 389/256/1 458/257/1 457/258/1
f 438/259/1 437/234/1 324/225/1
f 390/260/1 389/256/1 457/258/1
f 439/261/1 438/259/1 324/225/1
f 390/260/1 457/258/1 456/262/1
f 440/263/1 439/261/1 324/225/1
f 301/264/1 300/76/1 436/265/1
f 440/263/1 324/225/1 323/266/1
f 390/260/1 456/262/1 455/267/1
f 302/268/1 301/264/1 436/265/1
f 441/269/1 440/263/1 323/266/1
f 441/269/1 323/266/1 322/270/1
f 303/271/1 302/268/1 436/265/1
f 391/272/1 390/260/1 455/267/1
f 391/272/1 455/267/1 454/273/1
f 441/269/1 322/270/1 321/274/1
f 442/275/1 441/269/1 321/274/1
f 304/276/1 303/271/1 436/265/1
f 442/275/1 321/274/1 320/277/1
f 443/278/1 442/275/1 320/277/1
f 305/279/1 304/276/1 436/265/1
f 391/272/1 454/273/1 453/280/1
f 443/278/1 320/277/1 319/281/1
f 306/282/1 305/279/1 436/265/1
f 444/283/1 443/278/1 319/281/1
f 444/283/1 319/281/1 318/284/1
f 307/285/1 306/282/1 436/265/1
f 391/272/1 453/280/1 452/286/1
f 444/283/1 318/284/1 317/287/1
f 445/288/1 444/283/1 317/287/1
f 308/289/1 307/285/1 436/265/1
f 445/288/1 317/287/1 316/290/1
f 392/291/1 391/272/1 452/286/1
f 309/292/1 308/289/1 436/265/1
f 392/291/1 452/286/1 451/293/1
f 446/294/1 445/288/1 316/290/1
f 446/294/1 316/290/1 315/295/1
f 310/296/1 309/292/1 436/265/1
f 446/294/1 315/295/1 314/297/1
f 311/298/1 310/296/1 436/265/1
f 447/299/1 446/294/1 314/297/1
f 447/299/1 314/297/1 313/300/1
f 312/301/1 311/298/1 436/265/1
f 447/299/1 313/300/1 312/301/1
f 392/291/1 451/293/1 450/302/1
f 447/299/1 312/301/1 436/265/1
f 448/303/1 447/299/1 436/265/1
f 392/291/1 450/302/1 449/304/1
f 449/304/1 448/303/1 436/265/1
f 392/291/1 449/304/1 412/305/1
f 412/305/1 449/304/1 436/265/1
f 393/306/1 392/291/1 412/305/1
f 393/306/1 412/305/1 411/307/1
f 413/308/1 412/305/1 436/265/1
f 394/309/1 393/306/1 411/307/1
f 394/309/1 411/307/1 410/310/1
f 414/311/1 413/308/1 436/265/1
f 414/311/1 436/265/1 435/312/1
f 395/313/1 394/309/1 410/310/1
f 395/313/1 410/310/1 409/314/1
f 415/315/1 414/311/1 435/312/1
f 415/315/1 435/312/1 434/316/1
f 395/313/1 409/314/1 408/317/1
f 416/318/1 415/315/1 434/316/1
f 396/319/1 395/313/1 408/317/1
f 416/318/1 434/316/1 433/320/1
f 396/319/1 408/317/1 407/321/1
f 417/322/1 416/318/1 433/320/1
f 417/322/1 433/320/1 432/323/1
f 397/324/1 396/319/1 407/321/1
f 397/324/1 407/321/1 406/325/1
f 418/326/1 417/322/1 432/323/1
f 418/326/1 432/323/1 431/327/1
f 397/324/1 406/325/1 405/328/1
f 419/329/1 418/326/1 431/327/1
f 419/329/1 431/327/1 430/330/1
f 398/331/1 397/324/1 405/328/1
f 398/331/1 405/328/1 404/332/1
f 420/333/1 419/329/1 430/330/1
f 420/333/1 430/330/1 429/334/1
f 398/331/1 404/332/1 403/335/1
f 420/333/1 429/334/1 428/336/1
f 421/337/1 420/333/1 428/336/1
f 399/338/1 398/331/1 403/335/1
f 421/337/1 428/336/1 427/339/1
f 399/338/1 403/335/1 402/340/1
f 422/341/1 421/337/1 427/339/1
f 422/341/1 427/339/1 426/342/1
f 399/338/1 402/340/1 401/343/1
f 423/344/1 422/341/1 426/342/1
f 400/345/1 399/338/1 401/343/1
f 423/344/1 426/342/1 425/346/1
f 424/347/1 423/344/1 425/346/1
f 512/348/1 511/349/1 510/350/1
f 512/348/1 510/350/1 509/351/1
f 513/352/1 512/348/1 509/351/1
f 513/352/1 509/351/1 508/353/1
f 514/354/1 513/352/1 508/353/1
f 514/354/1 508/353/1 507/355/1
f 515/356/1 514/354/1 507/355/1
f 515/356/1 507/355/1 506/357/1
f 516/358/1 515/356/1 506/357/1
f 516/358/1 506/357/1 505/359/1
f 517/360/1 516/358/1 505/359/1
f 517/360/1 505/359/1 504/361/1
f 518/362/1 517/360/1 560/363/1
f 560/363/1 517/360/1 504/361/1
f 518/362/1 560/363/1 559/364/1
f 561/365/1 560/363/1 504/361/1
f 518/362/1 559/364/1 558/366/1
f 562/367/1 561/365/1 504/361/1
f 518/362/1 558/366/1 557/368/1
f 563/369/1 562/367/1 504/361/1
f 563/369/1 504/361/1 503/370/1
f 518/362/1 557/368/1 556/371/1
f 519/372/1 518/362/1 556/371/1
f 564/373/1 563/369/1 503/370/1
f 519/372/1 556/371/1 555/374/1
f 565/375/1 564/373/1 503/370/1
f 519/372/1 555/374/1 554/376/1
f 566/377/1 565/375/1 503/370/1
f 519/372/1 554/376/1 553/378/1
f 567/379/1 566/377/1 503/370/1
f 520/380/1 519/372/1 553/378/1
f 567/379/1 503/370/1 502/381/1
f 520/380/1 553/378/1 552/382/1
f 568/383/1 567/379/1 502/381/1
f 520/380/1 552/382/1 551/384/1
f 569/385/1 568/383/1 502/381/1
f 521/386/1 520/380/1 551/384/1
f 569/385/1 502/381/1 501/387/1
f 521/386/1 551/384/1 550/388/1
f 570/389/1 569/385/1 501/387/1
f 521/386/1 550/388/1 549/390/1
f 571/391/1 570/389/1 501/387/1
f 522/392/1 521/386/1 549/390/1
f 522/392/1 549/390/1 548/393/1
f 571/391/1 501/387/1 500/394/1
f 572/22/1 571/391/1 500/394/1
f 522/392/1 548/393/1 572/22/1
f 522/392/1 572/22/1 500/394/1
f 523/156/1 522/392/1 500/394/1
f 523/156/1 500/394/1 499/395/1
f 524/396/1 523/156/1 498/397/1
f 498/397/1 523/156/1 499/395/1
f 524/396/1 498/397/1 497/398/1
f 525/399/1 524/396/1 497/398/1
f 525/399/1 497/398/1 496/400/1
f 525/399/1 496/400/1 495/401/1
f 526/402/1 525/399/1 495/401/1
f 526/402/1 495/401/1 494/403/1
f 527/404/1 526/402/1 494/403/1
f 527/404/1 494/403/1 493/405/1
f 475/406/1 474/76/1 547/407/1
f 527/404/1 493/405/1 492/408/1
f 476/409/1 475/406/1 547/407/1
f 477/410/1 476/409/1 547/407/1
f 528/411/1 527/404/1 492/408/1
f 528/411/1 492/408/1 491/412/1
f 478/413/1 477/410/1 547/407/1
f 479/414/1 478/413/1 547/407/1
f 528/411/1 491/412/1 490/415/1
f 480/416/1 479/414/1 547/407/1
f 528/411/1 490/415/1 489/417/1
f 481/418/1 480/416/1 547/407/1
f 529/419/1 528/411/1 489/417/1
f 482/420/1 481/418/1 547/407/1
f 529/419/1 489/417/1 488/421/1
f 483/422/1 482/420/1 547/407/1
f 529/419/1 488/421/1 487/423/1
f 484/424/1 483/422/1 547/407/1
f 485/425/1 484/424/1 547/407/1
f 529/419/1 487/423/1 486/426/1
f 486/426/1 485/425/1 547/407/1
f 529/419/1 486/426/1 547/407/1
f 530/427/1 529/419/1 547/407/1
f 530/427/1 547/407/1 546/428/1
f 531/429/1 530/427/1 546/428/1
f 531/429/1 546/428/1 545/430/1
f 531/429/1 545/430/1 544/431/1
f 532/432/1 531/429/1 544/431/1
f 532/432/1 544/431/1 543/433/1
f 532/432/1 543/433/1 542/434/1
f 533/435/1 532/432/1 542/434/1
f 533/435/1 542/434/1 541/436/1
f 533/435/1 541/436/1 540/437/1
f 534/438/1 533/435/1 540/437/1
f 534/438/1 540/437/1 539/439/1
f 534/438/1 539/439/1 538/440/1
f 534/438/1 538/440/1 537/441/1
f 535/442/1 534/438/1 537/441/1
f 535/442/1 537/441/1 536/443/1
f 575/130/1 574/147/1 573/76/1
f 575/130/1 573/76/1 576/22/1
f 590/444/1 589/445/1 588/446/1
f 590/444/1 588/446/1 587/447/1
f 590/444/1 587/447/1 586/448/1
f 591/449/1 590/444/1 586/448/1
f 591/449/1 586/448/1 585/450/1
f 591/449/1 585/450/1 584/451/1
f 591/449/1 584/451/1 583/452/1
f 592/453/1 591/449/1 583/452/1
f 592/453/1 583/452/1 582/454/1
f 592/453/1 582/454/1 581/455/1
f 592/453/1 581/455/1 580/456/1
f 593/457/1 592/453/1 580/456/1
f 593/457/1 580/456/1 579/458/1
f 593/457/1 579/458/1 578/459/1
f 593/457/1 578/459/1 577/76/1
f 594/460/1 593/457/1 577/76/1
f 594/460/1 577/76/1 664/461/1
f 664/461/1 577/76/1 665/462/1
f 665/462/1 577/76/1 666/463/1
f 666/463/1 577/76/1 667/464/1
f 667/464/1 577/76/1 668/465/1
f 668/465/1 577/76/1 669/466/1
f 669/466/1 577/76/1 670/467/1
f 670/467/1 577/76/1 671/468/1
f 671/468/1 577/76/1 672/469/1
f 672/469/1 577/76/1 673/470/1
f 673/470/1 577/76/1 674/22/1
f 595/471/1 594/460/1 662/472/1
f 662/472/1 594/460/1 663/473/1
f 663/473/1 594/460/1 664/461/1
f 595/471/1 662/472/1 661/474/1
f 595/471/1 661/474/1 660/475/1
f 595/471/1 660/475/1 659/476/1
f 596/477/1 595/471/1 659/476/1
f 596/477/1 659/476/1 658/478/1
f 596/477/1 658/478/1 657/479/1
f 597/480/1 596/477/1 657/479/1
f 597/480/1 657/479/1 656/481/1
f 597/480/1 656/481/1 655/482/1
f 598/483/1 597/480/1 655/482/1
f 598/483/1 655/482/1 654/484/1
f 599/485/1 598/483/1 654/484/1
f 599/485/1 654/484/1 653/486/1
f 599/485/1 653/486/1 652/487/1
f 600/488/1 599/485/1 652/487/1
f 600/488/1 652/487/1 651/489/1
f 601/490/1 600/488/1 651/489/1
f 601/490/1 651/489/1 650/491/1
f 601/490/1 650/491/1 649/492/1
f 602/493/1 601/490/1 649/492/1
f 602/493/1 649/492/1 648/494/1
f 603/495/1 602/493/1 648/494/1
f 603/495/1 648/494/1 647/496/1
f 604/497/1 603/495/1 647/496/1
f 604/497/1 647/496/1 646/498/1
f 605/499/1 604/497/1 646/498/1
f 605/499/1 646/498/1 645/500/1
f 606/501/1 605/499/1 645/500/1
f 606/501/1 645/500/1 644/502/1
f 627/503/1 626/504/1 625/505/1
f 606/501/1 644/502/1 643/506/1
f 628/507/1 627/503/1 625/505/1
f 607/508/1 606/501/1 643/506/1
f 629/509/1 628/507/1 625/505/1
f 607/508/1 643/506/1 642/510/1
f 630/511/1 629/509/1 625/505/1
f 631/512/1 630/511/1 625/505/1
f 607/508/1 642/510/1 641/513/1
f 632/514/1 631/512/1 625/505/1
f 608/515/1 607/508/1 641/513/1
f 633/516/1 632/514/1 625/505/1
f 608/515/1 641/513/1 640/517/1
f 634/518/1 633/516/1 625/505/1
f 635/519/1 634/518/1 625/505/1
f 608/515/1 640/517/1 639/520/1
f 636/521/1 635/519/1 625/505/1
f 637/522/1 636/521/1 625/505/1
f 608/515/1 639/520/1 638/523/1
f 638/523/1 637/522/1 625/505/1
f 608/515/1 638/523/1 625/505/1
f 609/524/1 608/515/1 625/505/1
f 609/524/1 625/505/1 624/525/1
f 610/526/1 609/524/1 624/525/1
f 610/526/1 624/525/1 623/527/1
f 610/526/1 623/527/1 622/528/1
f 610/526/1 622/528/1 621/529/1
f 611/530/1 610/526/1 621/529/1
f 611/530/1 621/529/1 620/531/1
f 611/530/1 620/531/1 619/532/1
f 611/530/1 619/532/1 618/533/1
f 612/534/1 611/530/1 618/533/1
f 612/534/1 618/533/1 617/535/1
f 612/534/1 617/535/1 616/536/1
f 612/534/1 616/536/1 615/537/1
f 613/538/1 612/534/1 615/537/1
f 613/538/1 615/537/1 614/539/1
f 713/348/1 712/349/1 711/350/1
f 713/348/1 711/350/1 710/351/1
f 714/352/1 713/348/1 710/351/1
f 714/352/1 710/351/1 709/353/1
f 715/354/1 714/352/1 709/353/1
f 715/354/1 709/353/1 708/355/1
f 716/356/1 715/354/1 708/355/1
f 716/356/1 708/355/1 707/357/1
f 717/358/1 716/356/1 707/357/1
f 717/358/1 707/357/1 706/359/1
f 718/360/1 717/358/1 706/359/1
f 718/360/1 706/359/1 705/361/1
f 719/362/1 718/360/1 761/363/1
f 761/363/1 718/360/1 705/361/1
f 719/362/1 761/363/1 760/364/1
f 762/365/1 761/363/1 705/361/1
f 719/362/1 760/364/1 759/366/1
f 763/367/1 762/365/1 705/361/1
f 719/362/1 759/366/1 758/368/1
f 764/369/1 763/367/1 705/361/1
f 764/369/1 705/361/1 704/370/1
f 719/362/1 758/368/1 757/371/1
f 720/372/1 719/362/1 757/371/1
f 765/373/1 764/369/1 704/370/1
f 720/372/1 757/371/1 756/374/1
f 766/375/1 765/373/1 704/370/1
f 720/372/1 756/374/1 755/376/1
f 767/377/1 766/375/1 704/370/1
f 720/372/1 755/376/1 754/378/1
f 768/379/1 767/377/1 704/370/1
f 721/380/1 720/372/1 754/378/1
f 768/379/1 704/370/1 703/381/1
f 721/380/1 754/378/1 753/382/1
f 769/383/1 768/379/1 703/381/1
f 721/380/1 753/382/1 752/384/1
f 770/385/1 769/383/1 703/381/1
f 722/386/1 721/380/1 752/384/1
f 770/385/1 703/381/1 702/387/1
f 722/386/1 752/384/1 751/388/1
f 771/389/1 770/385/1 702/387/1
f 722/386/1 751/388/1 750/390/1
f 772/391/1 771/389/1 702/387/1
f 723/392/1 722/386/1 750/390/1
f 723/392/1 750/390/1 749/393/1
f 772/391/1 702/387/1 701/394/1
f 773/22/1 772/391/1 701/394/1
f 723/392/1 749/393/1 773/22/1
f 723/392/1 773/22/1 701/394/1
f 724/156/1 723/392/1 701/394/1
f 724/156/1 701/394/1 700/395/1
f 725/396/1 724/156/1 699/397/1
f 699/397/1 724/156/1 700/395/1
f 725/396/1 699/397/1 698/398/1
f 726/399/1 725/396/1 698/398/1
f 726/399/1 698/398/1 697/400/1
f 726/399/1 697/400/1 696/401/1
f 727/402/1 726/399/1 696/401/1
f 727/402/1 696/401/1 695/403/1
f 728/404/1 727/402/1 695/403/1
f 728/404/1 695/403/1 694/405/1
f 676/406/1 675/76/1 748/407/1
f 728/404/1 694/405/1 693/408/1
f 677/409/1 676/406/1 748/407/1
f 678/410/1 677/409/1 748/407/1
f 729/411/1 728/404/1 693/408/1
f 729/411/1 693/408/1 692/412/1
f 679/413/1 678/410/1 748/407/1
f 680/414/1 679/413/1 748/407/1
f 729/411/1 692/412/1 691/415/1
f 681/416/1 680/414/1 748/407/1
f 729/411/1 691/415/1 690/417/1
f 682/418/1 681/416/1 748/407/1
f 730/419/1 729/411/1 690/417/1
f 683/420/1 682/418/1 748/407/1
f 730/419/1 690/417/1 689/421/1
f 684/422/1 683/420/1 748/407/1
f 730/419/1 689/421/1 688/423/1
f 685/424/1 684/422/1 748/407/1
f 686/425/1 685/424/1 748/407/1
f 730/419/1 688/423/1 687/426/1
f 687/426/1 686/425/1 748/407/1
f 730/419/1 687/426/1 748/407/1
f 731/427/1 730/419/1 748/407/1
f 731/427/1 748/407/1 747/428/1
f 732/429/1 731/427/1 747/428/1
f 732/429/1 747/428/1 746/430/1
f 732/429/1 746/430/1 745/431/1
f 733/432/1 732/429/1 745/431/1
f 733/432/1 745/431/1 744/433/1
f 733/432/1 744/433/1 743/434/1
f 734/435/1 733/432/1 743/434/1
f 734/435/1 743/434/1 742/436/1
f 734/435/1 742/436/1 741/437/1
f 735/438/1 734/435/1 741/437/1
f 735/438/1 741/437/1 740/439/1
f 735/438/1 740/439/1 739/440/1
f 735/438/1 739/440/1 738/441/1
f 736/442/1 735/438/1 738/441/1
f 736/442/1 738/441/1 737/443/1
f 868/540/1 867/541/1 866/542/1
f 844/543/1 843/544/1 842/545/1
f 869/546/1 868/540/1 866/542/1
f 869/546/1 866/542/1 865/547/1
f 845/548/1 844/543/1 842/545/1
f 845/548/1 842/545/1 841/549/1
f 870/550/1 869/546/1 865/547/1
f 870/550/1 865/547/1 864/551/1
f 846/552/1 845/548/1 841/549/1
f 871/553/1 870/550/1 864/551/1
f 871/553/1 864/551/1 863/554/1
f 846/552/1 841/549/1 840/555/1
f 847/556/1 846/552/1 840/555/1
f 872/557/1 871/553/1 863/554/1
f 775/558/1 774/76/1 880/22/1
f 775/558/1 880/22/1 879/559/1
f 872/557/1 863/554/1 862/560/1
f 848/561/1 847/556/1 840/555/1
f 873/562/1 872/557/1 862/560/1
f 848/561/1 840/555/1 839/563/1
f 873/562/1 862/560/1 861/564/1
f 874/565/1 873/562/1 861/564/1
f 849/566/1 848/561/1 839/563/1
f 874/565/1 861/564/1 860/567/1
f 849/566/1 839/563/1 838/568/1
f 875/569/1 874/565/1 860/567/1
f 850/570/1 849/566/1 838/568/1
f 875/569/1 860/567/1 859/571/1
f 876/572/1 875/569/1 859/571/1
f 851/573/1 850/570/1 838/568/1
f 851/573/1 838/568/1 837/574/1
f 876/572/1 859/571/1 858/575/1
f 877/576/1 876/572/1 858/575/1
f 852/577/1 851/573/1 837/574/1
f 877/576/1 858/575/1 857/578/1
f 878/579/1 877/576/1 857/578/1
f 852/577/1 837/574/1 836/580/1
f 853/581/1 852/577/1 836/580/1
f 878/579/1 857/578/1 856/582/1
f 879/559/1 878/579/1 856/582/1
f 854/583/1 853/581/1 836/580/1
f 854/583/1 836/580/1 816/584/1
f 816/584/1 836/580/1 835/585/1
f 775/558/1 879/559/1 777/586/1
f 777/586/1 879/559/1 778/587/1
f 778/587/1 879/559/1 779/588/1
f 779/588/1 879/559/1 780/589/1
f 780/589/1 879/559/1 781/590/1
f 781/590/1 879/559/1 782/591/1
f 782/591/1 879/559/1 783/592/1
f 783/592/1 879/559/1 784/593/1
f 784/593/1 879/559/1 785/594/1
f 785/594/1 879/559/1 786/595/1
f 786/595/1 879/559/1 787/596/1
f 787/596/1 879/559/1 788/597/1
f 788/597/1 879/559/1 856/582/1
f 788/597/1 856/582/1 789/598/1
f 789/598/1 856/582/1 855/599/1
f 855/599/1 854/583/1 815/600/1
f 815/600/1 854/583/1 816/584/1
f 790/601/1 789/598/1 855/599/1
f 817/602/1 816/584/1 835/585/1
f 855/599/1 815/600/1 814/603/1
f 791/604/1 790/601/1 855/599/1
f 818/605/1 817/602/1 835/585/1
f 855/599/1 814/603/1 813/606/1
f 792/607/1 791/604/1 855/599/1
f 819/608/1 818/605/1 835/585/1
f 855/599/1 813/606/1 812/609/1
f 793/610/1 792/607/1 855/599/1
f 793/610/1 855/599/1 812/609/1
f 820/611/1 819/608/1 835/585/1
f 793/610/1 812/609/1 811/612/1
f 820/611/1 835/585/1 834/613/1
f 794/614/1 793/610/1 811/612/1
f 794/614/1 811/612/1 810/615/1
f 821/616/1 820/611/1 834/613/1
f 794/614/1 810/615/1 809/617/1
f 795/618/1 794/614/1 809/617/1
f 822/619/1 821/616/1 834/613/1
f 795/618/1 809/617/1 808/620/1
f 796/621/1 795/618/1 808/620/1
f 823/622/1 822/619/1 834/613/1
f 796/621/1 808/620/1 807/623/1
f 823/622/1 834/613/1 833/624/1
f 797/625/1 796/621/1 807/623/1
f 797/625/1 807/623/1 806/626/1
f 824/627/1 823/622/1 833/624/1
f 797/625/1 806/626/1 805/628/1
f 798/629/1 797/625/1 805/628/1
f 825/630/1 824/627/1 833/624/1
f 798/629/1 805/628/1 804/631/1
f 825/630/1 833/624/1 832/632/1
f 799/633/1 798/629/1 804/631/1
f 775/558/1 777/586/1 776/634/1
f 799/633/1 804/631/1 803/635/1
f 826/636/1 825/630/1 832/632/1
f 800/637/1 799/633/1 803/635/1
f 827/156/1 826/636/1 832/632/1
f 827/156/1 832/632/1 831/638/1
f 801/639/1 800/637/1 803/635/1
f 828/640/1 827/156/1 831/638/1
f 828/640/1 831/638/1 830/641/1
f 802/642/1 801/639/1 803/635/1
f 829/643/1 828/640/1 830/641/1
f 919/176/1 918/177/1 917/178/1
f 920/179/1 919/176/1 917/178/1
f 920/179/1 917/178/1 916/180/1
f 921/181/1 920/179/1 916/180/1
f 922/182/1 921/181/1 916/180/1
f 922/182/1 916/180/1 915/183/1
f 923/184/1 922/182/1 915/183/1
f 923/184/1 915/183/1 914/185/1
f 924/186/1 923/184/1 914/185/1
f 925/187/1 924/186/1 914/185/1
f 925/187/1 914/185/1 913/188/1
f 926/189/1 925/187/1 913/188/1
f 926/189/1 913/188/1 912/190/1
f 927/191/1 926/189/1 912/190/1
f 928/192/1 927/191/1 912/190/1
f 928/192/1 912/190/1 911/193/1
f 929/194/1 928/192/1 911/193/1
f 929/194/1 911/193/1 910/195/1
f 930/196/1 929/194/1 910/195/1
f 931/197/1 930/196/1 932/198/1
f 932/198/1 930/196/1 933/199/1
f 933/199/1 930/196/1 934/200/1
f 934/200/1 930/196/1 935/201/1
f 935/201/1 930/196/1 936/202/1
f 936/202/1 930/196/1 937/203/1
f 937/203/1 930/196/1 938/204/1
f 938/204/1 930/196/1 939/205/1
f 939/205/1 930/196/1 940/206/1
f 940/206/1 930/196/1 941/207/1
f 941/207/1 930/196/1 910/195/1
f 941/207/1 910/195/1 942/208/1
f 942/208/1 910/195/1 943/209/1
f 943/209/1 910/195/1 909/210/1
f 943/209/1 909/210/1 944/211/1
f 944/211/1 909/210/1 908/212/1
f 945/213/1 944/211/1 908/212/1
f 946/214/1 945/213/1 908/212/1
f 947/215/1 946/214/1 908/212/1
f 948/216/1 947/215/1 908/212/1
f 949/217/1 948/216/1 908/212/1
f 949/217/1 908/212/1 907/218/1
f 950/219/1 949/217/1 907/218/1
f 951/220/1 950/219/1 907/218/1
f 952/221/1 951/220/1 907/218/1
f 952/221/1 907/218/1 906/222/1
f 953/223/1 952/221/1 906/222/1
f 954/224/1 953/223/1 906/222/1
f 954/224/1 906/222/1 905/225/1
f 955/226/1 954/224/1 905/225/1
f 956/227/1 955/226/1 905/225/1
f 957/228/1 956/227/1 1054/22/1
f 1054/22/1 956/227/1 905/225/1
f 958/229/1 957/228/1 1054/22/1
f 959/230/1 958/229/1 1054/22/1
f 960/231/1 959/230/1 1054/22/1
f 961/232/1 960/231/1 1054/22/1
f 961/232/1 1054/22/1 1053/233/1
f 1018/234/1 1054/22/1 905/225/1
f 961/232/1 1053/233/1 1052/235/1
f 962/236/1 961/232/1 1052/235/1
f 962/236/1 1052/235/1 1051/237/1
f 963/238/1 962/236/1 1051/237/1
f 963/238/1 1051/237/1 1050/239/1
f 964/240/1 963/238/1 1050/239/1
f 964/240/1 1050/239/1 1049/241/1
f 964/240/1 1049/241/1 1048/242/1
f 965/243/1 964/240/1 1048/242/1
f 965/243/1 1048/242/1 1047/244/1
f 966/245/1 965/243/1 1047/244/1
f 966/245/1 1047/244/1 1046/246/1
f 966/245/1 1046/246/1 1045/247/1
f 967/248/1 966/245/1 1045/247/1
f 967/248/1 1045/247/1 1044/249/1
f 967/248/1 1044/249/1 1043/250/1
f 968/251/1 967/248/1 1043/250/1
f 968/251/1 1043/250/1 1042/252/1
f 969/253/1 968/251/1 1042/252/1
f 969/253/1 1042/252/1 1041/254/1
f 969/253/1 1041/254/1 1040/255/1
f 970/256/1 969/253/1 1040/255/1
f 970/256/1 1040/255/1 1039/257/1
f 970/256/1 1039/257/1 1038/258/1
f 1019/259/1 1018/234/1 905/225/1
f 971/260/1 970/256/1 1038/258/1
f 1020/261/1 1019/259/1 905/225/1
f 971/260/1 1038/258/1 1037/262/1
f 1021/263/1 1020/261/1 905/225/1
f 882/264/1 881/76/1 1017/265/1
f 1021/263/1 905/225/1 904/266/1
f 971/260/1 1037/262/1 1036/267/1
f 883/268/1 882/264/1 1017/265/1
f 1022/269/1 1021/263/1 904/266/1
f 1022/269/1 904/266/1 903/270/1
f 884/271/1 883/268/1 1017/265/1
f 972/272/1 971/260/1 1036/267/1
f 972/272/1 1036/267/1 1035/273/1
f 1022/269/1 903/270/1 902/274/1
f 1023/275/1 1022/269/1 902/274/1
f 885/276/1 884/271/1 1017/265/1
f 1023/275/1 902/274/1 901/277/1
f 1024/278/1 1023/275/1 901/277/1
f 886/279/1 885/276/1 1017/265/1
f 972/272/1 1035/273/1 1034/280/1
f 1024/278/1 901/277/1 900/281/1
f 887/282/1 886/279/1 1017/265/1
f 1025/283/1 1024/278/1 900/281/1
f 1025/283/1 900/281/1 899/284/1
f 888/285/1 887/282/1 1017/265/1
f 972/272/1 1034/280/1 1033/286/1
f 1025/283/1 899/284/1 898/287/1
f 1026/288/1 1025/283/1 898/287/1
f 889/289/1 888/285/1 1017/265/1
f 1026/288/1 898/287/1 897/290/1
f 973/291/1 972/272/1 1033/286/1
f 890/292/1 889/289/1 1017/265/1
f 973/291/1 1033/286/1 1032/293/1
f 1027/294/1 1026/288/1 897/290/1
f 1027/294/1 897/290/1 896/295/1
f 891/296/1 890/292/1 1017/265/1
f 1027/294/1 896/295/1 895/297/1
f 892/298/1 891/296/1 1017/265/1
f 1028/299/1 1027/294/1 895/297/1
f 1028/299/1 895/297/1 894/300/1
f 893/301/1 892/298/1 1017/265/1
f 1028/299/1 894/300/1 893/301/1
f 973/291/1 1032/293/1 1031/302/1
f 1028/299/1 893/301/1 1017/265/1
f 1029/303/1 1028/299/1 1017/265/1
f 973/291/1 1031/302/1 1030/304/1
f 1030/304/1 1029/303/1 1017/265/1
f 973/291/1 1030/304/1 993/305/1
f 993/305/1 1030/304/1 1017/265/1
f 974/306/1 973/291/1 993/305/1
f 974/306/1 993/305/1 992/307/1
f 994/308/1 993/305/1 1017/265/1
f 975/309/1 974/306/1 992/307/1
f 975/309/1 992/307/1 991/310/1
f 995/311/1 994/308/1 1017/265/1
f 995/311/1 1017/265/1 1016/312/1
f 976/313/1 975/309/1 991/310/1
f 976/313/1 991/310/1 990/314/1
f 996/315/1 995/311/1 1016/312/1
f 996/315/1 1016/312/1 1015/316/1
f 976/313/1 990/314/1 989/317/1
f 997/318/1 996/315/1 1015/316/1
f 977/319/1 976/313/1 989/317/1
f 997/318/1 1015/316/1 1014/320/1
f 977/319/1 989/317/1 988/321/1
f 998/322/1 997/318/1 1014/320/1
f 998/322/1 1014/320/1 1013/323/1
f 978/324/1 977/319/1 988/321/1
f 978/324/1 988/321/1 987/325/1
f 999/326/1 998/322/1 1013/323/1
f 999/326/1 1013/323/1 1012/327/1
f 978/324/1 987/325/1 986/328/1
f 1000/329/1 999/326/1 1012/327/1
f 1000/329/1 1012/327/1 1011/330/1
f 979/331/1 978/324/1 986/328/1
f 979/331/1 986/328/1 985/332/1
f 1001/333/1 1000/329/1 1011/330/1
f 1001/333/1 1011/330/1 1010/334/1
f 979/331/1 985/332/1 984/335/1
f 1001/333/1 1010/334/1 1009/336/1
f 1002/337/1 1001/333/1 1009/336/1
f 980/338/1 979/331/1 984/335/1
f 1002/337/1 1009/336/1 1008/339/1
f 980/338/1 984/335/1 983/340/1
f 1003/341/1 1002/337/1 1008/339/1
f 1003/341/1 1008/339/1 1007/342/1
f 980/338/1 983/340/1 982/343/1
f 1004/344/1 1003/341/1 1007/342/1
f 981/345/1 980/338/1 982/343/1
f 1004/344/1 1007/342/1 1006/346/1
f 1005/347/1 1004/344/1 1006/346/1
f 1121/644/1 1120/645/1 1119/646/1
f 1121/644/1 1119/646/1 1118/647/1
f 1121/644/1 1118/647/1 1117/648/1
f 1121/644/1 1117/648/1 1116/649/1
f 1122/650/1 1121/644/1 1116/649/1
f 1122/650/1 1116/649/1 1115/651/1
f 1122/650/1 1115/651/1 1114/652/1
f 1122/650/1 1114/652/1 1113/653/1
f 1123/654/1 1122/650/1 1113/653/1
f 1123/654/1 1113/653/1 1112/655/1
f 1123/654/1 1112/655/1 1111/656/1
f 1124/657/1 1123/654/1 1111/656/1
f 1124/657/1 1111/656/1 1110/658/1
f 1124/657/1 1110/658/1 1109/659/1
f 1125/660/1 1124/657/1 1109/659/1
f 1125/660/1 1109/659/1 1108/661/1
f 1125/660/1 1108/661/1 1097/662/1
f 1097/662/1 1108/661/1 1098/663/1
f 1098/663/1 1108/661/1 1099/664/1
f 1099/664/1 1108/661/1 1100/665/1
f 1100/665/1 1108/661/1 1101/666/1
f 1101/666/1 1108/661/1 1102/667/1
f 1102/667/1 1108/661/1 1103/668/1
f 1103/668/1 1108/661/1 1104/669/1
f 1104/669/1 1108/661/1 1105/670/1
f 1105/670/1 1108/661/1 1106/671/1
f 1106/671/1 1108/661/1 1107/672/1
f 1126/673/1 1125/660/1 1095/674/1
f 1095/674/1 1125/660/1 1096/675/1
f 1096/675/1 1125/660/1 1097/662/1
f 1126/673/1 1095/674/1 1094/676/1
f 1126/673/1 1094/676/1 1093/677/1
f 1126/673/1 1093/677/1 1092/678/1
f 1127/679/1 1126/673/1 1092/678/1
f 1127/679/1 1092/678/1 1091/680/1
f 1127/679/1 1091/680/1 1090/681/1
f 1128/682/1 1127/679/1 1090/681/1
f 1128/682/1 1090/681/1 1089/683/1
f 1128/682/1 1089/683/1 1088/684/1
f 1129/685/1 1128/682/1 1088/684/1
f 1129/685/1 1088/684/1 1087/686/1
f 1130/687/1 1129/685/1 1087/686/1
f 1130/687/1 1087/686/1 1086/688/1
f 1130/687/1 1086/688/1 1085/689/1
f 1131/690/1 1130/687/1 1085/689/1
f 1131/690/1 1085/689/1 1084/691/1
f 1132/692/1 1131/690/1 1084/691/1
f 1132/692/1 1084/691/1 1083/693/1
f 1132/692/1 1083/693/1 1082/694/1
f 1133/695/1 1132/692/1 1082/694/1
f 1057/696/1 1056/697/1 1055/76/1
f 1057/696/1 1055/76/1 1058/698/1
f 1058/698/1 1055/76/1 1156/22/1
f 1133/695/1 1082/694/1 1081/699/1
f 1134/700/1 1133/695/1 1081/699/1
f 1134/700/1 1081/699/1 1080/701/1
f 1059/702/1 1058/698/1 1156/22/1
f 1135/703/1 1134/700/1 1080/701/1
f 1135/703/1 1080/701/1 1079/704/1
f 1135/703/1 1079/704/1 1078/705/1
f 1136/706/1 1135/703/1 1078/705/1
f 1136/706/1 1078/705/1 1077/707/1
f 1137/708/1 1136/706/1 1077/707/1
f 1137/708/1 1077/707/1 1076/709/1
f 1137/708/1 1076/709/1 1075/710/1
f 1138/711/1 1137/708/1 1075/710/1
f 1138/711/1 1075/710/1 1074/712/1
f 1060/713/1 1059/702/1 1156/22/1
f 1061/714/1 1060/713/1 1156/22/1
f 1062/715/1 1061/714/1 1156/22/1
f 1138/711/1 1074/712/1 1073/716/1
f 1063/717/1 1062/715/1 1156/22/1
f 1064/718/1 1063/717/1 1156/22/1
f 1065/719/1 1064/718/1 1156/22/1
f 1138/711/1 1073/716/1 1072/720/1
f 1139/721/1 1138/711/1 1072/720/1
f 1066/722/1 1065/719/1 1156/22/1
f 1067/723/1 1066/722/1 1156/22/1
f 1068/724/1 1067/723/1 1156/22/1
f 1139/721/1 1072/720/1 1071/725/1
f 1069/726/1 1068/724/1 1156/22/1
f 1070/727/1 1069/726/1 1156/22/1
f 1071/725/1 1070/727/1 1156/22/1
f 1139/721/1 1071/725/1 1156/22/1
f 1140/728/1 1139/721/1 1156/22/1
f 1140/728/1 1156/22/1 1155/729/1
f 1140/728/1 1155/729/1 1154/730/1
f 1141/731/1 1140/728/1 1154/730/1
f 1141/731/1 1154/730/1 1153/732/1
f 1141/731/1 1153/732/1 1152/733/1
f 1142/734/1 1141/731/1 1152/733/1
f 1142/734/1 1152/733/1 1151/735/1
f 1142/734/1 1151/735/1 1150/736/1
f 1142/734/1 1150/736/1 1149/737/1
f 1143/738/1 1142/734/1 1149/737/1
f 1143/738/1 1149/737/1 1148/739/1
f 1143/738/1 1148/739/1 1147/740/1
f 1143/738/1 1147/740/1 1146/741/1
f 1144/742/1 1143/738/1 1146/741/1
f 1144/742/1 1146/741/1 1145/743/1
f 1268/1/2 1266/3/2 1267/2/2
f 1269/4/2 1266/3/2 1268/1/2
f 1269/4/2 1265/5/2 1266/3/2
f 1270/6/2 1265/5/2 1269/4/2
f 1270/6/2 1264/7/2 1265/5/2
f 1271/8/2 1264/7/2 1270/6/2
f 1271/8/2 1263/9/2 1264/7/2
f 1272/10/2 1263/9/2 1271/8/2
f 1272/10/2 1262/11/2 1263/9/2
f 1273/12/2 1262/11/2 1272/10/2
f 1273/12/2 1261/13/2 1262/11/2
f 1274/14/2 1261/13/2 1273/12/2
f 1274/14/2 1260/15/2 1261/13/2
f 1275/16/2 1260/15/2 1274/14/2
f 1275/16/2 1259/17/2 1260/15/2
f 1276/18/2 1259/17/2 1275/16/2
f 1276/18/2 1258/19/2 1259/17/2
f 1277/20/2 1258/19/2 1276/18/2
f 1277/20/2 1257/21/2 1258/19/2
f 1278/22/2 1257/21/2 1277/20/2
f 1278/22/2 1256/23/2 1257/21/2
f 1205/24/2 1256/23/2 1278/22/2
f 1205/24/2 1255/25/2 1256/23/2
f 1206/26/2 1255/25/2 1205/24/2
f 1206/26/2 1254/27/2 1255/25/2
f 1206/26/2 1253/28/2 1254/27/2
f 1207/29/2 1253/28/2 1206/26/2
f 1207/29/2 1252/30/2 1253/28/2
f 1208/31/2 1252/30/2 1207/29/2
f 1208/31/2 1251/32/2 1252/30/2
f 1209/33/2 1251/32/2 1208/31/2
f 1209/33/2 1250/34/2 1251/32/2
f 1210/35/2 1250/34/2 1209/33/2
f 1210/35/2 1249/36/2 1250/34/2
f 1211/37/2 1249/36/2 1210/35/2
f 1211/37/2 1248/38/2 1249/36/2
f 1212/39/2 1248/38/2 1211/37/2
f 1212/39/2 1247/40/2 1248/38/2
f 1213/41/2 1247/40/2 1212/39/2
f 1213/41/2 1246/42/2 1247/40/2
f 1214/43/2 1246/42/2 1213/41/2
f 1214/43/2 1245/44/2 1246/42/2
f 1215/45/2 1245/44/2 1214/43/2
f 1215/45/2 1244/46/2 1245/44/2
f 1216/47/2 1244/46/2 1215/45/2
f 1216/47/2 1243/48/2 1244/46/2
f 1217/49/2 1243/48/2 1216/47/2
f 1218/50/2 1243/48/2 1217/49/2
f 1218/50/2 1242/51/2 1243/48/2
f 1219/52/2 1242/51/2 1218/50/2
f 1219/52/2 1241/53/2 1242/51/2
f 1220/54/2 1241/53/2 1219/52/2
f 1220/54/2 1240/55/2 1241/53/2
f 1221/56/2 1240/55/2 1220/54/2
f 1221/56/2 1239/57/2 1240/55/2
f 1222/58/2 1239/57/2 1221/56/2
f 1222/58/2 1238/59/2 1239/57/2
f 1223/60/2 1238/59/2 1222/58/2
f 1223/60/2 1237/61/2 1238/59/2
f 1224/62/2 1237/61/2 1223/60/2
f 1224/62/2 1236/63/2 1237/61/2
f 1225/64/2 1236/63/2 1224/62/2
f 1225/64/2 1235/65/2 1236/63/2
f 1226/66/2 1235/65/2 1225/64/2
f 1226/66/2 1234/67/2 1235/65/2
f 1227/68/2 1234/67/2 1226/66/2
f 1227/68/2 1233/69/2 1234/67/2
f 1228/70/2 1233/69/2 1227/68/2
f 1228/70/2 1232/71/2 1233/69/2
f 1229/72/2 1232/71/2 1228/70/2
f 1229/72/2 1231/73/2 1232/71/2
f 1230/74/2 1231/73/2 1229/72/2
f 1158/75/2 1204/77/2 1157/76/2
f 1159/78/2 1204/77/2 1158/75/2
f 1159/78/2 1203/79/2 1204/77/2
f 1160/80/2 1203/79/2 1159/78/2
f 1160/80/2 1202/81/2 1203/79/2
f 1161/82/2 1202/81/2 1160/80/2
f 1161/82/2 1201/83/2 1202/81/2
f 1162/84/2 1201/83/2 1161/82/2
f 1162/84/2 1200/85/2 1201/83/2
f 1163/86/2 1200/85/2 1162/84/2
f 1163/86/2 1199/87/2 1200/85/2
f 1164/88/2 1199/87/2 1163/86/2
f 1164/88/2 1198/89/2 1199/87/2
f 1165/90/2 1198/89/2 1164/88/2
f 1165/90/2 1197/91/2 1198/89/2
f 1166/92/2 1197/91/2 1165/90/2
f 1166/92/2 1196/93/2 1197/91/2
f 1167/94/2 1196/93/2 1166/92/2
f 1167/94/2 1195/95/2 1196/93/2
f 1168/96/2 1195/95/2 1167/94/2
f 1168/96/2 1194/97/2 1195/95/2
f 1168/96/2 1193/98/2 1194/97/2
f 1169/99/2 1193/98/2 1168/96/2
f 1170/100/2 1193/98/2 1169/99/2
f 1170/100/2 1192/101/2 1193/98/2
f 1171/102/2 1192/101/2 1170/100/2
f 1171/102/2 1191/103/2 1192/101/2
f 1172/104/2 1191/103/2 1171/102/2
f 1172/104/2 1190/105/2 1191/103/2
f 1173/106/2 1190/105/2 1172/104/2
f 1173/106/2 1189/107/2 1190/105/2
f 1174/108/2 1189/107/2 1173/106/2
f 1174/108/2 1188/109/2 1189/107/2
f 1175/110/2 1188/109/2 1174/108/2
f 1175/110/2 1187/111/2 1188/109/2
f 1176/112/2 1187/111/2 1175/110/2
f 1176/112/2 1186/113/2 1187/111/2
f 1177/114/2 1186/113/2 1176/112/2
f 1177/114/2 1185/115/2 1186/113/2
f 1178/116/2 1185/115/2 1177/114/2
f 1178/116/2 1184/117/2 1185/115/2
f 1179/118/2 1184/117/2 1178/116/2
f 1179/118/2 1183/119/2 1184/117/2
f 1180/120/2 1183/119/2 1179/118/2
f 1180/120/2 1182/121/2 1183/119/2
f 1181/122/2 1182/121/2 1180/120/2
f 1390/1/2 1388/3/2 1389/2/2
f 1391/4/2 1388/3/2 1390/1/2
f 1391/4/2 1387/5/2 1388/3/2
f 1392/6/2 1387/5/2 1391/4/2
f 1392/6/2 1386/7/2 1387/5/2
f 1393/8/2 1386/7/2 1392/6/2
f 1393/8/2 1385/9/2 1386/7/2
f 1394/10/2 1385/9/2 1393/8/2
f 1394/10/2 1384/11/2 1385/9/2
f 1395/12/2 1384/11/2 1394/10/2
f 1395/12/2 1383/13/2 1384/11/2
f 1396/14/2 1383/13/2 1395/12/2
f 1396/14/2 1382/15/2 1383/13/2
f 1397/16/2 1382/15/2 1396/14/2
f 1397/16/2 1381/17/2 1382/15/2
f 1398/18/2 1381/17/2 1397/16/2
f 1398/18/2 1380/19/2 1381/17/2
f 1399/20/2 1380/19/2 1398/18/2
f 1399/20/2 1379/21/2 1380/19/2
f 1400/22/2 1379/21/2 1399/20/2
f 1400/22/2 1378/23/2 1379/21/2
f 1327/24/2 1378/23/2 1400/22/2
f 1327/24/2 1377/25/2 1378/23/2
f 1328/26/2 1377/25/2 1327/24/2
f 1328/26/2 1376/27/2 1377/25/2
f 1328/26/2 1375/28/2 1376/27/2
f 1329/29/2 1375/28/2 1328/26/2
f 1329/29/2 1374/30/2 1375/28/2
f 1330/31/2 1374/30/2 1329/29/2
f 1330/31/2 1373/32/2 1374/30/2
f 1331/33/2 1373/32/2 1330/31/2
f 1331/33/2 1372/34/2 1373/32/2
f 1332/35/2 1372/34/2 1331/33/2
f 1332/35/2 1371/36/2 1372/34/2
f 1333/37/2 1371/36/2 1332/35/2
f 1333/37/2 1370/38/2 1371/36/2
f 1334/39/2 1370/38/2 1333/37/2
f 1334/39/2 1369/40/2 1370/38/2
f 1335/41/2 1369/40/2 1334/39/2
f 1335/41/2 1368/42/2 1369/40/2
f 1336/43/2 1368/42/2 1335/41/2
f 1336/43/2 1367/44/2 1368/42/2
f 1337/45/2 1367/44/2 1336/43/2
f 1337/45/2 1366/46/2 1367/44/2
f 1338/47/2 1366/46/2 1337/45/2
f 1338/47/2 1365/48/2 1366/46/2
f 1339/49/2 1365/48/2 1338/47/2
f 1340/50/2 1365/48/2 1339/49/2
f 1340/50/2 1364/51/2 1365/48/2
f 1341/52/2 1364/51/2 1340/50/2
f 1341/52/2 1363/53/2 1364/51/2
f 1342/54/2 1363/53/2 1341/52/2
f 1342/54/2 1362/55/2 1363/53/2
f 1343/56/2 1362/55/2 1342/54/2
f 1343/56/2 1361/57/2 1362/55/2
f 1344/58/2 1361/57/2 1343/56/2
f 1344/58/2 1360/59/2 1361/57/2
f 1345/60/2 1360/59/2 1344/58/2
f 1345/60/2 1359/61/2 1360/59/2
f 1346/62/2 1359/61/2 1345/60/2
f 1346/62/2 1358/63/2 1359/61/2
f 1347/64/2 1358/63/2 1346/62/2
f 1347/64/2 1357/65/2 1358/63/2
f 1348/66/2 1357/65/2 1347/64/2
f 1348/66/2 1356/67/2 1357/65/2
f 1349/68/2 1356/67/2 1348/66/2
f 1349/68/2 1355/69/2 1356/67/2
f 1350/70/2 1355/69/2 1349/68/2
f 1350/70/2 1354/71/2 1355/69/2
f 1351/72/2 1354/71/2 1350/70/2
f 1351/72/2 1353/73/2 1354/71/2
f 1352/74/2 1353/73/2 1351/72/2
f 1280/75/2 1326/77/2 1279/76/2
f 1281/78/2 1326/77/2 1280/75/2
f 1281/78/2 1325/79/2 1326/77/2
f 1282/80/2 1325/79/2 1281/78/2
f 1282/80/2 1324/81/2 1325/79/2
f 1283/82/2 1324/81/2 1282/80/2
f 1283/82/2 1323/83/2 1324/81/2
f 1284/84/2 1323/83/2 1283/82/2
f 1284/84/2 1322/85/2 1323/83/2
f 1285/86/2 1322/85/2 1284/84/2
f 1285/86/2 1321/87/2 1322/85/2
f 1286/88/2 1321/87/2 1285/86/2
f 1286/88/2 1320/89/2 1321/87/2
f 1287/90/2 1320/89/2 1286/88/2
f 1287/90/2 1319/91/2 1320/89/2
f 1288/92/2 1319/91/2 1287/90/2
f 1288/92/2 1318/93/2 1319/91/2
f 1289/94/2 1318/93/2 1288/92/2
f 1289/94/2 1317/95/2 1318/93/2
f 1290/96/2 1317/95/2 1289/94/2
f 1290/96/2 1316/97/2 1317/95/2
f 1290/96/2 1315/98/2 1316/97/2
f 1291/99/2 1315/98/2 1290/96/2
f 1292/100/2 1315/98/2 1291/99/2
f 1292/100/2 1314/101/2 1315/98/2
f 1293/102/2 1314/101/2 1292/100/2
f 1293/102/2 1313/103/2 1314/101/2
f 1294/104/2 1313/103/2 1293/102/2
f 1294/104/2 1312/105/2 1313/103/2
f 1295/106/2 1312/105/2 1294/104/2
f 1295/106/2 1311/107/2 1312/105/2
f 1296/108/2 1311/107/2 1295/106/2
f 1296/108/2 1310/109/2 1311/107/2
f 1297/110/2 1310/109/2 1296/108/2
f 1297/110/2 1309/111/2 1310/109/2
f 1298/112/2 1309/111/2 1297/110/2
f 1298/112/2 1308/113/2 1309/111/2
f 1299/114/2 1308/113/2 1298/112/2
f 1299/114/2 1307/115/2 1308/113/2
f 1300/116/2 1307/115/2 1299/114/2
f 1300/116/2 1306/117/2 1307/115/2
f 1301/118/2 1306/117/2 1300/116/2
f 1301/118/2 1305/119/2 1306/117/2
f 1302/120/2 1305/119/2 1301/118/2
f 1302/120/2 1304/121/2 1305/119/2
f 1303/122/2 1304/121/2 1302/120/2
f 1442/123/2 1440/125/2 1441/124/2
f 1442/123/2 1439/126/2 1440/125/2
f 1443/127/2 1439/126/2 1442/123/2
f 1443/127/2 1438/128/2 1439/126/2
f 1444/129/2 1438/128/2 1443/127/2
f 1444/129/2 1437/130/2 1438/128/2
f 1444/129/2 1436/131/2 1437/130/2
f 1445/132/2 1436/131/2 1444/129/2
f 1445/132/2 1435/133/2 1436/131/2
f 1402/134/2 1455/22/2 1401/76/2
f 1402/134/2 1454/135/2 1455/22/2
f 1446/136/2 1435/133/2 1445/132/2
f 1446/136/2 1434/137/2 1435/133/2
f 1446/136/2 1433/138/2 1434/137/2
f 1447/139/2 1433/138/2 1446/136/2
f 1447/139/2 1432/140/2 1433/138/2
f 1448/141/2 1432/140/2 1447/139/2
f 1448/141/2 1431/142/2 1432/140/2
f 1448/141/2 1430/143/2 1431/142/2
f 1449/144/2 1430/143/2 1448/141/2
f 1449/144/2 1429/145/2 1430/143/2
f 1450/146/2 1429/145/2 1449/144/2
f 1450/146/2 1419/147/2 1429/145/2
f 1419/147/2 1420/148/2 1429/145/2
f 1420/148/2 1421/149/2 1429/145/2
f 1421/149/2 1422/150/2 1429/145/2
f 1422/150/2 1423/151/2 1429/145/2
f 1423/151/2 1424/152/2 1429/145/2
f 1424/152/2 1425/153/2 1429/145/2
f 1425/153/2 1426/154/2 1429/145/2
f 1426/154/2 1427/155/2 1429/145/2
f 1427/155/2 1428/156/2 1429/145/2
f 1451/157/2 1417/158/2 1450/146/2
f 1417/158/2 1418/159/2 1450/146/2
f 1418/159/2 1419/147/2 1450/146/2
f 1452/160/2 1415/161/2 1451/157/2
f 1415/161/2 1416/162/2 1451/157/2
f 1416/162/2 1417/158/2 1451/157/2
f 1452/160/2 1414/163/2 1415/161/2
f 1452/160/2 1413/164/2 1414/163/2
f 1453/165/2 1413/164/2 1452/160/2
f 1453/165/2 1412/166/2 1413/164/2
f 1453/165/2 1411/167/2 1412/166/2
f 1402/134/2 1453/165/2 1454/135/2
f 1402/134/2 1407/168/2 1453/165/2
f 1407/168/2 1408/169/2 1453/165/2
f 1408/169/2 1409/170/2 1453/165/2
f 1409/170/2 1410/171/2 1453/165/2
f 1410/171/2 1411/167/2 1453/165/2
f 1402/134/2 1406/172/2 1407/168/2
f 1402/134/2 1405/173/2 1406/172/2
f 1402/134/2 1404/174/2 1405/173/2
f 1402/134/2 1403/175/2 1404/174/2
f 1494/176/2 1492/178/2 1493/177/3
f 1495/179/2 1492/178/2 1494/176/2
f 1495/179/2 1491/180/2 1492/178/2
f 1496/181/2 1491/180/2 1495/179/2
f 1497/182/2 1491/180/2 1496/181/2
f 1497/182/2 1490/183/2 1491/180/2
f 1498/184/2 1490/183/2 1497/182/2
f 1498/184/2 1489/185/2 1490/183/2
f 1499/186/2 1489/185/2 1498/184/2
f 1500/187/2 1489/185/2 1499/186/2
f 1500/187/2 1488/188/2 1489/185/2
f 1501/189/2 1488/188/2 1500/187/2
f 1501/189/2 1487/190/2 1488/188/2
f 1502/191/2 1487/190/2 1501/189/2
f 1503/192/2 1487/190/2 1502/191/2
f 1503/192/2 1486/193/2 1487/190/2
f 1504/194/2 1486/193/2 1503/192/2
f 1504/194/2 1485/195/2 1486/193/2
f 1505/196/2 1485/195/2 1504/194/2
f 1506/197/2 1507/198/2 1505/196/2
f 1507/198/2 1508/199/2 1505/196/2
f 1508/199/2 1509/200/2 1505/196/2
f 1509/200/2 1510/201/2 1505/196/2
f 1510/201/2 1511/202/2 1505/196/2
f 1511/202/2 1512/203/2 1505/196/2
f 1512/203/2 1513/204/2 1505/196/2
f 1513/204/2 1514/205/2 1505/196/2
f 1514/205/2 1515/206/2 1505/196/2
f 1515/206/2 1516/207/2 1505/196/2
f 1516/207/2 1485/195/2 1505/196/2
f 1516/207/2 1517/208/2 1485/195/2
f 1517/208/2 1518/209/2 1485/195/2
f 1518/209/2 1484/210/2 1485/195/2
f 1518/209/2 1519/211/3 1484/210/2
f 1519/211/3 1483/212/2 1484/210/2
f 1520/213/2 1483/212/2 1519/211/3
f 1521/214/2 1483/212/2 1520/213/2
f 1522/215/2 1483/212/2 1521/214/2
f 1523/216/2 1483/212/2 1522/215/2
f 1524/217/2 1483/212/2 1523/216/2
f 1524/217/2 1482/218/2 1483/212/2
f 1525/219/2 1482/218/2 1524/217/2
f 1526/220/2 1482/218/2 1525/219/2
f 1527/221/2 1482/218/2 1526/220/2
f 1527/221/2 1481/222/2 1482/218/2
f 1528/223/2 1481/222/2 1527/221/2
f 1529/224/2 1481/222/2 1528/223/2
f 1529/224/2 1480/225/2 1481/222/2
f 1530/226/2 1480/225/2 1529/224/2
f 1531/227/2 1480/225/2 1530/226/2
f 1532/228/2 1629/22/2 1531/227/2
f 1629/22/2 1480/225/2 1531/227/2
f 1533/229/2 1629/22/2 1532/228/2
f 1534/230/2 1629/22/2 1533/229/2
f 1535/231/2 1629/22/2 1534/230/2
f 1536/232/2 1629/22/2 1535/231/2
f 1536/232/2 1628/233/2 1629/22/2
f 1593/234/2 1480/225/2 1629/22/2
f 1536/232/2 1627/235/2 1628/233/2
f 1537/236/2 1627/235/2 1536/232/2
f 1537/236/2 1626/237/2 1627/235/2
f 1538/238/2 1626/237/2 1537/236/2
f 1538/238/2 1625/239/2 1626/237/2
f 1539/240/2 1625/239/2 1538/238/2
f 1539/240/2 1624/241/2 1625/239/2
f 1539/240/2 1623/242/2 1624/241/2
f 1540/243/2 1623/242/2 1539/240/2
f 1540/243/2 1622/244/2 1623/242/2
f 1541/245/2 1622/244/2 1540/243/2
f 1541/245/2 1621/246/2 1622/244/2
f 1541/245/2 1620/247/2 1621/246/2
f 1542/248/2 1620/247/2 1541/245/2
f 1542/248/2 1619/249/2 1620/247/2
f 1542/248/2 1618/250/2 1619/249/2
f 1543/251/2 1618/250/2 1542/248/2
f 1543/251/2 1617/252/2 1618/250/2
f 1544/253/2 1617/252/2 1543/251/2
f 1544/253/2 1616/254/2 1617/252/2
f 1544/253/2 1615/255/2 1616/254/2
f 1545/256/2 1615/255/2 1544/253/2
f 1545/256/2 1614/257/2 1615/255/2
f 1545/256/2 1613/258/2 1614/257/2
f 1594/259/2 1480/225/2 1593/234/2
f 1546/260/2 1613/258/2 1545/256/2
f 1595/261/2 1480/225/2 1594/259/2
f 1546/260/2 1612/262/2 1613/258/2
f 1596/263/2 1480/225/2 1595/261/2
f 1457/264/2 1592/265/2 1456/76/2
f 1596/263/2 1479/266/2 1480/225/2
f 1546/260/2 1611/267/2 1612/262/2
f 1458/268/2 1592/265/2 1457/264/2
f 1597/269/2 1479/266/2 1596/263/2
f 1597/269/2 1478/270/2 1479/266/2
f 1459/271/2 1592/265/2 1458/268/2
f 1547/272/2 1611/267/2 1546/260/2
f 1547/272/2 1610/273/2 1611/267/2
f 1597/269/2 1477/274/2 1478/270/2
f 1598/275/2 1477/274/2 1597/269/2
f 1460/276/2 1592/265/2 1459/271/2
f 1598/275/2 1476/277/2 1477/274/2
f 1599/278/2 1476/277/2 1598/275/2
f 1461/279/2 1592/265/2 1460/276/2
f 1547/272/2 1609/280/2 1610/273/2
f 1599/278/2 1475/281/2 1476/277/2
f 1462/282/2 1592/265/2 1461/279/2
f 1600/283/2 1475/281/2 1599/278/2
f 1600/283/2 1474/284/2 1475/281/2
f 1463/285/2 1592/265/2 1462/282/2
f 1547/272/2 1608/286/2 1609/280/2
f 1600/283/2 1473/287/2 1474/284/2
f 1601/288/2 1473/287/2 1600/283/2
f 1464/289/2 1592/265/2 1463/285/2
f 1601/288/2 1472/290/2 1473/287/2
f 1548/291/2 1608/286/2 1547/272/2
f 1465/292/2 1592/265/2 1464/289/2
f 1548/291/2 1607/293/2 1608/286/2
f 1602/294/2 1472/290/2 1601/288/2
f 1602/294/2 1471/295/2 1472/290/2
f 1466/296/2 1592/265/2 1465/292/2
f 1602/294/2 1470/297/3 1471/295/2
f 1467/298/2 1592/265/2 1466/296/2
f 1603/299/2 1470/297/3 1602/294/2
f 1603/299/2 1469/300/2 1470/297/3
f 1468/301/2 1592/265/2 1467/298/2
f 1603/299/2 1468/301/2 1469/300/2
f 1548/291/2 1606/302/2 1607/293/2
f 1603/299/2 1592/265/2 1468/301/2
f 1604/303/2 1592/265/2 1603/299/2
f 1548/291/2 1605/304/2 1606/302/2
f 1605/304/2 1592/265/2 1604/303/2
f 1548/291/2 1568/305/2 1605/304/2
f 1568/305/2 1592/265/2 1605/304/2
f 1549/306/2 1568/305/2 1548/291/2
f 1549/306/2 1567/307/2 1568/305/2
f 1569/308/2 1592/265/2 1568/305/2
f 1550/309/2 1567/307/2 1549/306/2
f 1550/309/2 1566/310/2 1567/307/2
f 1570/311/2 1592/265/2 1569/308/2
f 1570/311/2 1591/312/2 1592/265/2
f 1551/313/2 1566/310/2 1550/309/2
f 1551/313/2 1565/314/2 1566/310/2
f 1571/315/2 1591/312/2 1570/311/2
f 1571/315/2 1590/316/2 1591/312/2
f 1551/313/2 1564/317/2 1565/314/2
f 1572/318/2 1590/316/2 1571/315/2
f 1552/319/2 1564/317/2 1551/313/2
f 1572/318/2 1589/320/2 1590/316/2
f 1552/319/2 1563/321/2 1564/317/2
f 1573/322/2 1589/320/2 1572/318/2
f 1573/322/2 1588/323/2 1589/320/2
f 1553/324/2 1563/321/2 1552/319/2
f 1553/324/2 1562/325/2 1563/321/2
f 1574/326/2 1588/323/2 1573/322/2
f 1574/326/2 1587/327/2 1588/323/2
f 1553/324/2 1561/328/2 1562/325/2
f 1575/329/2 1587/327/2 1574/326/2
f 1575/329/2 1586/330/2 1587/327/2
f 1554/331/2 1561/328/2 1553/324/2
f 1554/331/2 1560/332/2 1561/328/2
f 1576/333/2 1586/330/2 1575/329/2
f 1576/333/2 1585/334/2 1586/330/2
f 1554/331/2 1559/335/2 1560/332/2
f 1576/333/2 1584/336/2 1585/334/2
f 1577/337/2 1584/336/2 1576/333/2
f 1555/338/2 1559/335/2 1554/331/2
f 1577/337/2 1583/339/2 1584/336/2
f 1555/338/2 1558/340/2 1559/335/2
f 1578/341/2 1583/339/2 1577/337/2
f 1578/341/2 1582/342/2 1583/339/2
f 1555/338/2 1557/343/2 1558/340/2
f 1579/344/2 1582/342/2 1578/341/2
f 1556/345/2 1557/343/2 1555/338/2
f 1579/344/2 1581/346/2 1582/342/2
f 1580/347/2 1581/346/2 1579/344/2
f 1668/348/2 1666/350/2 1667/349/2
f 1668/348/2 1665/351/2 1666/350/2
f 1669/352/2 1665/351/2 1668/348/2
f 1669/352/2 1664/353/2 1665/351/2
f 1670/354/2 1664/353/2 1669/352/2
f 1670/354/2 1663/355/2 1664/353/2
f 1671/356/2 1663/355/2 1670/354/2
f 1671/356/2 1662/357/2 1663/355/2
f 1672/358/2 1662/357/2 1671/356/2
f 1672/358/2 1661/359/2 1662/357/2
f 1673/360/2 1661/359/2 1672/358/2
f 1673/360/2 1660/361/2 1661/359/2
f 1674/362/2 1716/363/2 1673/360/2
f 1716/363/2 1660/361/2 1673/360/2
f 1674/362/2 1715/364/2 1716/363/2
f 1717/365/2 1660/361/2 1716/363/2
f 1674/362/2 1714/366/2 1715/364/2
f 1718/367/2 1660/361/2 1717/365/2
f 1674/362/2 1713/368/2 1714/366/2
f 1719/369/2 1660/361/2 1718/367/2
f 1719/369/2 1659/370/2 1660/361/2
f 1674/362/2 1712/371/2 1713/368/2
f 1675/372/2 1712/371/2 1674/362/2
f 1720/373/2 1659/370/2 1719/369/2
f 1675/372/2 1711/374/2 1712/371/2
f 1721/375/2 1659/370/2 1720/373/2
f 1675/372/2 1710/376/2 1711/374/2
f 1722/377/2 1659/370/2 1721/375/2
f 1675/372/2 1709/378/2 1710/376/2
f 1723/379/2 1659/370/2 1722/377/2
f 1676/380/2 1709/378/2 1675/372/2
f 1723/379/2 1658/381/2 1659/370/2
f 1676/380/2 1708/382/2 1709/378/2
f 1724/383/2 1658/381/2 1723/379/2
f 1676/380/2 1707/384/2 1708/382/2
f 1725/385/2 1658/381/2 1724/383/2
f 1677/386/2 1707/384/2 1676/380/2
f 1725/385/2 1657/387/2 1658/381/2
f 1677/386/2 1706/388/2 1707/384/2
f 1726/389/2 1657/387/2 1725/385/2
f 1677/386/2 1705/390/2 1706/388/2
f 1727/391/2 1657/387/2 1726/389/2
f 1678/392/2 1705/390/2 1677/386/2
f 1678/392/2 1704/393/2 1705/390/2
f 1727/391/2 1656/394/2 1657/387/2
f 1728/22/2 1656/394/2 1727/391/2
f 1678/392/2 1728/22/2 1704/393/2
f 1678/392/2 1656/394/2 1728/22/2
f 1679/156/2 1656/394/2 1678/392/2
f 1679/156/2 1655/395/2 1656/394/2
f 1680/396/2 1654/397/2 1679/156/2
f 1654/397/2 1655/395/2 1679/156/2
f 1680/396/2 1653/398/2 1654/397/2
f 1681/399/2 1653/398/2 1680/396/2
f 1681/399/2 1652/400/2 1653/398/2
f 1681/399/2 1651/401/2 1652/400/2
f 1682/402/2 1651/401/2 1681/399/2
f 1682/402/2 1650/403/2 1651/401/2
f 1683/404/2 1650/403/2 1682/402/2
f 1683/404/2 1649/405/2 1650/403/2
f 1631/406/2 1703/407/2 1630/76/2
f 1683/404/2 1648/408/2 1649/405/2
f 1632/409/2 1703/407/2 1631/406/2
f 1633/410/2 1703/407/2 1632/409/2
f 1684/411/2 1648/408/2 1683/404/2
f 1684/411/2 1647/412/2 1648/408/2
f 1634/413/2 1703/407/2 1633/410/2
f 1635/414/2 1703/407/2 1634/413/2
f 1684/411/2 1646/415/2 1647/412/2
f 1636/416/2 1703/407/2 1635/414/2
f 1684/411/2 1645/417/2 1646/415/2
f 1637/418/2 1703/407/2 1636/416/2
f 1685/419/2 1645/417/2 1684/411/2
f 1638/420/2 1703/407/2 1637/418/2
f 1685/419/2 1644/421/2 1645/417/2
f 1639/422/2 1703/407/2 1638/420/2
f 1685/419/2 1643/423/2 1644/421/2
f 1640/424/2 1703/407/2 1639/422/2
f 1641/425/2 1703/407/2 1640/424/2
f 1685/419/2 1642/426/2 1643/423/2
f 1642/426/2 1703/407/2 1641/425/2
f 1685/419/2 1703/407/2 1642/426/2
f 1686/427/2 1703/407/2 1685/419/2
f 1686/427/2 1702/428/2 1703/407/2
f 1687/429/2 1702/428/2 1686/427/2
f 1687/429/2 1701/430/2 1702/428/2
f 1687/429/2 1700/431/2 1701/430/2
f 1688/432/2 1700/431/2 1687/429/2
f 1688/432/2 1699/433/2 1700/431/2
f 1688/432/2 1698/434/2 1699/433/2
f 1689/435/2 1698/434/2 1688/432/2
f 1689/435/2 1697/436/2 1698/434/2
f 1689/435/2 1696/437/2 1697/436/2
f 1690/438/2 1696/437/2 1689/435/2
f 1690/438/2 1695/439/2 1696/437/2
f 1690/438/2 1694/440/2 1695/439/2
f 1690/438/2 1693/441/2 1694/440/2
f 1691/442/2 1693/441/2 1690/438/2
f 1691/442/2 1692/443/2 1693/441/2
f 1731/130/2 1729/76/2 1730/147/2
f 1731/130/2 1732/22/2 1729/76/2
f 1746/444/2 1744/446/2 1745/445/2
f 1746/444/2 1743/447/2 1744/446/2
f 1746/444/2 1742/448/2 1743/447/2
f 1747/449/2 1742/448/2 1746/444/2
f 1747/449/2 1741/450/2 1742/448/2
f 1747/449/2 1740/451/2 1741/450/2
f 1747/449/2 1739/452/2 1740/451/2
f 1748/453/2 1739/452/2 1747/449/2
f 1748/453/2 1738/454/2 1739/452/2
f 1748/453/2 1737/455/2 1738/454/2
f 1748/453/2 1736/456/2 1737/455/2
f 1749/457/2 1736/456/2 1748/453/2
f 1749/457/2 1735/458/2 1736/456/2
f 1749/457/2 1734/459/2 1735/458/2
f 1749/457/2 1733/76/2 1734/459/2
f 1750/460/2 1733/76/2 1749/457/2
f 1750/460/2 1820/461/2 1733/76/2
f 1820/461/2 1821/462/2 1733/76/2
f 1821/462/2 1822/463/2 1733/76/2
f 1822/463/2 1823/464/2 1733/76/2
f 1823/464/2 1824/465/2 1733/76/2
f 1824/465/2 1825/466/2 1733/76/2
f 1825/466/2 1826/467/2 1733/76/2
f 1826/467/2 1827/468/2 1733/76/2
f 1827/468/2 1828/469/2 1733/76/2
f 1828/469/2 1829/470/2 1733/76/2
f 1829/470/2 1830/22/2 1733/76/2
f 1751/471/2 1818/472/4 1750/460/2
f 1818/472/4 1819/473/2 1750/460/2
f 1819/473/2 1820/461/2 1750/460/2
f 1751/471/2 1817/474/2 1818/472/4
f 1751/471/2 1816/475/2 1817/474/2
f 1751/471/2 1815/476/2 1816/475/2
f 1752/477/2 1815/476/2 1751/471/2
f 1752/477/2 1814/478/2 1815/476/2
f 1752/477/2 1813/479/2 1814/478/2
f 1753/480/2 1813/479/2 1752/477/2
f 1753/480/2 1812/481/2 1813/479/2
f 1753/480/2 1811/482/2 1812/481/2
f 1754/483/2 1811/482/2 1753/480/2
f 1754/483/2 1810/484/2 1811/482/2
f 1755/485/2 1810/484/2 1754/483/2
f 1755/485/2 1809/486/2 1810/484/2
f 1755/485/2 1808/487/2 1809/486/2
f 1756/488/2 1808/487/2 1755/485/2
f 1756/488/2 1807/489/2 1808/487/2
f 1757/490/2 1807/489/2 1756/488/2
f 1757/490/2 1806/491/2 1807/489/2
f 1757/490/2 1805/492/2 1806/491/2
f 1758/493/2 1805/492/2 1757/490/2
f 1758/493/2 1804/494/2 1805/492/2
f 1759/495/2 1804/494/2 1758/493/2
f 1759/495/2 1803/496/2 1804/494/2
f 1760/497/2 1803/496/2 1759/495/2
f 1760/497/2 1802/498/2 1803/496/2
f 1761/499/2 1802/498/2 1760/497/2
f 1761/499/2 1801/500/2 1802/498/2
f 1762/501/2 1801/500/2 1761/499/2
f 1762/501/2 1800/502/2 1801/500/2
f 1783/503/2 1781/505/2 1782/504/2
f 1762/501/2 1799/506/2 1800/502/2
f 1784/507/2 1781/505/2 1783/503/2
f 1763/508/2 1799/506/2 1762/501/2
f 1785/509/2 1781/505/2 1784/507/2
f 1763/508/2 1798/510/2 1799/506/2
f 1786/511/2 1781/505/2 1785/509/2
f 1787/512/2 1781/505/2 1786/511/2
f 1763/508/2 1797/513/2 1798/510/2
f 1788/514/2 1781/505/2 1787/512/2
f 1764/515/2 1797/513/2 1763/508/2
f 1789/516/2 1781/505/2 1788/514/2
f 1764/515/2 1796/517/2 1797/513/2
f 1790/518/2 1781/505/2 1789/516/2
f 1791/519/2 1781/505/2 1790/518/2
f 1764/515/2 1795/520/2 1796/517/2
f 1792/521/2 1781/505/2 1791/519/2
f 1793/522/2 1781/505/2 1792/521/2
f 1764/515/2 1794/523/2 1795/520/2
f 1794/523/2 1781/505/2 1793/522/2
f 1764/515/2 1781/505/2 1794/523/2
f 1765/524/2 1781/505/2 1764/515/2
f 1765/524/2 1780/525/2 1781/505/2
f 1766/526/2 1780/525/2 1765/524/2
f 1766/526/2 1779/527/2 1780/525/2
f 1766/526/2 1778/528/2 1779/527/2
f 1766/526/2 1777/529/2 1778/528/2
f 1767/530/2 1777/529/2 1766/526/2
f 1767/530/2 1776/531/2 1777/529/2
f 1767/530/2 1775/532/2 1776/531/2
f 1767/530/2 1774/533/2 1775/532/2
f 1768/534/2 1774/533/2 1767/530/2
f 1768/534/2 1773/535/2 1774/533/2
f 1768/534/2 1772/536/2 1773/535/2
f 1768/534/2 1771/537/2 1772/536/2
f 1769/538/2 1771/537/2 1768/534/2
f 1769/538/2 1770/539/2 1771/537/2
f 1869/348/2 1867/350/2 1868/349/2
f 1869/348/2 1866/351/2 1867/350/2
f 1870/352/2 1866/351/2 1869/348/2
f 1870/352/2 1865/353/2 1866/351/2
f 1871/354/2 1865/353/2 1870/352/2
f 1871/354/2 1864/355/2 1865/353/2
f 1872/356/2 1864/355/2 1871/354/2
f 1872/356/2 1863/357/2 1864/355/2
f 1873/358/2 1863/357/2 1872/356/2
f 1873/358/2 1862/359/2 1863/357/2
f 1874/360/2 1862/359/2 1873/358/2
f 1874/360/2 1861/361/2 1862/359/2
f 1875/362/2 1917/363/2 1874/360/2
f 1917/363/2 1861/361/2 1874/360/2
f 1875/362/2 1916/364/2 1917/363/2
f 1918/365/2 1861/361/2 1917/363/2
f 1875/362/2 1915/366/2 1916/364/2
f 1919/367/2 1861/361/2 1918/365/2
f 1875/362/2 1914/368/2 1915/366/2
f 1920/369/2 1861/361/2 1919/367/2
f 1920/369/2 1860/370/2 1861/361/2
f 1875/362/2 1913/371/2 1914/368/2
f 1876/372/2 1913/371/2 1875/362/2
f 1921/373/2 1860/370/2 1920/369/2
f 1876/372/2 1912/374/2 1913/371/2
f 1922/375/2 1860/370/2 1921/373/2
f 1876/372/2 1911/376/2 1912/374/2
f 1923/377/2 1860/370/2 1922/375/2
f 1876/372/2 1910/378/2 1911/376/2
f 1924/379/2 1860/370/2 1923/377/2
f 1877/380/2 1910/378/2 1876/372/2
f 1924/379/2 1859/381/2 1860/370/2
f 1877/380/2 1909/382/2 1910/378/2
f 1925/383/2 1859/381/2 1924/379/2
f 1877/380/2 1908/384/2 1909/382/2
f 1926/385/2 1859/381/2 1925/383/2
f 1878/386/2 1908/384/2 1877/380/2
f 1926/385/2 1858/387/2 1859/381/2
f 1878/386/2 1907/388/2 1908/384/2
f 1927/389/2 1858/387/2 1926/385/2
f 1878/386/2 1906/390/2 1907/388/2
f 1928/391/2 1858/387/2 1927/389/2
f 1879/392/2 1906/390/2 1878/386/2
f 1879/392/2 1905/393/2 1906/390/2
f 1928/391/2 1857/394/2 1858/387/2
f 1929/22/2 1857/394/2 1928/391/2
f 1879/392/2 1929/22/2 1905/393/2
f 1879/392/2 1857/394/2 1929/22/2
f 1880/156/2 1857/394/2 1879/392/2
f 1880/156/2 1856/395/2 1857/394/2
f 1881/396/2 1855/397/2 1880/156/2
f 1855/397/2 1856/395/2 1880/156/2
f 1881/396/2 1854/398/2 1855/397/2
f 1882/399/2 1854/398/2 1881/396/2
f 1882/399/2 1853/400/2 1854/398/2
f 1882/399/2 1852/401/2 1853/400/2
f 1883/402/2 1852/401/2 1882/399/2
f 1883/402/2 1851/403/2 1852/401/2
f 1884/404/2 1851/403/2 1883/402/2
f 1884/404/2 1850/405/2 1851/403/2
f 1832/406/2 1904/407/2 1831/76/2
f 1884/404/2 1849/408/2 1850/405/2
f 1833/409/2 1904/407/2 1832/406/2
f 1834/410/2 1904/407/2 1833/409/2
f 1885/411/2 1849/408/2 1884/404/2
f 1885/411/2 1848/412/2 1849/408/2
f 1835/413/2 1904/407/2 1834/410/2
f 1836/414/2 1904/407/2 1835/413/2
f 1885/411/2 1847/415/2 1848/412/2
f 1837/416/2 1904/407/2 1836/414/2
f 1885/411/2 1846/417/2 1847/415/2
f 1838/418/2 1904/407/2 1837/416/2
f 1886/419/2 1846/417/2 1885/411/2
f 1839/420/2 1904/407/2 1838/418/2
f 1886/419/2 1845/421/2 1846/417/2
f 1840/422/2 1904/407/2 1839/420/2
f 1886/419/2 1844/423/2 1845/421/2
f 1841/424/2 1904/407/2 1840/422/2
f 1842/425/2 1904/407/2 1841/424/2
f 1886/419/2 1843/426/2 1844/423/2
f 1843/426/2 1904/407/2 1842/425/2
f 1886/419/2 1904/407/2 1843/426/2
f 1887/427/2 1904/407/2 1886/419/2
f 1887/427/2 1903/428/2 1904/407/2
f 1888/429/2 1903/428/2 1887/427/2
f 1888/429/2 1902/430/2 1903/428/2
f 1888/429/2 1901/431/2 1902/430/2
f 1889/432/2 1901/431/2 1888/429/2
f 1889/432/2 1900/433/2 1901/431/2
f 1889/432/2 1899/434/2 1900/433/2
f 1890/435/2 1899/434/2 1889/432/2
f 1890/435/2 1898/436/2 1899/434/2
f 1890/435/2 1897/437/2 1898/436/2
f 1891/438/2 1897/437/2 1890/435/2
f 1891/438/2 1896/439/2 1897/437/2
f 1891/438/2 1895/440/2 1896/439/2
f 1891/438/2 1894/441/2 1895/440/2
f 1892/442/2 1894/441/2 1891/438/2
f 1892/442/2 1893/443/4 1894/441/2
f 2024/540/2 2022/542/2 2023/541/3
f 2000/543/2 1998/545/2 1999/544/2
f 2025/546/2 2022/542/2 2024/540/2
f 2025/546/2 2021/547/2 2022/542/2
f 2001/548/2 1998/545/2 2000/543/2
f 2001/548/2 1997/549/2 1998/545/2
f 2026/550/2 2021/547/2 2025/546/2
f 2026/550/2 2020/551/2 2021/547/2
f 2002/552/2 1997/549/2 2001/548/2
f 2027/553/2 2020/551/2 2026/550/2
f 2027/553/2 2019/554/2 2020/551/2
f 2002/552/2 1996/555/2 1997/549/2
f 2003/556/2 1996/555/2 2002/552/2
f 2028/557/2 2019/554/2 2027/553/2
f 1931/558/2 2036/22/2 1930/76/2
f 1931/558/2 2035/559/2 2036/22/2
f 2028/557/2 2018/560/2 2019/554/2
f 2004/561/2 1996/555/2 2003/556/2
f 2029/562/2 2018/560/2 2028/557/2
f 2004/561/2 1995/563/2 1996/555/2
f 2029/562/2 2017/564/2 2018/560/2
f 2030/565/2 2017/564/2 2029/562/2
f 2005/566/2 1995/563/2 2004/561/2
f 2030/565/2 2016/567/2 2017/564/2
f 2005/566/2 1994/568/2 1995/563/2
f 2031/569/2 2016/567/2 2030/565/2
f 2006/570/2 1994/568/2 2005/566/2
f 2031/569/2 2015/571/2 2016/567/2
f 2032/572/2 2015/571/2 2031/569/2
f 2007/573/2 1994/568/2 2006/570/2
f 2007/573/2 1993/574/2 1994/568/2
f 2032/572/2 2014/575/2 2015/571/2
f 2033/576/2 2014/575/2 2032/572/2
f 2008/577/2 1993/574/2 2007/573/2
f 2033/576/2 2013/578/2 2014/575/2
f 2034/579/2 2013/578/2 2033/576/2
f 2008/577/2 1992/580/2 1993/574/2
f 2009/581/2 1992/580/2 2008/577/2
f 2034/579/2 2012/582/2 2013/578/2
f 2035/559/2 2012/582/2 2034/579/2
f 2010/583/2 1992/580/2 2009/581/2
f 2010/583/2 1972/584/2 1992/580/2
f 1972/584/2 1991/585/2 1992/580/2
f 1931/558/2 1933/586/2 2035/559/2
f 1933/586/2 1934/587/2 2035/559/2
f 1934/587/2 1935/588/2 2035/559/2
f 1935/588/2 1936/589/2 2035/559/2
f 1936/589/2 1937/590/2 2035/559/2
f 1937/590/2 1938/591/2 2035/559/2
f 1938/591/2 1939/592/2 2035/559/2
f 1939/592/2 1940/593/2 2035/559/2
f 1940/593/2 1941/594/2 2035/559/2
f 1941/594/2 1942/595/2 2035/559/2
f 1942/595/2 1943/596/2 2035/559/2
f 1943/596/2 1944/597/2 2035/559/2
f 1944/597/2 2012/582/2 2035/559/2
f 1944/597/2 1945/598/2 2012/582/2
f 1945/598/2 2011/599/2 2012/582/2
f 2011/599/2 1971/600/2 2010/583/2
f 1971/600/2 1972/584/2 2010/583/2
f 1946/601/2 2011/599/2 1945/598/2
f 1973/602/2 1991/585/2 1972/584/2
f 2011/599/2 1970/603/3 1971/600/2
f 1947/604/2 2011/599/2 1946/601/2
f 1974/605/2 1991/585/2 1973/602/2
f 2011/599/2 1969/606/2 1970/603/3
f 1948/607/2 2011/599/2 1947/604/2
f 1975/608/2 1991/585/2 1974/605/2
f 2011/599/2 1968/609/2 1969/606/2
f 1949/610/2 2011/599/2 1948/607/2
f 1949/610/2 1968/609/2 2011/599/2
f 1976/611/2 1991/585/2 1975/608/2
f 1949/610/2 1967/612/2 1968/609/2
f 1976/611/2 1990/613/2 1991/585/2
f 1950/614/2 1967/612/2 1949/610/2
f 1950/614/2 1966/615/2 1967/612/2
f 1977/616/2 1990/613/2 1976/611/2
f 1950/614/2 1965/617/2 1966/615/2
f 1951/618/2 1965/617/2 1950/614/2
f 1978/619/2 1990/613/2 1977/616/2
f 1951/618/2 1964/620/2 1965/617/2
f 1952/621/2 1964/620/2 1951/618/2
f 1979/622/2 1990/613/2 1978/619/2
f 1952/621/2 1963/623/2 1964/620/2
f 1979/622/2 1989/624/2 1990/613/2
f 1953/625/2 1963/623/2 1952/621/2
f 1953/625/2 1962/626/2 1963/623/2
f 1980/627/2 1989/624/2 1979/622/2
f 1953/625/2 1961/628/2 1962/626/2
f 1954/629/2 1961/628/2 1953/625/2
f 1981/630/2 1989/624/2 1980/627/2
f 1954/629/2 1960/631/2 1961/628/2
f 1981/630/2 1988/632/2 1989/624/2
f 1955/633/2 1960/631/2 1954/629/2
f 1931/558/2 1932/634/2 1933/586/2
f 1955/633/2 1959/635/2 1960/631/2
f 1982/636/2 1988/632/2 1981/630/2
f 1956/637/2 1959/635/2 1955/633/2
f 1983/156/2 1988/632/2 1982/636/2
f 1983/156/2 1987/638/2 1988/632/2
f 1957/639/2 1959/635/2 1956/637/2
f 1984/640/2 1987/638/2 1983/156/2
f 1984/640/2 1986/641/2 1987/638/2
f 1958/642/2 1959/635/2 1957/639/2
f 1985/643/2 1986/641/2 1984/640/2
f 2075/176/2 2073/178/2 2074/177/2
f 2076/179/2 2073/178/2 2075/176/2
f 2076/179/2 2072/180/2 2073/178/2
f 2077/181/2 2072/180/2 2076/179/2
f 2078/182/2 2072/180/2 2077/181/2
f 2078/182/2 2071/183/2 2072/180/2
f 2079/184/2 2071/183/2 2078/182/2
f 2079/184/2 2070/185/2 2071/183/2
f 2080/186/2 2070/185/2 2079/184/2
f 2081/187/2 2070/185/2 2080/186/2
f 2081/187/2 2069/188/2 2070/185/2
f 2082/189/2 2069/188/2 2081/187/2
f 2082/189/2 2068/190/2 2069/188/2
f 2083/191/2 2068/190/2 2082/189/2
f 2084/192/2 2068/190/2 2083/191/2
f 2084/192/2 2067/193/2 2068/190/2
f 2085/194/2 2067/193/2 2084/192/2
f 2085/194/2 2066/195/2 2067/193/2
f 2086/196/2 2066/195/2 2085/194/2
f 2087/197/2 2088/198/2 2086/196/2
f 2088/198/2 2089/199/2 2086/196/2
f 2089/199/2 2090/200/2 2086/196/2
f 2090/200/2 2091/201/2 2086/196/2
f 2091/201/2 2092/202/2 2086/196/2
f 2092/202/2 2093/203/2 2086/196/2
f 2093/203/2 2094/204/2 2086/196/2
f 2094/204/2 2095/205/2 2086/196/2
f 2095/205/2 2096/206/2 2086/196/2
f 2096/206/2 2097/207/2 2086/196/2
f 2097/207/2 2066/195/2 2086/196/2
f 2097/207/2 2098/208/2 2066/195/2
f 2098/208/2 2099/209/2 2066/195/2
f 2099/209/2 2065/210/2 2066/195/2
f 2099/209/2 2100/211/2 2065/210/2
f 2100/211/2 2064/212/2 2065/210/2
f 2101/213/2 2064/212/2 2100/211/2
f 2102/214/2 2064/212/2 2101/213/2
f 2103/215/2 2064/212/2 2102/214/2
f 2104/216/2 2064/212/2 2103/215/2
f 2105/217/2 2064/212/2 2104/216/2
f 2105/217/2 2063/218/2 2064/212/2
f 2106/219/2 2063/218/2 2105/217/2
f 2107/220/2 2063/218/2 2106/219/2
f 2108/221/2 2063/218/2 2107/220/2
f 2108/221/2 2062/222/2 2063/218/2
f 2109/223/2 2062/222/2 2108/221/2
f 2110/224/2 2062/222/2 2109/223/2
f 2110/224/2 2061/225/2 2062/222/2
f 2111/226/2 2061/225/2 2110/224/2
f 2112/227/2 2061/225/2 2111/226/2
f 2113/228/2 2210/22/2 2112/227/2
f 2210/22/2 2061/225/2 2112/227/2
f 2114/229/2 2210/22/2 2113/228/2
f 2115/230/2 2210/22/2 2114/229/2
f 2116/231/2 2210/22/2 2115/230/2
f 2117/232/2 2210/22/2 2116/231/2
f 2117/232/2 2209/233/2 2210/22/2
f 2174/234/2 2061/225/2 2210/22/2
f 2117/232/2 2208/235/2 2209/233/2
f 2118/236/2 2208/235/2 2117/232/2
f 2118/236/2 2207/237/2 2208/235/2
f 2119/238/2 2207/237/2 2118/236/2
f 2119/238/2 2206/239/2 2207/237/2
f 2120/240/2 2206/239/2 2119/238/2
f 2120/240/2 2205/241/2 2206/239/2
f 2120/240/2 2204/242/2 2205/241/2
f 2121/243/2 2204/242/2 2120/240/2
f 2121/243/2 2203/244/2 2204/242/2
f 2122/245/2 2203/244/2 2121/243/2
f 2122/245/2 2202/246/2 2203/244/2
f 2122/245/2 2201/247/2 2202/246/2
f 2123/248/2 2201/247/2 2122/245/2
f 2123/248/2 2200/249/2 2201/247/2
f 2123/248/2 2199/250/2 2200/249/2
f 2124/251/2 2199/250/2 2123/248/2
f 2124/251/2 2198/252/2 2199/250/2
f 2125/253/2 2198/252/2 2124/251/2
f 2125/253/2 2197/254/2 2198/252/2
f 2125/253/2 2196/255/2 2197/254/2
f 2126/256/2 2196/255/2 2125/253/2
f 2126/256/2 2195/257/2 2196/255/2
f 2126/256/2 2194/258/2 2195/257/2
f 2175/259/2 2061/225/2 2174/234/2
f 2127/260/2 2194/258/2 2126/256/2
f 2176/261/2 2061/225/2 2175/259/2
f 2127/260/2 2193/262/2 2194/258/2
f 2177/263/2 2061/225/2 2176/261/2
f 2038/264/2 2173/265/2 2037/76/2
f 2177/263/2 2060/266/2 2061/225/2
f 2127/260/2 2192/267/2 2193/262/2
f 2039/268/2 2173/265/2 2038/264/2
f 2178/269/2 2060/266/2 2177/263/2
f 2178/269/2 2059/270/2 2060/266/2
f 2040/271/2 2173/265/2 2039/268/2
f 2128/272/2 2192/267/2 2127/260/2
f 2128/272/2 2191/273/2 2192/267/2
f 2178/269/2 2058/274/2 2059/270/2
f 2179/275/2 2058/274/2 2178/269/2
f 2041/276/2 2173/265/2 2040/271/2
f 2179/275/2 2057/277/2 2058/274/2
f 2180/278/2 2057/277/2 2179/275/2
f 2042/279/2 2173/265/2 2041/276/2
f 2128/272/2 2190/280/2 2191/273/2
f 2180/278/2 2056/281/2 2057/277/2
f 2043/282/2 2173/265/2 2042/279/2
f 2181/283/2 2056/281/2 2180/278/2
f 2181/283/2 2055/284/2 2056/281/2
f 2044/285/2 2173/265/2 2043/282/2
f 2128/272/2 2189/286/2 2190/280/2
f 2181/283/2 2054/287/2 2055/284/2
f 2182/288/2 2054/287/2 2181/283/2
f 2045/289/2 2173/265/2 2044/285/2
f 2182/288/2 2053/290/2 2054/287/2
f 2129/291/2 2189/286/2 2128/272/2
f 2046/292/2 2173/265/2 2045/289/2
f 2129/291/2 2188/293/2 2189/286/2
f 2183/294/2 2053/290/2 2182/288/2
f 2183/294/2 2052/295/2 2053/290/2
f 2047/296/2 2173/265/2 2046/292/2
f 2183/294/2 2051/297/2 2052/295/2
f 2048/298/2 2173/265/2 2047/296/2
f 2184/299/2 2051/297/2 2183/294/2
f 2184/299/2 2050/300/2 2051/297/2
f 2049/301/2 2173/265/2 2048/298/2
f 2184/299/2 2049/301/2 2050/300/2
f 2129/291/2 2187/302/2 2188/293/2
f 2184/299/2 2173/265/2 2049/301/2
f 2185/303/2 2173/265/2 2184/299/2
f 2129/291/2 2186/304/2 2187/302/2
f 2186/304/2 2173/265/2 2185/303/2
f 2129/291/2 2149/305/2 2186/304/2
f 2149/305/2 2173/265/2 2186/304/2
f 2130/306/2 2149/305/2 2129/291/2
f 2130/306/2 2148/307/2 2149/305/2
f 2150/308/2 2173/265/2 2149/305/2
f 2131/309/2 2148/307/2 2130/306/2
f 2131/309/2 2147/310/2 2148/307/2
f 2151/311/2 2173/265/2 2150/308/2
f 2151/311/2 2172/312/2 2173/265/2
f 2132/313/2 2147/310/2 2131/309/2
f 2132/313/2 2146/314/2 2147/310/2
f 2152/315/2 2172/312/2 2151/311/2
f 2152/315/2 2171/316/2 2172/312/2
f 2132/313/2 2145/317/2 2146/314/2
f 2153/318/2 2171/316/2 2152/315/2
f 2133/319/2 2145/317/2 2132/313/2
f 2153/318/2 2170/320/2 2171/316/2
f 2133/319/2 2144/321/2 2145/317/2
f 2154/322/2 2170/320/2 2153/318/2
f 2154/322/2 2169/323/2 2170/320/2
f 2134/324/2 2144/321/2 2133/319/2
f 2134/324/2 2143/325/2 2144/321/2
f 2155/326/2 2169/323/2 2154/322/2
f 2155/326/2 2168/327/2 2169/323/2
f 2134/324/2 2142/328/2 2143/325/2
f 2156/329/2 2168/327/2 2155/326/2
f 2156/329/2 2167/330/2 2168/327/2
f 2135/331/2 2142/328/2 2134/324/2
f 2135/331/2 2141/332/2 2142/328/2
f 2157/333/2 2167/330/2 2156/329/2
f 2157/333/2 2166/334/2 2167/330/2
f 2135/331/2 2140/335/2 2141/332/2
f 2157/333/2 2165/336/2 2166/334/2
f 2158/337/2 2165/336/2 2157/333/2
f 2136/338/2 2140/335/2 2135/331/2
f 2158/337/2 2164/339/2 2165/336/2
f 2136/338/2 2139/340/2 2140/335/2
f 2159/341/2 2164/339/2 2158/337/2
f 2159/341/2 2163/342/2 2164/339/2
f 2136/338/2 2138/343/2 2139/340/2
f 2160/344/3 2163/342/2 2159/341/2
f 2137/345/2 2138/343/2 2136/338/2
f 2160/344/3 2162/346/2 2163/342/2
f 2161/347/2 2162/346/2 2160/344/3
f 2277/644/2 2275/646/2 2276/645/2
f 2277/644/2 2274/647/2 2275/646/2
f 2277/644/2 2273/648/2 2274/647/2
f 2277/644/2 2272/649/2 2273/648/2
f 2278/650/2 2272/649/2 2277/644/2
f 2278/650/2 2271/651/2 2272/649/2
f 2278/650/2 2270/652/2 2271/651/2
f 2278/650/2 2269/653/2 2270/652/2
f 2279/654/2 2269/653/2 2278/650/2
f 2279/654/2 2268/655/2 2269/653/2
f 2279/654/2 2267/656/2 2268/655/2
f 2280/657/2 2267/656/2 2279/654/2
f 2280/657/2 2266/658/2 2267/656/2
f 2280/657/2 2265/659/2 2266/658/2
f 2281/660/2 2265/659/2 2280/657/2
f 2281/660/2 2264/661/2 2265/659/2
f 2281/660/2 2253/662/2 2264/661/2
f 2253/662/2 2254/663/2 2264/661/2
f 2254/663/2 2255/664/2 2264/661/2
f 2255/664/2 2256/665/2 2264/661/2
f 2256/665/2 2257/666/2 2264/661/2
f 2257/666/2 2258/667/2 2264/661/2
f 2258/667/2 2259/668/2 2264/661/2
f 2259/668/2 2260/669/2 2264/661/2
f 2260/669/2 2261/670/2 2264/661/2
f 2261/670/2 2262/671/2 2264/661/2
f 2262/671/2 2263/672/2 2264/661/2
f 2282/673/2 2251/674/2 2281/660/2
f 2251/674/2 2252/675/2 2281/660/2
f 2252/675/2 2253/662/2 2281/660/2
f 2282/673/2 2250/676/2 2251/674/2
f 2282/673/2 2249/677/2 2250/676/2
f 2282/673/2 2248/678/2 2249/677/2
f 2283/679/2 2248/678/2 2282/673/2
f 2283/679/2 2247/680/2 2248/678/2
f 2283/679/2 2246/681/2 2247/680/2
f 2284/682/2 2246/681/2 2283/679/2
f 2284/682/2 2245/683/2 2246/681/2
f 2284/682/2 2244/684/2 2245/683/2
f 2285/685/2 2244/684/2 2284/682/2
f 2285/685/2 2243/686/2 2244/684/2
f 2286/687/2 2243/686/2 2285/685/2
f 2286/687/2 2242/688/2 2243/686/2
f 2286/687/2 2241/689/2 2242/688/2
f 2287/690/2 2241/689/2 2286/687/2
f 2287/690/2 2240/691/2 2241/689/2
f 2288/692/2 2240/691/2 2287/690/2
f 2288/692/2 2239/693/2 2240/691/2
f 2288/692/2 2238/694/2 2239/693/2
f 2289/695/2 2238/694/2 2288/692/2
f 2213/696/2 2211/76/2 2212/697/2
f 2213/696/2 2214/698/2 2211/76/2
f 2214/698/2 2312/22/2 2211/76/2
f 2289/695/2 2237/699/2 2238/694/2
f 2290/700/2 2237/699/2 2289/695/2
f 2290/700/2 2236/701/2 2237/699/2
f 2215/702/2 2312/22/2 2214/698/2
f 2291/703/2 2236/701/2 2290/700/2
f 2291/703/2 2235/704/2 2236/701/2
f 2291/703/2 2234/705/2 2235/704/2
f 2292/706/2 2234/705/2 2291/703/2
f 2292/706/2 2233/707/2 2234/705/2
f 2293/708/2 2233/707/2 2292/706/2
f 2293/708/2 2232/709/2 2233/707/2
f 2293/708/2 2231/710/2 2232/709/2
f 2294/711/2 2231/710/2 2293/708/2
f 2294/711/2 2230/712/2 2231/710/2
f 2216/713/2 2312/22/2 2215/702/2
f 2217/714/2 2312/22/2 2216/713/2
f 2218/715/2 2312/22/2 2217/714/2
f 2294/711/2 2229/716/2 2230/712/2
f 2219/717/2 2312/22/2 2218/715/2
f 2220/718/2 2312/22/2 2219/717/2
f 2221/719/2 2312/22/2 2220/718/2
f 2294/711/2 2228/720/2 2229/716/2
f 2295/721/2 2228/720/2 2294/711/2
f 2222/722/2 2312/22/2 2221/719/2
f 2223/723/2 2312/22/2 2222/722/2
f 2224/724/2 2312/22/2 2223/723/2
f 2295/721/2 2227/725/2 2228/720/2
f 2225/726/2 2312/22/2 2224/724/2
f 2226/727/2 2312/22/2 2225/726/2
f 2227/725/2 2312/22/2 2226/727/2
f 2295/721/2 2312/22/2 2227/725/2
f 2296/728/2 2312/22/2 2295/721/2
f 2296/728/2 2311/729/2 2312/22/2
f 2296/728/2 2310/730/2 2311/729/2
f 2297/731/2 2310/730/2 2296/728/2
f 2297/731/2 2309/732/2 2310/730/2
f 2297/731/2 2308/733/2 2309/732/2
f 2298/734/2 2308/733/2 2297/731/2
f 2298/734/2 2307/735/2 2308/733/2
f 2298/734/2 2306/736/2 2307/735/2
f 2298/734/2 2305/737/2 2306/736/2
f 2299/738/2 2305/737/2 2298/734/2
f 2299/738/2 2304/739/2 2305/737/2
f 2299/738/2 2303/740/2 2304/739/2
f 2299/738/2 2302/741/2 2303/740/2
f 2300/742/2 2302/741/2 2299/738/2
f 2300/742/2 2301/743/2 2302/741/2
f 411/307/5 1566/310/5 410/310/5
f 334/183/6 1489/185/6 333/185/6
f 395/313/7 1550/309/7 394/309/7
f 712/349/8 1867/350/8 711/350/8
f 735/438/9 1890/435/9 734/435/9
f 900/281/10 2055/284/10 899/284/10
f 435/312/11 1590/316/11 434/316/11
f 871/553/12 2026/550/12 870/550/12
f 847/556/13 2002/552/13 846/552/13
f 892/298/14 2047/296/14 891/296/14
f 350/197/15 1505/196/15 349/196/15
f 775/558/15 1930/76/15 774/76/15
f 1028/299/16 2183/294/16 1027/294/16
f 419/329/17 1574/326/17 418/326/17
f 760/364/18 1915/366/18 759/366/18
f 403/335/19 1558/340/19 402/340/19
f 427/339/20 1582/342/20 426/342/20
f 996/315/21 2151/311/21 995/311/21
f 515/356/22 1670/354/22 514/354/22
f 720/372/23 1875/362/23 719/362/23
f 988/321/24 2143/325/24 987/325/24
f 768/379/25 1923/377/25 767/377/25
f 1012/327/26 2167/330/26 1011/330/26
f 114/6/27 1269/4/27 113/4/27
f 507/355/28 1662/357/28 506/357/28
f 704/370/29 1859/381/29 703/381/29
f 106/11/30 1261/13/30 105/13/30
f 358/205/31 1513/204/31 357/204/31
f 563/369/32 1718/367/32 562/367/32
f 555/374/33 1710/376/33 554/376/33
f 980/338/34 2135/331/34 979/331/34
f 122/22/35 1277/20/35 121/20/35
f 571/391/36 1726/389/36 570/389/36
f 752/384/37 1907/388/37 751/388/37
f 49/24/38 1278/22/38 122/22/38
f 366/215/39 1521/214/39 365/214/39
f 696/401/40 1851/403/40 695/403/40
f 1004/344/41 2159/341/41 1003/341/41
f 728/404/42 1883/402/42 727/402/42
f 50/26/43 1205/24/44 49/24/44
f 326/218/45 1481/222/45 325/222/45
f 523/156/46 1678/392/46 522/392/46
f 1116/649/47 2271/651/48 1115/651/47
f 98/27/49 1253/28/50 97/28/50
f 1124/657/51 2279/654/51 1123/654/51
f 680/414/52 1835/413/52 679/413/52
f 374/226/53 1529/224/53 373/224/53
f 499/395/54 1654/397/54 498/397/54
f 1100/665/55 2255/664/55 1099/664/55
f 58/43/56 1213/41/57 57/41/57
f 437/234/15 1629/22/15 473/22/15
f 475/406/58 1630/76/58 474/76/58
f 688/423/59 1843/426/59 687/426/59
f 1108/661/60 2263/672/60 1107/672/60
f 90/42/61 1245/44/61 89/44/61
f 474/76/60 1703/407/60 547/407/60
f 744/433/62 1899/434/62 743/434/62
f 1092/678/63 2247/680/63 1091/680/63
f 382/238/64 1537/236/64 381/236/64
f 491/412/65 1646/415/65 490/415/65
f 1132/692/66 2287/690/66 1131/690/66
f 66/58/67 1221/56/67 65/56/67
f 470/237/68 1625/239/68 469/239/68
f 82/59/69 1237/61/69 81/61/69
f 462/250/70 1617/252/70 461/252/70
f 483/422/71 1638/420/71 482/420/71
f 1084/691/72 2239/693/72 1083/693/72
f 736/442/73 1891/438/73 735/438/73
f 74/74/74 1229/72/74 73/72/74
f 547/407/75 1702/428/75 546/428/75
f 1076/709/76 2231/710/76 1075/710/76
f 2/75/77 1157/76/77 1/76/77
f 438/259/78 1593/234/78 437/234/78
f 531/429/79 1686/427/79 530/427/79
f 864/551/80 2019/554/80 863/554/80
f 1/76/81 1204/77/81 48/77/81
f 390/260/82 1545/256/82 389/256/82
f 539/439/83 1694/440/83 538/440/83
f 872/557/84 2027/553/84 871/553/84
f 1060/713/85 2215/702/86 1059/702/86
f 302/268/87 1457/264/87 301/264/87
f 587/447/88 1742/448/89 586/448/88
f 1068/724/90 2223/723/90 1067/723/90
f 42/89/91 1197/91/91 41/91/91
f 454/273/92 1609/280/92 453/280/92
f 10/92/93 1165/90/93 9/90/93
f 880/22/60 2035/559/60 879/559/60
f 1140/728/94 2295/721/94 1139/721/94
f 318/284/95 1473/287/95 317/287/95
f 579/458/96 1734/459/96 578/459/96
f 848/561/97 2003/556/97 847/556/97
f 1156/22/98 2311/729/98 1155/729/98
f 1148/739/99 2303/740/99 1147/740/99
f 34/105/100 1189/107/100 33/107/100
f 667/464/101 1822/463/101 666/463/101
f 840/555/102 1995/563/102 839/563/103
f 18/108/104 1173/106/104 17/106/104
f 446/294/105 1601/288/105 445/288/105
f 595/471/106 1750/460/106 594/460/106
f 109/5/107 1264/7/107 108/7/107
f 26/121/108 1181/122/108 25/122/108
f 310/296/109 1465/292/109 309/292/109
f 234/1/110 1389/2/110 233/2/110
f 117/12/111 1272/10/111 116/10/111
f 414/311/112 1569/308/112 413/308/112
f 659/476/113 1814/478/113 658/478/113
f 784/593/114 1939/592/114 783/592/114
f 226/15/115 1381/17/115 225/17/115
f 651/489/116 1806/491/116 650/491/116
f 856/582/117 2011/599/117 855/599/117
f 101/21/118 1256/23/118 100/23/118
f 242/18/119 1397/16/119 241/16/119
f 218/30/120 1373/32/121 217/32/121
f 406/325/122 1561/328/122 405/328/122
f 603/495/123 1758/493/123 602/493/123
f 816/584/124 1971/600/124 815/600/124
f 53/33/125 1208/31/126 52/31/126
f 398/331/127 1553/324/127 397/324/127
f 627/503/128 1782/504/128 626/504/128
f 93/36/129 1248/38/130 92/38/130
f 430/330/131 1585/334/131 429/334/131
f 643/506/132 1798/510/132 642/510/132
f 792/607/133 1947/604/133 791/604/133
f 178/39/134 1333/37/135 177/37/135
f 635/519/136 1790/518/136 634/518/136
f 210/46/137 1365/48/138 209/48/138
f 808/620/139 1963/623/139 807/623/139
f 61/49/140 1216/47/141 60/47/141
f 422/341/142 1577/337/142 421/337/142
f 85/53/143 1240/55/143 84/55/143
f 824/627/144 1979/622/144 823/622/144
f 186/54/145 1341/52/145 185/52/145
f 510/350/146 1665/351/146 509/351/146
f 202/63/147 1357/65/147 201/65/147
f 611/530/148 1766/526/148 610/526/148
f 776/634/54 1931/558/54 775/558/54
f 69/64/149 1224/62/149 68/62/149
f 518/362/150 1673/360/150 517/360/150
f 619/532/151 1774/533/151 618/533/151
f 77/69/152 1232/71/152 76/71/152
f 715/354/153 1870/352/153 714/352/153
f 800/637/154 1955/633/154 799/633/154
f 194/70/155 1349/68/155 193/68/155
f 558/366/156 1713/368/156 557/368/156
f 832/632/157 1987/638/157 831/638/157
f 170/77/158 1325/79/158 169/79/158
f 566/377/159 1721/375/159 565/375/159
f 707/357/160 1862/359/160 706/359/160
f 920/179/161 2075/176/161 919/176/161
f 5/82/162 1160/80/163 4/80/162
f 928/192/164 2083/191/164 927/191/164
f 45/83/165 1200/85/165 44/85/165
f 502/381/166 1657/387/166 501/387/166
f 763/367/167 1918/365/167 762/365/167
f 130/88/168 1285/86/168 129/86/168
f 755/376/169 1910/378/169 754/378/169
f 912/190/170 2067/193/170 911/193/170
f 162/93/171 1317/95/171 161/95/171
f 550/388/172 1705/390/172 549/390/172
f 936/202/173 2091/201/173 935/201/173
f 13/99/174 1168/96/174 12/96/174
f 526/402/175 1681/399/175 525/399/175
f 771/389/176 1926/385/176 770/385/176
f 944/211/177 2099/209/177 943/209/177
f 37/98/178 1192/101/178 36/101/178
f 138/104/179 1293/102/179 137/102/179
f 952/221/180 2107/220/180 951/220/180
f 154/109/181 1309/111/181 153/111/181
f 494/403/182 1649/405/182 493/405/182
f 723/392/183 1878/386/183 722/386/183
f 960/231/184 2115/230/184 959/230/184
f 21/114/185 1176/112/185 20/112/185
f 478/413/186 1633/410/186 477/410/186
f 699/397/187 1854/398/187 698/398/187
f 1048/242/188 2203/244/188 1047/244/188
f 29/115/189 1184/117/189 28/117/189
f 146/120/190 1301/118/190 145/118/190
f 237/8/191 1392/6/191 236/6/191
f 486/426/192 1641/425/192 485/425/192
f 282/128/193 1437/130/194 281/130/193
f 691/415/195 1846/417/195 690/417/195
f 229/9/196 1384/11/196 228/11/196
f 290/136/128 1445/132/128 289/132/128
f 968/251/197 2123/248/197 967/248/197
f 542/434/198 1697/436/198 541/436/198
f 1040/255/199 2195/257/199 1039/257/199
f 274/143/200 1429/145/200 273/145/200
f 683/420/201 1838/418/201 682/418/201
f 534/438/9 1689/435/9 533/435/9
f 904/266/202 2059/270/202 903/270/202
f 221/25/203 1376/27/49 220/27/49
f 731/427/204 1886/419/204 730/419/204
f 1024/278/205 2179/275/205 1023/275/205
f 266/150/206 1421/149/207 265/149/206
f 574/147/208 1729/76/208 573/76/208
f 747/428/209 1902/430/209 746/430/209
f 173/29/210 1328/26/43 172/26/43
f 573/76/60 1732/22/60 576/22/60
f 739/440/211 1894/441/211 738/441/211
f 888/285/212 2043/282/212 887/282/212
f 213/40/213 1368/42/214 212/42/214
f 258/163/215 1413/164/215 257/164/215
f 590/444/216 1745/445/216 589/445/216
f 867/541/217 2022/542/217 866/542/217
f 896/295/218 2051/297/218 895/297/218
f 298/135/208 1453/165/208 297/165/208
f 582/454/219 1737/455/219 581/455/219
f 181/45/220 1336/43/220 180/43/220
f 250/172/221 1405/173/221 249/173/221
f 670/467/222 1825/466/222 669/466/222
f 843/544/223 1998/545/223 842/545/223
f 1032/293/224 2187/302/224 1031/302/224
f 338/176/225 1493/177/225 337/177/225
f 662/472/226 1817/474/226 661/474/226
f 346/191/227 1501/189/227 345/189/227
f 205/57/228 1360/59/228 204/59/228
f 875/569/229 2030/565/229 874/565/229
f 992/307/230 2147/310/230 991/310/230
f 189/60/231 1344/58/231 188/58/231
f 330/193/232 1485/195/232 329/195/232
f 851/573/233 2006/570/233 850/570/233
f 976/313/7 2131/309/7 975/309/7
f 197/73/234 1352/74/234 196/74/234
f 598/483/235 1753/480/235 597/480/235
f 1016/312/11 2171/316/11 1015/316/11
f 354/201/236 1509/200/236 353/200/236
f 654/484/237 1809/486/237 653/486/237
f 859/571/238 2014/575/238 858/575/238
f 125/78/239 1280/75/240 124/75/239
f 165/87/241 1320/89/241 164/89/241
f 1000/329/242 2155/326/242 999/326/242
f 362/209/243 1517/208/243 361/208/243
f 646/498/244 1801/500/244 645/500/244
f 779/588/245 1934/587/245 778/587/245
f 984/335/19 2139/340/19 983/340/19
f 606/501/246 1761/499/246 605/499/246
f 1008/339/20 2163/342/20 1007/342/20
f 133/94/247 1288/92/247 132/92/247
f 370/220/248 1525/219/248 369/219/248
f 630/511/249 1785/509/249 629/509/249
f 787/596/250 1942/595/250 786/595/250
f 157/103/251 1312/105/251 156/105/251
f 638/523/252 1793/522/252 637/522/252
f 1120/645/253 2275/646/253 1119/646/253
f 378/230/254 1533/229/255 377/229/255
f 622/528/256 1777/529/256 621/529/256
f 819/608/257 1974/605/257 818/605/257
f 835/585/258 1990/613/258 834/613/258
f 1112/655/259 2267/656/259 1111/656/259
f 141/110/260 1296/108/260 140/108/260
f 614/539/261 1769/538/261 613/538/261
f 149/119/262 1304/121/262 148/121/262
f 466/244/263 1621/246/263 465/246/263
f 710/351/264 1865/353/264 709/353/264
f 811/612/265 1966/615/265 810/615/265
f 1104/669/266 2259/668/266 1103/668/266
f 285/124/267 1440/125/267 284/125/267
f 386/248/268 1541/245/268 385/245/268
f 458/257/269 1613/258/269 457/258/269
f 718/360/270 1873/358/270 717/358/270
f 795/618/271 1950/614/271 794/614/271
f 277/138/272 1432/140/272 276/140/272
f 758/368/273 1913/371/274 757/371/273
f 1096/675/275 2251/674/275 1095/674/275
f 322/270/276 1477/274/276 321/274/276
f 766/375/277 1921/373/277 765/373/277
f 827/156/278 1982/636/278 826/636/278
f 1128/682/279 2283/679/279 1127/679/279
f 293/144/280 1448/141/280 292/141/280
f 442/275/281 1597/269/281 441/269/281
f 750/390/282 1905/393/282 749/393/282
f 803/635/54 1958/642/54 802/642/54
f 923/184/283 2078/182/283 922/182/283
f 1088/684/284 2243/686/284 1087/686/284
f 269/153/285 1424/152/286 268/152/285
f 702/387/287 1857/394/287 701/394/287
f 306/282/288 1461/279/288 305/279/288
f 915/183/289 2070/185/6 914/185/289
f 261/158/290 1416/162/290 260/162/290
f 749/393/208 1929/22/208 773/22/208
f 1056/697/208 2211/76/208 1055/76/208
f 314/297/291 1469/300/291 313/300/291
f 253/170/292 1408/169/292 252/169/292
f 450/302/293 1605/304/293 449/304/293
f 931/197/15 2086/196/15 930/196/15
f 1055/76/60 2312/22/60 1156/22/60
f 341/182/294 1496/181/294 340/181/294
f 726/399/295 1881/396/295 725/396/295
f 1080/701/296 2235/704/296 1079/704/296
f 333/185/297 1488/188/297 332/188/297
f 394/309/298 1549/306/298 393/306/298
f 694/405/299 1849/408/299 693/408/299
f 1136/706/300 2291/703/300 1135/703/300
f 410/310/301 1565/314/301 409/314/301
f 349/196/302 1504/194/302 348/194/302
f 434/316/303 1589/320/303 433/320/303
f 678/410/304 1833/409/304 677/409/304
f 1064/718/305 2219/717/305 1063/717/305
f 357/204/306 1512/203/306 356/203/306
f 365/214/307 1520/213/307 364/213/307
f 1072/720/308 2227/725/308 1071/725/308
f 373/224/309 1528/223/309 372/223/309
f 418/326/310 1573/322/310 417/322/310
f 686/425/311 1841/424/311 685/424/311
f 939/205/31 2094/204/31 938/204/31
f 402/340/312 1557/343/312 401/343/312
f 1152/733/313 2307/735/313 1151/735/313
f 325/222/60 1480/225/60 324/225/60
f 426/342/314 1581/346/314 425/346/314
f 514/354/153 1669/352/153 513/352/153
f 734/435/315 1889/432/315 733/432/315
f 947/215/39 2102/214/39 946/214/39
f 506/357/160 1661/359/160 505/359/160
f 742/436/316 1897/437/316 741/437/316
f 870/550/317 2025/546/317 869/546/317
f 907/218/45 2062/222/45 906/222/45
f 1144/742/318 2299/738/318 1143/738/318
f 562/367/167 1717/365/167 561/365/167
f 846/552/319 2001/548/319 845/548/319
f 113/4/320 1268/1/320 112/1/320
f 554/376/169 1709/378/169 553/378/169
f 862/560/321 2017/564/321 861/564/321
f 955/226/53 2110/224/53 954/224/53
f 105/13/322 1260/15/322 104/15/322
f 381/236/323 1536/232/323 380/232/323
f 1018/234/15 2210/22/15 1054/22/15
f 469/239/324 1624/241/324 468/241/324
f 570/389/176 1725/385/176 569/385/176
f 121/20/325 1276/18/325 120/18/325
f 838/568/326 1993/574/326 837/574/326
f 97/28/50 1252/30/120 96/30/120
f 522/392/327 1677/386/327 521/386/327
f 963/238/64 2118/236/64 962/236/64
f 461/252/328 1616/254/328 460/254/328
f 878/579/329 2033/576/329 877/576/329
f 1051/237/68 2206/239/68 1050/239/68
f 498/397/187 1653/398/187 497/398/187
f 854/583/330 2009/581/330 853/581/330
f 1043/250/70 2198/252/70 1042/252/70
f 57/41/57 1212/39/134 56/39/134
f 389/256/331 1544/253/331 388/253/331
f 89/44/332 1244/46/332 88/46/332
f 782/591/333 1937/590/333 781/590/333
f 490/415/195 1645/417/195 489/417/195
f 1019/259/334 2174/234/334 1018/234/334
f 65/56/335 1220/54/335 64/54/335
f 301/264/336 1456/76/336 300/76/336
f 790/601/337 1945/598/337 789/598/337
f 971/260/82 2126/256/82 970/256/82
f 81/61/338 1236/63/338 80/63/338
f 300/76/60 1592/265/60 436/265/60
f 482/420/201 1637/418/201 481/418/201
f 453/280/339 1608/286/339 452/286/339
f 814/603/340 1969/606/340 813/606/340
f 883/268/87 2038/264/87 882/264/87
f 445/288/341 1600/283/341 444/283/341
f 530/427/204 1685/419/204 529/419/204
f 1035/273/92 2190/280/92 1034/280/92
f 73/72/342 1228/70/342 72/70/342
f 546/428/209 1701/430/209 545/430/209
f 822/619/343 1977/616/343 821/616/343
f 538/440/211 1693/441/211 537/441/211
f 899/284/344 2054/287/344 898/287/344
f 317/287/345 1472/290/345 316/290/345
f 9/90/346 1164/88/346 8/88/346
f 309/292/347 1464/289/347 308/289/347
f 586/448/348 1741/450/348 585/450/348
f 41/91/349 1196/93/350 40/93/349
f 806/626/351 1961/628/351 805/628/351
f 1027/294/105 2182/288/105 1026/288/105
f 578/459/352 1733/76/352 577/76/352
f 798/629/353 1953/625/353 797/625/353
f 891/296/354 2046/292/354 890/292/354
f 594/460/355 1749/457/355 593/457/355
f 830/641/54 1985/643/54 829/643/54
f 17/106/356 1172/104/356 16/104/356
f 995/311/357 2150/308/357 994/308/357
f 33/107/358 1188/109/358 32/109/358
f 918/177/359 2073/178/359 917/178/359
f 413/308/360 1568/305/360 412/305/360
f 666/463/361 1821/462/361 665/462/361
f 926/189/362 2081/187/362 925/187/362
f 25/122/363 1180/120/363 24/120/363
f 934/200/364 2089/199/364 933/199/364
f 987/325/122 2142/328/122 986/328/122
f 942/208/365 2097/207/365 941/207/365
f 979/331/127 2134/324/127 978/324/127
f 233/2/366 1388/3/366 232/3/366
f 397/324/367 1552/319/367 396/319/367
f 1011/330/131 2166/334/131 1010/334/131
f 405/328/368 1560/332/368 404/332/368
f 774/76/208 2036/22/208 880/22/208
f 910/195/369 2065/210/369 909/210/369
f 241/16/370 1396/14/370 240/14/370
f 863/554/371 2018/560/371 862/560/371
f 950/219/372 2105/217/372 949/217/372
f 1003/341/142 2158/337/142 1002/337/142
f 225/17/373 1380/19/373 224/19/373
f 429/334/374 1584/336/374 428/336/374
f 958/229/255 2113/228/375 957/228/375
f 1115/651/376 2270/652/376 1114/652/376
f 217/32/121 1372/34/377 216/34/377
f 421/337/378 1576/333/378 420/333/378
f 674/22/379 1829/470/379 673/470/379
f 839/563/380 1994/568/380 838/568/380
f 1054/22/381 2209/233/381 1053/233/381
f 1123/654/382 2278/650/382 1122/650/382
f 577/76/60 1830/22/60 674/22/60
f 509/351/264 1664/353/264 508/353/264
f 658/478/383 1813/479/384 657/479/383
f 1099/664/385 2254/663/385 1098/663/385
f 177/37/135 1332/35/386 176/35/386
f 879/559/387 2034/579/387 878/579/387
f 966/245/388 2121/243/388 965/243/388
f 517/360/270 1672/358/270 516/358/270
f 1046/246/389 2201/247/389 1045/247/389
f 1107/672/390 2262/671/390 1106/671/390
f 557/368/273 1712/371/274 556/371/273
f 783/592/391 1938/591/391 782/591/391
f 1038/258/392 2193/262/392 1037/262/392
f 209/48/138 1364/51/393 208/51/393
f 565/375/277 1720/373/277 564/373/277
f 650/491/394 1805/492/394 649/492/394
f 855/599/395 2010/583/395 854/583/395
f 1022/269/396 2177/263/396 1021/263/396
f 1091/680/397 2246/681/397 1090/681/397
f 185/52/398 1340/50/399 184/50/399
f 549/390/282 1704/393/282 548/393/282
f 602/493/400 1757/490/400 601/490/400
f 1131/690/401 2286/687/401 1130/687/401
f 501/387/287 1656/394/287 500/394/287
f 626/504/60 1781/505/60 625/505/60
f 815/600/402 1970/603/402 814/603/402
f 902/274/403 2057/277/403 901/277/403
f 201/65/404 1356/67/404 200/67/404
f 791/604/405 1946/601/405 790/601/405
f 1083/693/406 2238/694/406 1082/694/406
f 193/68/407 1348/66/407 192/66/407
f 548/393/208 1728/22/208 572/22/208
f 886/279/408 2041/276/408 885/276/408
f 169/79/409 1324/81/409 168/81/409
f 823/622/410 1978/619/410 822/619/410
f 807/623/411 1962/626/411 806/626/411
f 1059/702/15 2214/698/15 1058/698/15
f 525/399/295 1680/396/295 524/396/295
f 642/510/412 1797/513/412 641/513/412
f 129/86/413 1284/84/413 128/84/413
f 1075/710/414 2230/712/414 1074/712/414
f 161/95/415 1316/97/415 160/97/415
f 493/405/299 1648/408/299 492/408/299
f 799/633/416 1954/629/416 798/629/416
f 894/300/417 2049/301/417 893/301/417
f 1139/721/418 2294/711/418 1138/711/418
f 634/518/419 1789/516/419 633/516/419
f 831/638/60 1986/641/60 830/641/60
f 477/410/304 1632/409/304 476/409/304
f 919/176/225 2074/177/225 918/177/225
f 1067/723/420 2222/722/420 1066/722/420
f 137/102/421 1292/100/421 136/100/421
f 927/191/422 2082/189/422 926/189/422
f 1030/304/423 2185/303/423 1029/303/423
f 1155/729/424 2310/730/424 1154/730/424
f 153/111/425 1308/113/425 152/113/425
f 1147/740/426 2302/741/426 1146/741/426
f 485/425/311 1640/424/311 484/424/311
f 911/193/232 2066/195/232 910/195/232
f 974/306/427 2129/291/427 973/291/427
f 990/314/428 2145/317/428 989/317/428
f 108/7/429 1263/9/429 107/9/429
f 145/118/430 1300/116/430 144/116/430
f 935/201/431 2090/200/431 934/200/431
f 116/10/432 1271/8/432 115/8/432
f 281/130/433 1436/131/433 280/131/433
f 533/435/315 1688/432/315 532/432/315
f 610/526/434 1765/524/434 609/524/434
f 998/322/435 2153/318/435 997/318/435
f 100/23/436 1255/25/436 99/25/436
f 289/132/437 1444/129/437 288/129/437
f 541/436/316 1696/437/316 540/437/316
f 618/533/438 1773/535/438 617/535/438
f 943/209/243 2098/208/243 942/208/243
f 1014/320/439 2169/323/439 1013/323/439
f 714/352/440 1869/348/440 713/348/440
f 982/343/441 2137/345/441 981/345/441
f 589/445/442 1744/446/443 588/446/442
f 951/220/248 2106/219/248 950/219/248
f 1006/346/444 2161/347/444 1005/347/444
f 52/31/126 1207/29/210 51/29/210
f 265/149/445 1420/148/445 264/148/445
f 706/359/446 1861/361/446 705/361/446
f 92/38/130 1247/40/213 91/40/213
f 273/145/447 1428/156/447 272/156/447
f 581/455/448 1736/456/448 580/456/448
f 959/230/254 2114/229/255 958/229/255
f 1118/647/449 2273/648/449 1117/648/449
f 297/165/450 1452/160/450 296/160/450
f 762/365/451 1917/363/451 761/363/451
f 669/466/452 1824/465/452 668/465/452
f 1110/658/453 2265/659/453 1109/659/453
f 60/47/454 1215/45/454 59/45/454
f 257/164/455 1412/166/456 256/166/455
f 661/474/457 1816/475/457 660/475/457
f 1047/244/458 2202/246/263 1046/246/458
f 84/55/459 1239/57/459 83/57/459
f 249/173/460 1404/174/460 248/174/460
f 967/248/268 2122/245/268 966/245/268
f 1102/667/461 2257/666/461 1101/666/461
f 337/177/359 1492/178/359 336/178/359
f 1039/257/269 2194/258/269 1038/258/269
f 1126/673/462 2281/660/462 1125/660/462
f 68/62/463 1223/60/463 67/60/463
f 597/480/464 1752/477/464 596/477/464
f 754/378/465 1909/382/465 753/382/465
f 76/71/466 1231/73/466 75/73/466
f 345/189/362 1500/187/362 344/187/362
f 653/486/467 1808/487/467 652/487/467
f 903/270/276 2058/274/276 902/274/276
f 1094/676/468 2249/677/468 1093/677/468
f 353/200/364 1508/199/364 352/199/364
f 770/385/469 1925/383/469 769/383/469
f 1023/275/281 2178/269/281 1022/269/281
f 361/208/365 1516/207/365 360/207/365
f 722/386/470 1877/380/470 721/380/470
f 1086/688/471 2241/689/471 1085/689/471
f 4/80/472 1159/78/472 3/78/472
f 605/499/473 1760/497/473 604/497/473
f 44/85/474 1199/87/474 43/87/474
f 329/195/369 1484/210/369 328/210/369
f 645/500/475 1800/502/475 644/502/475
f 698/398/476 1853/400/476 697/400/476
f 887/282/288 2042/279/288 886/279/288
f 1134/700/477 2289/695/477 1133/695/477
f 629/509/478 1784/507/478 628/507/478
f 369/219/479 1524/217/479 368/217/479
f 637/522/480 1792/521/480 636/521/480
f 682/418/481 1837/416/481 681/416/481
f 895/297/482 2050/300/482 894/300/482
f 1078/705/483 2233/707/483 1077/707/483
f 12/96/484 1167/94/484 11/94/484
f 621/529/485 1776/531/485 620/531/485
f 730/419/486 1885/411/486 729/411/486
f 1031/302/293 2186/304/293 1030/304/293
f 36/101/487 1191/103/487 35/103/487
f 377/229/255 1532/228/375 376/228/375
f 473/22/381 1628/233/381 472/233/381
f 690/417/488 1845/421/488 689/421/488
f 1062/715/489 2217/714/489 1061/714/489
f 746/430/490 1901/431/490 745/431/490
f 975/309/491 2130/306/491 974/306/491
f 20/112/492 1175/110/492 19/110/492
f 738/441/493 1893/443/493 737/443/493
f 991/310/494 2146/314/494 990/314/494
f 1070/727/495 2225/726/495 1069/726/495
f 28/117/496 1183/119/496 27/119/496
f 385/245/388 1540/243/388 384/243/388
f 613/538/497 1768/534/497 612/534/497
f 1015/316/303 2170/320/303 1014/320/303
f 236/6/27 1391/4/27 235/4/27
f 465/246/389 1620/247/389 464/247/389
f 866/542/498 2021/547/498 865/547/498
f 457/258/392 1612/262/392 456/262/392
f 709/353/499 1864/355/499 708/355/499
f 228/11/30 1383/13/30 227/13/30
f 441/269/500 1596/263/500 440/263/500
f 842/545/158 1997/549/158 841/549/158
f 999/326/501 2154/322/501 998/322/501
f 1142/734/502 2297/731/502 1141/731/502
f 717/358/503 1872/356/503 716/356/503
f 983/340/312 2138/343/312 982/343/312
f 1150/736/504 2305/737/504 1149/737/504
f 244/22/35 1399/20/35 243/20/35
f 765/373/505 1920/369/505 764/369/505
f 1007/342/314 2162/346/314 1006/346/314
f 171/24/38 1400/22/38 244/22/38
f 321/274/506 1476/277/506 320/277/506
f 757/371/507 1912/374/507 756/374/507
f 874/565/508 2029/562/508 873/562/508
f 111/2/366 1266/3/366 110/3/366
f 773/22/509 1928/391/509 772/391/509
f 850/570/510 2005/566/510 849/566/510
f 1119/646/511 2274/647/511 1118/647/511
f 305/279/408 1460/276/408 304/276/408
f 119/16/370 1274/14/370 118/14/370
f 172/26/43 1327/24/44 171/24/44
f 701/394/512 1856/395/512 700/395/512
f 858/575/513 2013/578/513 857/578/513
f 1111/656/514 2266/658/514 1110/658/514
f 220/27/49 1375/28/50 219/28/50
f 725/396/515 1880/156/515 724/156/515
f 103/17/516 1258/19/516 102/19/516
f 1103/668/517 2258/667/517 1102/667/517
f 677/409/518 1832/406/518 676/406/518
f 778/587/519 1933/586/519 777/586/519
f 95/32/121 1250/34/377 94/34/377
f 180/43/56 1335/41/57 179/41/57
f 313/300/417 1468/301/417 312/301/417
f 1095/674/520 2250/676/520 1094/676/520
f 212/42/61 1367/44/61 211/44/61
f 693/408/521 1848/412/521 692/412/521
f 786/595/522 1941/594/522 785/594/522
f 1127/679/523 2282/673/523 1126/673/523
f 55/37/135 1210/35/386 54/35/386
f 449/304/423 1604/303/423 448/303/423
f 685/424/524 1840/422/524 684/422/524
f 818/605/525 1973/602/525 817/602/525
f 1087/686/526 2242/688/526 1086/688/526
f 188/58/67 1343/56/67 187/56/67
f 1135/703/527 2290/700/527 1134/700/527
f 204/59/69 1359/61/69 203/61/69
f 393/306/528 1548/291/528 392/291/528
f 87/48/138 1242/51/393 86/51/393
f 409/314/428 1564/317/428 408/317/428
f 1079/704/529 2234/705/529 1078/705/529
f 63/52/398 1218/50/399 62/50/399
f 733/432/530 1888/429/530 732/429/530
f 794/614/531 1949/610/531 793/610/531
f 196/74/74 1351/72/74 195/72/74
f 741/437/532 1896/439/532 740/439/532
f 810/615/533 1965/617/533 809/617/533
f 124/75/77 1279/76/77 123/76/77
f 417/322/435 1572/318/435 416/318/435
f 869/546/534 2024/540/534 868/540/534
f 834/613/535 1989/624/535 833/624/535
f 1063/717/536 2218/715/536 1062/715/536
f 79/65/404 1234/67/404 78/67/404
f 123/76/81 1326/77/81 170/77/81
f 433/320/439 1588/323/439 432/323/439
f 845/548/537 2000/543/537 844/543/537
f 71/68/407 1226/66/407 70/66/407
f 401/343/441 1556/345/441 400/345/441
f 1071/725/538 2226/727/538 1070/727/538
f 47/79/409 1202/81/409 46/81/409
f 425/346/444 1580/347/444 424/347/444
f 861/564/539 2016/567/539 860/567/539
f 826/636/540 1981/630/540 825/630/540
f 164/89/91 1319/91/91 163/91/91
f 513/352/440 1668/348/440 512/348/440
f 132/92/541 1287/90/542 131/90/541
f 877/576/543 2032/572/543 876/572/543
f 802/642/15 1957/639/15 801/639/15
f 7/86/413 1162/84/413 6/84/413
f 505/359/446 1660/361/446 504/361/446
f 922/182/294 2077/181/544 921/181/294
f 1151/735/545 2306/736/545 1150/736/545
f 39/95/415 1194/97/415 38/97/415
f 837/574/546 1992/580/546 836/580/546
f 156/105/547 1311/107/547 155/107/547
f 561/365/451 1716/363/451 560/363/451
f 853/581/548 2008/577/548 852/577/548
f 914/185/297 2069/188/297 913/188/297
f 1143/738/549 2298/734/549 1142/734/549
f 140/108/104 1295/106/104 139/106/104
f 112/1/110 1267/2/110 111/2/110
f 15/102/421 1170/100/421 14/100/421
f 148/121/108 1303/122/108 147/122/108
f 930/196/302 2085/194/302 929/194/302
f 31/111/425 1186/113/425 30/113/425
f 938/204/306 2093/203/306 937/203/306
f 104/15/115 1259/17/115 103/17/115
f 284/125/550 1439/126/550 283/126/550
f 781/590/551 1936/589/551 780/589/551
f 946/214/307 2101/213/307 945/213/307
f 120/18/552 1275/16/552 119/16/552
f 954/224/309 2109/223/309 953/223/309
f 23/118/430 1178/116/430 22/116/430
f 292/141/553 1447/139/553 291/139/553
f 553/378/465 1708/382/465 552/382/465
f 96/30/120 1251/32/121 95/32/121
f 789/598/554 1944/597/554 788/597/554
f 906/222/60 2061/225/60 905/225/60
f 231/5/107 1386/7/107 230/7/107
f 276/140/555 1431/142/555 275/142/555
f 569/385/556 1724/383/556 568/383/556
f 521/386/557 1676/380/557 520/380/557
f 813/606/558 1968/609/558 812/609/558
f 56/39/134 1211/37/135 55/37/135
f 239/12/111 1394/10/111 238/10/111
f 268/152/559 1423/151/559 267/151/559
f 88/46/137 1243/48/138 87/48/138
f 497/398/560 1652/400/560 496/400/560
f 223/21/118 1378/23/118 222/23/118
f 821/616/561 1976/611/561 820/611/561
f 260/162/562 1415/161/562 259/161/562
f 481/418/481 1636/416/481 480/416/481
f 64/54/145 1219/52/145 63/52/145
f 529/419/486 1684/411/486 528/411/486
f 80/63/147 1235/65/147 79/65/147
f 175/33/125 1330/31/126 174/31/126
f 252/169/563 1407/168/563 251/168/563
f 797/625/564 1952/621/564 796/621/564
f 962/236/323 2117/232/323 961/232/323
f 215/36/129 1370/38/130 214/38/130
f 340/181/565 1495/179/565 339/179/565
f 489/417/488 1644/421/488 488/421/488
f 805/628/566 1960/631/567 804/631/566
f 1050/239/568 2205/241/568 1049/241/568
f 545/430/490 1700/431/490 544/431/490
f 72/70/155 1227/68/155 71/68/155
f 332/188/569 1487/190/569 331/190/569
f 537/441/493 1692/443/493 536/443/493
f 48/77/570 1203/79/158 47/79/570
f 183/49/571 1338/47/572 182/47/572
f 829/643/15 1984/640/15 828/640/15
f 1042/252/573 2197/254/573 1041/254/573
f 207/53/143 1362/55/143 206/55/143
f 585/450/574 1740/451/574 584/451/574
f 348/194/575 1503/192/575 347/192/575
f 593/457/576 1748/453/576 592/453/576
f 917/178/577 2072/180/577 916/180/577
f 970/256/331 2125/253/331 969/253/331
f 8/88/168 1163/86/168 7/86/168
f 356/203/578 1511/202/578 355/202/578
f 665/462/579 1820/461/579 664/461/579
f 40/93/171 1195/95/171 39/95/171
f 191/64/580 1346/62/580 190/62/580
f 364/213/581 1519/211/581 363/211/581
f 673/470/582 1828/469/582 672/469/582
f 199/69/152 1354/71/152 198/71/152
f 372/223/583 1527/221/583 371/221/583
f 657/479/584 1812/481/584 656/481/584
f 925/187/585 2080/186/585 924/186/585
f 933/199/586 2088/198/586 932/198/586
f 882/264/336 2037/76/336 881/76/336
f 16/104/179 1171/102/179 15/102/179
f 380/232/587 1535/231/587 379/231/587
f 941/207/588 2096/206/588 940/206/588
f 881/76/60 2173/265/60 1017/265/60
f 32/109/181 1187/111/181 31/111/181
f 127/82/162 1282/80/162 126/80/162
f 468/241/589 1623/242/589 467/242/589
f 601/490/590 1756/488/590 600/488/590
f 1034/280/339 2189/286/339 1033/286/339
f 167/83/165 1322/85/165 166/85/165
f 649/492/591 1804/494/591 648/494/591
f 909/210/592 2064/212/592 908/212/592
f 1026/288/341 2181/283/341 1025/283/341
f 24/120/190 1179/118/190 23/118/190
f 388/253/593 1543/251/593 387/251/593
f 633/516/594 1788/514/594 632/514/594
f 460/254/595 1615/255/595 459/255/595
f 898/287/596 2053/290/596 897/290/596
f 232/3/597 1387/5/597 231/5/597
f 135/99/174 1290/96/174 134/96/174
f 641/513/598 1796/517/598 640/517/598
f 890/292/347 2045/289/347 889/289/347
f 159/98/599 1314/101/599 158/101/599
f 324/225/600 1479/266/600 323/266/600
f 949/217/601 2104/216/601 948/216/601
f 240/14/602 1395/12/602 239/12/602
f 444/283/603 1599/278/603 443/278/603
f 957/228/375 2112/227/604 956/227/604
f 224/19/605 1379/21/605 223/21/605
f 143/114/185 1298/112/185 142/112/185
f 609/524/606 1764/515/606 608/515/606
f 151/115/189 1306/117/189 150/117/189
f 308/289/607 1463/285/607 307/285/607
f 625/505/608 1780/525/608 624/525/608
f 1053/233/609 2208/235/609 1052/235/609
f 287/127/610 1442/123/610 286/123/610
f 452/286/611 1607/293/611 451/293/611
f 617/535/612 1772/536/612 616/536/612
f 713/348/613 1868/349/613 712/349/613
f 994/308/360 2149/305/360 993/305/360
f 176/35/386 1331/33/125 175/33/125
f 316/290/614 1471/295/614 315/295/614
f 761/363/615 1916/364/615 760/364/615
f 216/34/377 1371/36/129 215/36/129
f 412/305/616 1567/307/616 411/307/616
f 965/243/617 2120/240/617 964/240/617
f 279/133/618 1434/137/619 278/137/618
f 436/265/620 1591/312/620 435/312/620
f 705/361/621 1860/370/621 704/370/621
f 1045/247/622 2200/249/622 1044/249/622
f 978/324/367 2133/319/367 977/319/367
f 184/50/399 1339/49/571 183/49/571
f 1021/263/623 2176/261/623 1020/261/623
f 986/328/368 2141/332/368 985/332/368
f 208/51/393 1363/53/624 207/53/624
f 271/155/625 1426/154/625 270/154/625
f 1037/262/626 2192/267/626 1036/267/626
f 295/157/627 1450/146/627 294/146/627
f 396/319/628 1551/313/628 395/313/628
f 192/66/629 1347/64/629 191/64/629
f 263/147/630 1418/159/630 262/159/630
f 1010/334/374 2165/336/374 1009/336/374
f 200/67/631 1355/69/631 199/69/631
f 885/276/632 2040/271/633 884/271/632
f 1002/337/378 2157/333/378 1001/333/378
f 420/333/634 1575/329/634 419/329/634
f 1122/650/635 2277/644/635 1121/644/635
f 404/332/636 1559/335/636 403/335/636
f 168/81/637 1323/83/637 167/83/637
f 255/167/638 1410/171/638 254/171/638
f 428/336/639 1583/339/639 427/339/639
f 721/380/640 1876/372/640 720/372/640
f 901/277/641 2056/281/641 900/281/641
f 1114/652/642 2269/653/642 1113/653/642
f 128/84/643 1283/82/643 127/82/643
f 769/383/644 1924/379/645 768/379/644
f 160/97/646 1315/98/646 159/98/646
f 508/353/499 1663/355/499 507/355/499
f 753/382/647 1908/384/647 752/384/647
f 973/291/648 2128/272/648 972/272/648
f 136/100/649 1291/99/649 135/99/649
f 247/175/54 1402/134/54 246/134/54
f 516/358/503 1671/356/503 515/356/503
f 697/400/650 1852/401/650 696/401/650
f 1098/663/651 2253/662/651 1097/662/651
f 564/373/505 1719/369/505 563/369/505
f 893/301/652 2048/298/652 892/298/652
f 335/180/653 1490/183/653 334/183/653
f 556/371/507 1711/374/507 555/374/507
f 729/411/654 1884/404/654 728/404/654
f 1029/303/655 2184/299/655 1028/299/655
f 1106/671/656 2261/670/656 1105/670/656
f 152/113/657 1307/115/657 151/115/657
f 572/22/509 1727/391/509 571/391/509
f 144/116/658 1299/114/658 143/114/658
f 343/186/659 1498/184/659 342/184/659
f 681/416/660 1836/414/660 680/414/660
f 1090/681/661 2245/683/661 1089/683/661
f 288/129/662 1443/127/662 287/127/662
f 351/198/663 1506/197/663 350/197/663
f 500/394/512 1655/395/512 499/395/512
f 997/318/664 2152/315/664 996/315/664
f 1130/687/665 2285/685/665 1129/685/665
f 359/206/666 1514/205/666 358/205/666
f 524/396/515 1679/156/515 523/156/515
f 689/421/667 1844/423/667 688/423/667
f 989/317/668 2144/321/668 988/321/668
f 1058/698/54 2213/696/54 1057/696/54
f 280/131/669 1435/133/669 279/133/669
f 367/216/670 1522/215/670 366/215/670
f 745/431/671 1900/433/671 744/433/671
f 1013/323/672 2168/327/672 1012/327/672
f 476/409/518 1631/406/518 475/406/518
f 1082/694/673 2237/699/673 1081/699/673
f 327/212/276 1482/218/276 326/218/276
f 737/443/674 1892/442/674 736/442/674
f 492/408/521 1647/412/521 491/412/521
f 1138/711/675 2293/708/675 1137/708/675
f 264/148/676 1419/147/676 263/147/676
f 865/547/677 2020/551/677 864/551/677
f 484/424/524 1639/422/524 483/422/524
f 981/345/678 2136/338/678 980/338/678
f 1074/712/679 2229/716/679 1073/716/679
f 272/156/680 1427/155/680 271/155/680
f 375/227/15 1530/226/15 374/226/15
f 296/160/681 1451/157/681 295/157/681
f 471/235/682 1626/237/682 470/237/682
f 841/549/683 1996/555/683 840/555/683
f 1005/347/684 2160/344/684 1004/344/684
f 1066/722/685 2221/719/685 1065/719/685
f 1154/730/686 2309/732/686 1153/732/686
f 256/166/687 1411/167/687 255/167/687
f 532/432/530 1687/429/530 531/429/530
f 1117/648/688 2272/649/688 1116/649/688
f 1146/741/689 2301/743/689 1145/743/689
f 248/174/60 1403/175/60 247/175/60
f 383/240/690 1538/238/690 382/238/690
f 540/437/532 1695/439/532 539/439/532
f 873/562/691 2028/557/691 872/557/691
f 115/8/191 1270/6/191 114/6/191
f 463/249/692 1618/250/692 462/250/692
f 849/566/693 2004/561/693 848/561/693
f 1125/660/694 2280/657/694 1124/657/694
f 336/178/577 1491/180/577 335/180/577
f 588/446/695 1743/447/695 587/447/695
f 107/9/196 1262/11/196 106/11/196
f 439/261/696 1594/259/697 438/259/696
f 857/578/698 2012/582/698 856/582/698
f 1109/659/699 2264/661/699 1108/661/699
f 580/456/700 1735/458/700 579/458/700
f 344/187/585 1499/186/585 343/186/585
f 668/465/701 1823/464/701 667/464/701
f 1101/666/702 2256/665/702 1100/665/702
f 352/199/586 1507/198/586 351/198/586
f 99/25/203 1254/27/49 98/27/49
f 360/207/588 1515/206/588 359/206/588
f 303/271/703 1458/268/703 302/268/703
f 1093/677/704 2248/678/704 1092/678/704
f 391/272/705 1546/260/705 390/260/705
f 51/29/210 1206/26/43 50/26/43
f 328/210/592 1483/212/592 327/212/592
f 455/267/706 1610/273/706 454/273/706
f 785/594/707 1940/593/707 784/593/707
f 91/40/213 1246/42/214 90/42/214
f 660/475/708 1815/476/708 659/476/708
f 817/602/709 1972/584/709 816/584/709
f 1085/689/710 2240/691/710 1084/691/710
f 319/281/711 1474/284/711 318/284/711
f 596/477/712 1751/471/712 595/471/712
f 652/487/713 1807/489/713 651/489/713
f 793/610/714 1948/607/714 792/607/714
f 1133/695/715 2288/692/715 1132/692/715
f 59/45/716 1214/43/716 58/43/716
f 311/298/14 1466/296/14 310/296/14
f 809/617/717 1964/620/717 808/620/717
f 368/217/718 1523/216/718 367/216/718
f 447/299/719 1602/294/719 446/294/719
f 1077/707/720 2232/709/720 1076/709/720
f 604/497/721 1759/495/721 603/495/721
f 825/630/722 1980/627/722 824/627/722
f 83/57/228 1238/59/228 82/59/228
f 376/228/375 1531/227/604 375/227/604
f 644/502/723 1799/506/723 643/506/723
f 833/624/724 1988/632/724 832/632/724
f 1061/714/725 2216/713/85 1060/713/85
f 67/60/231 1222/58/231 66/58/231
f 415/315/726 1570/311/726 414/311/726
f 628/507/727 1783/503/727 627/503/727
f 777/586/60 1932/634/60 776/634/60
f 75/73/234 1230/74/234 74/74/234
f 472/233/609 1627/235/609 471/235/609
f 407/321/24 1562/325/24 406/325/24
f 636/521/728 1791/519/728 635/519/728
f 1069/726/729 2224/724/729 1068/724/729
f 431/327/26 1586/330/26 430/330/26
f 801/639/730 1956/637/730 800/637/730
f 3/78/239 1158/75/239 2/75/239
f 921/181/565 2076/179/565 920/179/565
f 43/87/241 1198/89/241 42/89/241
f 384/243/617 1539/240/617 383/240/617
f 620/531/731 1775/532/731 619/532/731
f 913/188/569 2068/190/569 912/190/569
f 1141/731/732 2296/728/732 1140/728/732
f 464/247/622 1619/249/622 463/249/622
f 399/338/34 1554/331/34 398/331/34
f 1149/737/733 2304/739/733 1148/739/733
f 11/94/247 1166/92/247 10/92/247
f 440/263/623 1595/261/623 439/261/623
f 612/534/734 1767/530/734 611/530/734
f 35/103/735 1190/105/735 34/105/735
f 456/262/626 1611/267/626 455/267/626
f 716/356/22 1871/354/22 715/354/22
f 929/194/575 2084/192/575 928/192/575
f 110/3/736 1265/5/736 109/5/736
f 423/344/41 1578/341/41 422/341/41
f 937/203/578 2092/202/578 936/202/578
f 708/355/28 1863/357/28 707/357/28
f 945/213/581 2100/211/737 944/211/581
f 118/14/602 1273/12/602 117/12/602
f 19/110/260 1174/108/260 18/108/260
f 511/349/8 1666/350/8 510/350/8
f 953/223/738 2108/221/738 952/221/738
f 27/119/262 1182/121/262 26/121/262
f 304/276/739 1459/271/739 303/271/739
f 764/369/32 1919/367/32 763/367/32
f 102/19/605 1257/21/605 101/21/605
f 235/4/320 1390/1/320 234/1/320
f 756/374/33 1911/376/33 755/376/33
f 961/232/740 2116/231/740 960/231/740
f 772/391/36 1927/389/36 771/389/36
f 1049/241/589 2204/242/589 1048/242/589
f 227/13/322 1382/15/322 226/15/322
f 320/277/641 1475/281/641 319/281/641
f 559/364/18 1714/366/741 558/366/18
f 54/35/386 1209/33/125 53/33/125
f 243/20/325 1398/18/325 242/18/325
f 969/253/742 2124/251/742 968/251/742
f 94/34/377 1249/36/129 93/36/129
f 219/28/50 1374/30/120 218/30/120
f 392/291/743 1547/272/743 391/272/743
f 519/372/23 1674/362/23 518/362/23
f 724/156/46 1879/392/46 723/392/46
f 1041/254/744 2196/255/744 1040/255/744
f 567/379/25 1722/377/25 566/377/25
f 62/50/399 1217/49/140 61/49/140
f 312/301/652 1467/298/652 311/298/652
f 905/225/745 2060/266/745 904/266/745
f 86/51/393 1241/53/624 85/53/624
f 179/41/57 1334/39/134 178/39/134
f 448/303/655 1603/299/655 447/299/655
f 503/370/29 1658/381/29 502/381/29
f 700/395/54 1855/397/54 699/397/54
f 211/44/332 1366/46/332 210/46/332
f 676/406/58 1831/76/58 675/76/58
f 1025/283/603 2180/278/603 1024/278/603
f 675/76/60 1904/407/60 748/407/60
f 70/66/746 1225/64/746 69/64/746
f 416/318/747 1571/315/747 415/315/747
f 551/384/748 1706/388/748 550/388/748
f 889/289/607 2044/285/607 888/285/607
f 78/67/631 1233/69/631 77/69/631
f 187/56/335 1342/54/335 186/54/335
f 408/317/668 1563/321/668 407/321/668
f 692/412/65 1847/415/65 691/415/65
f 1033/286/611 2188/293/611 1032/293/611
f 203/61/338 1358/63/338 202/63/338
f 432/323/672 1587/327/672 431/327/672
f 495/401/40 1650/403/40 494/403/40
f 527/404/42 1682/402/42 526/402/42
f 684/422/71 1839/420/71 683/420/71
f 897/290/749 2052/295/749 896/295/749
f 46/81/637 1201/83/637 45/83/637
f 993/305/750 2148/307/750 992/307/750
f 6/84/643 1161/82/643 5/82/643
f 195/72/751 1350/70/342 194/70/751
f 1017/265/620 2172/312/620 1016/312/620
f 38/97/646 1193/98/646 37/98/646
f 479/414/52 1634/413/52 478/413/52
f 748/407/75 1903/428/75 747/428/75
f 400/345/678 1555/338/678 399/338/678
f 732/429/79 1887/427/79 731/427/79
f 14/100/649 1169/99/649 13/99/649
f 131/90/752 1286/88/752 130/88/752
f 487/423/59 1642/426/59 486/426/59
f 740/439/83 1895/440/83 739/440/83
f 163/91/349 1318/93/350 162/93/349
f 424/347/684 1579/344/684 423/344/684
f 868/540/753 2023/541/754 867/541/753
f 977/319/628 2132/313/628 976/313/628
f 512/348/613 1667/349/613 511/349/613
f 543/433/62 1698/434/62 542/434/62
f 844/543/755 1999/544/755 843/544/755
f 30/113/657 1185/115/657 29/115/657
f 560/363/615 1715/364/615 559/364/615
f 22/116/658 1177/114/658 21/114/658
f 139/106/356 1294/104/356 138/104/356
f 860/567/756 2015/571/756 859/571/756
f 1001/333/757 2156/329/757 1000/329/757
f 155/107/358 1310/109/358 154/109/358
f 504/361/621 1659/370/621 503/370/621
f 876/572/758 2031/569/758 875/569/758
f 985/332/636 2140/335/636 984/335/636
f 230/7/759 1385/9/759 229/9/759
f 1009/336/760 2164/339/760 1008/339/760
f 238/10/432 1393/8/432 237/8/432
f 535/442/73 1690/438/73 534/438/73
f 852/577/761 2007/573/761 851/573/761
f 1121/644/762 2276/645/762 1120/645/762
f 147/122/363 1302/120/363 146/120/363
f 575/130/15 1730/147/15 574/147/15
f 836/580/763 1991/585/763 835/585/763
f 222/23/436 1377/25/436 221/25/436
f 591/449/764 1746/444/764 590/444/764
f 1113/653/765 2268/655/765 1112/655/765
f 283/126/766 1438/128/766 282/128/766
f 780/589/767 1935/588/768 779/588/767
f 583/452/769 1738/454/769 582/454/769
f 1105/670/770 2260/669/770 1104/669/770
f 174/31/126 1329/29/210 173/29/210
f 299/22/60 1454/135/60 298/135/60
f 671/468/771 1826/467/771 670/467/771
f 788/597/772 1943/596/772 787/596/772
f 214/38/130 1369/40/213 213/40/213
f 291/139/773 1446/136/773 290/136/773
f 663/473/774 1818/472/774 662/472/774
f 1097/662/775 2252/675/775 1096/675/775
f 520/380/640 1675/372/640 519/372/640
f 820/611/505 1975/608/505 819/608/505
f 275/142/776 1430/143/776 274/143/776
f 568/383/644 1723/379/644 567/379/644
f 812/609/777 1967/612/777 811/612/777
f 1089/683/778 2244/684/778 1088/684/778
f 182/47/454 1337/45/454 181/45/454
f 552/382/647 1707/384/647 551/384/647
f 655/482/779 1810/484/779 654/484/779
f 1129/685/780 2284/682/780 1128/682/780
f 206/55/459 1361/57/459 205/57/459
f 599/485/781 1754/483/781 598/483/781
f 267/151/782 1422/150/782 266/150/782
f 496/400/650 1651/401/650 495/401/650
f 647/496/783 1802/498/783 646/498/783
f 796/621/784 1951/618/784 795/618/784
f 1057/696/15 2212/697/15 1056/697/15
f 804/631/60 1959/635/60 803/635/60
f 190/62/785 1345/60/785 189/60/785
f 259/161/786 1414/163/786 258/163/786
f 528/411/654 1683/404/654 527/404/654
f 1081/699/787 2236/701/787 1080/701/787
f 198/71/466 1353/73/466 197/73/466
f 251/168/788 1406/172/788 250/172/788
f 339/179/161 1494/176/161 338/176/161
f 480/416/660 1635/414/660 479/414/660
f 607/508/789 1762/501/789 606/501/789
f 828/640/790 1983/156/790 827/156/790
f 1137/708/791 2292/706/791 1136/706/791
f 347/192/792 1502/191/792 346/191/792
f 631/512/793 1786/511/793 630/511/793
f 126/80/472 1281/78/472 125/78/472
f 488/421/667 1643/423/667 487/423/667
f 639/520/794 1794/523/794 638/523/794
f 916/180/653 2071/183/653 915/183/653
f 1065/719/795 2220/718/795 1064/718/795
f 166/85/474 1321/87/474 165/87/474
f 331/190/170 1486/193/170 330/193/170
f 544/431/671 1699/433/671 543/433/671
f 623/527/466 1778/528/466 622/528/466
f 615/537/796 1770/539/796 614/539/796
f 924/186/659 2079/184/659 923/184/659
f 1073/716/797 2228/720/797 1072/720/797
f 355/202/173 1510/201/173 354/201/173
f 536/443/674 1691/442/674 535/442/674
f 932/198/663 2087/197/663 931/197/663
f 134/96/798 1289/94/798 133/94/798
f 363/211/177 1518/209/177 362/209/177
f 576/22/54 1731/130/54 575/130/54
f 711/350/146 1866/351/146 710/351/146
f 940/206/666 2095/205/666 939/205/666
f 1153/732/799 2308/733/799 1152/733/799
f 158/101/800 1313/103/800 157/103/800
f 371/221/801 1526/220/801 370/220/801
f 948/216/802 2103/215/802 947/215/802
f 584/451/803 1739/452/803 583/452/803
f 719/362/150 1874/360/150 718/360/150
f 1145/743/804 2300/742/804 1144/742/804
f 379/231/184 1534/230/184 378/230/184
f 592/453/805 1747/449/805 591/449/805
f 908/212/806 2063/218/806 907/218/806
f 142/112/492 1297/110/492 141/110/492
f 467/242/188 1622/244/188 466/244/188
f 759/366/156 1914/368/156 758/368/156
f 150/117/496 1305/119/496 149/119/496
f 672/469/807 1827/468/807 671/468/807
f 767/377/159 1922/375/159 766/375/159
f 286/123/808 1441/124/808 285/124/808
f 664/461/809 1819/473/809 663/473/809
f 246/134/15 1401/76/15 245/76/15
f 656/481/810 1811/482/810 655/482/810
f 703/381/166 1858/387/166 702/387/166
f 956/227/15 2111/226/15 955/226/15
f 245/76/208 1455/22/208 299/22/208
f 387/251/197 1542/248/197 386/248/197
f 1052/235/811 2207/237/682 1051/237/811
f 459/255/199 1614/257/199 458/257/199
f 751/388/812 1906/390/812 750/390/812
f 278/137/813 1433/138/813 277/138/813
f 323/266/202 1478/270/202 322/270/202
f 600/488/814 1755/485/814 599/485/814
f 727/402/175 1882/399/175 726/399/175
f 964/240/690 2119/238/690 963/238/690
f 294/146/815 1449/144/815 293/144/815
f 443/278/205 1598/275/205 442/275/205
f 648/494/816 1803/496/816 647/496/816
f 1044/249/692 2199/250/692 1043/250/692
f 695/403/182 1850/405/182 694/405/182
f 270/154/817 1425/153/817 269/153/817
f 307/285/212 1462/282/212 306/282/212
f 1020/261/696 2175/259/697 1019/259/696
f 679/413/186 1834/410/186 678/410/186
f 315/295/218 1470/297/218 314/297/218
f 632/514/818 1787/512/818 631/512/818
f 262/159/819 1417/158/819 261/158/819
f 608/515/820 1763/508/820 607/508/820
f 687/426/192 1842/425/192 686/425/192
f 451/293/224 1606/302/224 450/302/224
f 640/517/821 1795/520/821 639/520/821
f 884/271/822 2039/268/822 883/268/822
f 254/171/823 1409/170/823 253/170/823
f 624/525/824 1779/527/824 623/527/824
f 972/272/825 2127/260/825 971/260/825
f 342/184/283 1497/182/283 341/182/283
f 616/536/826 1771/537/826 615/537/826
f 743/434/198 1898/436/198 742/436/198
f 1036/267/706 2191/273/706 1035/273/706
f 411/307/5 1567/307/5 1566/310/5
f 334/183/6 1490/183/6 1489/185/6
f 395/313/7 1551/313/7 1550/309/7
f 712/349/8 1868/349/8 1867/350/8
f 735/438/9 1891/438/9 1890/435/9
f 900/281/10 2056/281/10 2055/284/10
f 435/312/11 1591/312/11 1590/316/11
f 871/553/12 2027/553/12 2026/550/12
f 847/556/13 2003/556/13 2002/552/13
f 892/298/14 2048/298/14 2047/296/14
f 350/197/15 1506/197/15 1505/196/15
f 775/558/15 1931/558/15 1930/76/15
f 1028/299/16 2184/299/16 2183/294/16
f 419/329/17 1575/329/17 1574/326/17
f 760/364/18 1916/364/18 1915/366/18
f 403/335/19 1559/335/19 1558/340/19
f 427/339/20 1583/339/20 1582/342/20
f 996/315/21 2152/315/21 2151/311/21
f 515/356/22 1671/356/22 1670/354/22
f 720/372/23 1876/372/23 1875/362/23
f 988/321/24 2144/321/24 2143/325/24
f 768/379/25 1924/379/25 1923/377/25
f 1012/327/26 2168/327/26 2167/330/26
f 114/6/27 1270/6/27 1269/4/27
f 507/355/28 1663/355/28 1662/357/28
f 704/370/29 1860/370/29 1859/381/29
f 106/11/30 1262/11/30 1261/13/30
f 358/205/31 1514/205/31 1513/204/31
f 563/369/32 1719/369/32 1718/367/32
f 555/374/33 1711/374/33 1710/376/33
f 980/338/34 2136/338/34 2135/331/34
f 122/22/35 1278/22/35 1277/20/35
f 571/391/36 1727/391/36 1726/389/36
f 752/384/37 1908/384/37 1907/388/37
f 49/24/38 1205/24/38 1278/22/38
f 366/215/39 1522/215/39 1521/214/39
f 696/401/40 1852/401/40 1851/403/40
f 1004/344/41 2160/344/41 2159/341/41
f 728/404/42 1884/404/42 1883/402/42
f 50/26/43 1206/26/43 1205/24/44
f 326/218/45 1482/218/45 1481/222/45
f 523/156/46 1679/156/46 1678/392/46
f 1116/649/47 2272/649/48 2271/651/48
f 98/27/49 1254/27/49 1253/28/50
f 1124/657/51 2280/657/51 2279/654/51
f 680/414/52 1836/414/52 1835/413/52
f 374/226/53 1530/226/53 1529/224/53
f 499/395/54 1655/395/54 1654/397/54
f 1100/665/55 2256/665/55 2255/664/55
f 58/43/56 1214/43/56 1213/41/57
f 437/234/15 1593/234/15 1629/22/15
f 475/406/58 1631/406/58 1630/76/58
f 688/423/59 1844/423/59 1843/426/59
f 1108/661/60 2264/661/60 2263/672/60
f 90/42/61 1246/42/61 1245/44/61
f 474/76/60 1630/76/60 1703/407/60
f 744/433/62 1900/433/62 1899/434/62
f 1092/678/63 2248/678/63 2247/680/63
f 382/238/64 1538/238/64 1537/236/64
f 491/412/65 1647/412/65 1646/415/65
f 1132/692/66 2288/692/66 2287/690/66
f 66/58/67 1222/58/67 1221/56/67
f 470/237/68 1626/237/68 1625/239/68
f 82/59/69 1238/59/69 1237/61/69
f 462/250/70 1618/250/70 1617/252/70
f 483/422/71 1639/422/71 1638/420/71
f 1084/691/72 2240/691/72 2239/693/72
f 736/442/73 1892/442/73 1891/438/73
f 74/74/74 1230/74/74 1229/72/74
f 547/407/75 1703/407/75 1702/428/75
f 1076/709/76 2232/709/76 2231/710/76
f 2/75/77 1158/75/77 1157/76/77
f 438/259/78 1594/259/78 1593/234/78
f 531/429/79 1687/429/79 1686/427/79
f 864/551/80 2020/551/80 2019/554/80
f 1/76/81 1157/76/81 1204/77/81
f 390/260/82 1546/260/82 1545/256/82
f 539/439/83 1695/439/83 1694/440/83
f 872/557/84 2028/557/84 2027/553/84
f 1060/713/85 2216/713/85 2215/702/86
f 302/268/87 1458/268/87 1457/264/87
f 587/447/88 1743/447/89 1742/448/89
f 1068/724/90 2224/724/90 2223/723/90
f 42/89/91 1198/89/91 1197/91/91
f 454/273/92 1610/273/92 1609/280/92
f 10/92/93 1166/92/93 1165/90/93
f 880/22/60 2036/22/60 2035/559/60
f 1140/728/94 2296/728/94 2295/721/94
f 318/284/95 1474/284/95 1473/287/95
f 579/458/96 1735/458/96 1734/459/96
f 848/561/97 2004/561/97 2003/556/97
f 1156/22/98 2312/22/98 2311/729/98
f 1148/739/99 2304/739/99 2303/740/99
f 34/105/100 1190/105/100 1189/107/100
f 667/464/101 1823/464/101 1822/463/101
f 840/555/102 1996/555/103 1995/563/102
f 18/108/104 1174/108/104 1173/106/104
f 446/294/105 1602/294/105 1601/288/105
f 595/471/106 1751/471/106 1750/460/106
f 109/5/107 1265/5/107 1264/7/107
f 26/121/108 1182/121/108 1181/122/108
f 310/296/109 1466/296/109 1465/292/109
f 234/1/110 1390/1/110 1389/2/110
f 117/12/111 1273/12/111 1272/10/111
f 414/311/112 1570/311/112 1569/308/112
f 659/476/113 1815/476/113 1814/478/113
f 784/593/114 1940/593/114 1939/592/114
f 226/15/115 1382/15/115 1381/17/115
f 651/489/116 1807/489/116 1806/491/116
f 856/582/117 2012/582/117 2011/599/117
f 101/21/118 1257/21/118 1256/23/118
f 242/18/119 1398/18/119 1397/16/119
f 218/30/120 1374/30/120 1373/32/121
f 406/325/122 1562/325/122 1561/328/122
f 603/495/123 1759/495/123 1758/493/123
f 816/584/124 1972/584/124 1971/600/124
f 53/33/125 1209/33/125 1208/31/126
f 398/331/127 1554/331/127 1553/324/127
f 627/503/128 1783/503/128 1782/504/128
f 93/36/129 1249/36/129 1248/38/130
f 430/330/131 1586/330/131 1585/334/131
f 643/506/132 1799/506/132 1798/510/132
f 792/607/133 1948/607/133 1947/604/133
f 178/39/134 1334/39/134 1333/37/135
f 635/519/136 1791/519/136 1790/518/136
f 210/46/137 1366/46/137 1365/48/138
f 808/620/139 1964/620/139 1963/623/139
f 61/49/140 1217/49/140 1216/47/141
f 422/341/142 1578/341/142 1577/337/142
f 85/53/143 1241/53/143 1240/55/143
f 824/627/144 1980/627/144 1979/622/144
f 186/54/145 1342/54/145 1341/52/145
f 510/350/146 1666/350/146 1665/351/146
f 202/63/147 1358/63/147 1357/65/147
f 611/530/148 1767/530/148 1766/526/148
f 776/634/54 1932/634/54 1931/558/54
f 69/64/149 1225/64/149 1224/62/149
f 518/362/150 1674/362/150 1673/360/150
f 619/532/151 1775/532/151 1774/533/151
f 77/69/152 1233/69/152 1232/71/152
f 715/354/153 1871/354/153 1870/352/153
f 800/637/154 1956/637/154 1955/633/154
f 194/70/155 1350/70/155 1349/68/155
f 558/366/156 1714/366/156 1713/368/156
f 832/632/157 1988/632/157 1987/638/157
f 170/77/158 1326/77/158 1325/79/158
f 566/377/159 1722/377/159 1721/375/159
f 707/357/160 1863/357/160 1862/359/160
f 920/179/161 2076/179/161 2075/176/161
f 5/82/162 1161/82/163 1160/80/163
f 928/192/164 2084/192/164 2083/191/164
f 45/83/165 1201/83/165 1200/85/165
f 502/381/166 1658/381/166 1657/387/166
f 763/367/167 1919/367/167 1918/365/167
f 130/88/168 1286/88/168 1285/86/168
f 755/376/169 1911/376/169 1910/378/169
f 912/190/170 2068/190/170 2067/193/170
f 162/93/171 1318/93/171 1317/95/171
f 550/388/172 1706/388/172 1705/390/172
f 936/202/173 2092/202/173 2091/201/173
f 13/99/174 1169/99/174 1168/96/174
f 526/402/175 1682/402/175 1681/399/175
f 771/389/176 1927/389/176 1926/385/176
f 944/211/177 2100/211/177 2099/209/177
f 37/98/178 1193/98/178 1192/101/178
f 138/104/179 1294/104/179 1293/102/179
f 952/221/180 2108/221/180 2107/220/180
f 154/109/181 1310/109/181 1309/111/181
f 494/403/182 1650/403/182 1649/405/182
f 723/392/183 1879/392/183 1878/386/183
f 960/231/184 2116/231/184 2115/230/184
f 21/114/185 1177/114/185 1176/112/185
f 478/413/186 1634/413/186 1633/410/186
f 699/397/187 1855/397/187 1854/398/187
f 1048/242/188 2204/242/188 2203/244/188
f 29/115/189 1185/115/189 1184/117/189
f 146/120/190 1302/120/190 1301/118/190
f 237/8/191 1393/8/191 1392/6/191
f 486/426/192 1642/426/192 1641/425/192
f 282/128/193 1438/128/194 1437/130/194
f 691/415/195 1847/415/195 1846/417/195
f 229/9/196 1385/9/196 1384/11/196
f 290/136/128 1446/136/128 1445/132/128
f 968/251/197 2124/251/197 2123/248/197
f 542/434/198 1698/434/198 1697/436/198
f 1040/255/199 2196/255/199 2195/257/199
f 274/143/200 1430/143/200 1429/145/200
f 683/420/201 1839/420/201 1838/418/201
f 534/438/9 1690/438/9 1689/435/9
f 904/266/202 2060/266/202 2059/270/202
f 221/25/203 1377/25/203 1376/27/49
f 731/427/204 1887/427/204 1886/419/204
f 1024/278/205 2180/278/205 2179/275/205
f 266/150/206 1422/150/207 1421/149/207
f 574/147/208 1730/147/208 1729/76/208
f 747/428/209 1903/428/209 1902/430/209
f 173/29/210 1329/29/210 1328/26/43
f 573/76/60 1729/76/60 1732/22/60
f 739/440/211 1895/440/211 1894/441/211
f 888/285/212 2044/285/212 2043/282/212
f 213/40/213 1369/40/213 1368/42/214
f 258/163/215 1414/163/215 1413/164/215
f 590/444/216 1746/444/216 1745/445/216
f 867/541/217 2023/541/217 2022/542/217
f 896/295/218 2052/295/218 2051/297/218
f 298/135/208 1454/135/208 1453/165/208
f 582/454/219 1738/454/219 1737/455/219
f 181/45/220 1337/45/220 1336/43/220
f 250/172/221 1406/172/221 1405/173/221
f 670/467/222 1826/467/222 1825/466/222
f 843/544/223 1999/544/223 1998/545/223
f 1032/293/224 2188/293/224 2187/302/224
f 338/176/225 1494/176/225 1493/177/225
f 662/472/226 1818/472/226 1817/474/226
f 346/191/227 1502/191/227 1501/189/227
f 205/57/228 1361/57/228 1360/59/228
f 875/569/229 2031/569/229 2030/565/229
f 992/307/230 2148/307/230 2147/310/230
f 189/60/231 1345/60/231 1344/58/231
f 330/193/232 1486/193/232 1485/195/232
f 851/573/233 2007/573/233 2006/570/233
f 976/313/7 2132/313/7 2131/309/7
f 197/73/234 1353/73/234 1352/74/234
f 598/483/235 1754/483/235 1753/480/235
f 1016/312/11 2172/312/11 2171/316/11
f 354/201/236 1510/201/236 1509/200/236
f 654/484/237 1810/484/237 1809/486/237
f 859/571/238 2015/571/238 2014/575/238
f 125/78/239 1281/78/240 1280/75/240
f 165/87/241 1321/87/241 1320/89/241
f 1000/329/242 2156/329/242 2155/326/242
f 362/209/243 1518/209/243 1517/208/243
f 646/498/244 1802/498/244 1801/500/244
f 779/588/245 1935/588/245 1934/587/245
f 984/335/19 2140/335/19 2139/340/19
f 606/501/246 1762/501/246 1761/499/246
f 1008/339/20 2164/339/20 2163/342/20
f 133/94/247 1289/94/247 1288/92/247
f 370/220/248 1526/220/248 1525/219/248
f 630/511/249 1786/511/249 1785/509/249
f 787/596/250 1943/596/250 1942/595/250
f 157/103/251 1313/103/251 1312/105/251
f 638/523/252 1794/523/252 1793/522/252
f 1120/645/253 2276/645/253 2275/646/253
f 378/230/254 1534/230/254 1533/229/255
f 622/528/256 1778/528/256 1777/529/256
f 819/608/257 1975/608/257 1974/605/257
f 835/585/258 1991/585/258 1990/613/258
f 1112/655/259 2268/655/259 2267/656/259
f 141/110/260 1297/110/260 1296/108/260
f 614/539/261 1770/539/261 1769/538/261
f 149/119/262 1305/119/262 1304/121/262
f 466/244/263 1622/244/263 1621/246/263
f 710/351/264 1866/351/264 1865/353/264
f 811/612/265 1967/612/265 1966/615/265
f 1104/669/266 2260/669/266 2259/668/266
f 285/124/267 1441/124/267 1440/125/267
f 386/248/268 1542/248/268 1541/245/268
f 458/257/269 1614/257/269 1613/258/269
f 718/360/270 1874/360/270 1873/358/270
f 795/618/271 1951/618/271 1950/614/271
f 277/138/272 1433/138/272 1432/140/272
f 758/368/273 1914/368/274 1913/371/274
f 1096/675/275 2252/675/275 2251/674/275
f 322/270/276 1478/270/276 1477/274/276
f 766/375/277 1922/375/277 1921/373/277
f 827/156/278 1983/156/278 1982/636/278
f 1128/682/279 2284/682/279 2283/679/279
f 293/144/280 1449/144/280 1448/141/280
f 442/275/281 1598/275/281 1597/269/281
f 750/390/282 1906/390/282 1905/393/282
f 803/635/54 1959/635/54 1958/642/54
f 923/184/283 2079/184/283 2078/182/283
f 1088/684/284 2244/684/284 2243/686/284
f 269/153/285 1425/153/286 1424/152/286
f 702/387/287 1858/387/287 1857/394/287
f 306/282/288 1462/282/288 1461/279/288
f 915/183/289 2071/183/6 2070/185/6
f 261/158/290 1417/158/290 1416/162/290
f 749/393/208 1905/393/208 1929/22/208
f 1056/697/208 2212/697/208 2211/76/208
f 314/297/291 1470/297/291 1469/300/291
f 253/170/292 1409/170/292 1408/169/292
f 450/302/293 1606/302/293 1605/304/293
f 931/197/15 2087/197/15 2086/196/15
f 1055/76/60 2211/76/60 2312/22/60
f 341/182/294 1497/182/294 1496/181/294
f 726/399/295 1882/399/295 1881/396/295
f 1080/701/296 2236/701/296 2235/704/296
f 333/185/297 1489/185/297 1488/188/297
f 394/309/298 1550/309/298 1549/306/298
f 694/405/299 1850/405/299 1849/408/299
f 1136/706/300 2292/706/300 2291/703/300
f 410/310/301 1566/310/301 1565/314/301
f 349/196/302 1505/196/302 1504/194/302
f 434/316/303 1590/316/303 1589/320/303
f 678/410/304 1834/410/304 1833/409/304
f 1064/718/305 2220/718/305 2219/717/305
f 357/204/306 1513/204/306 1512/203/306
f 365/214/307 1521/214/307 1520/213/307
f 1072/720/308 2228/720/308 2227/725/308
f 373/224/309 1529/224/309 1528/223/309
f 418/326/310 1574/326/310 1573/322/310
f 686/425/311 1842/425/311 1841/424/311
f 939/205/31 2095/205/31 2094/204/31
f 402/340/312 1558/340/312 1557/343/312
f 1152/733/313 2308/733/313 2307/735/313
f 325/222/60 1481/222/60 1480/225/60
f 426/342/314 1582/342/314 1581/346/314
f 514/354/153 1670/354/153 1669/352/153
f 734/435/315 1890/435/315 1889/432/315
f 947/215/39 2103/215/39 2102/214/39
f 506/357/160 1662/357/160 1661/359/160
f 742/436/316 1898/436/316 1897/437/316
f 870/550/317 2026/550/317 2025/546/317
f 907/218/45 2063/218/45 2062/222/45
f 1144/742/318 2300/742/318 2299/738/318
f 562/367/167 1718/367/167 1717/365/167
f 846/552/319 2002/552/319 2001/548/319
f 113/4/320 1269/4/320 1268/1/320
f 554/376/169 1710/376/169 1709/378/169
f 862/560/321 2018/560/321 2017/564/321
f 955/226/53 2111/226/53 2110/224/53
f 105/13/322 1261/13/322 1260/15/322
f 381/236/323 1537/236/323 1536/232/323
f 1018/234/15 2174/234/15 2210/22/15
f 469/239/324 1625/239/324 1624/241/324
f 570/389/176 1726/389/176 1725/385/176
f 121/20/325 1277/20/325 1276/18/325
f 838/568/326 1994/568/326 1993/574/326
f 97/28/50 1253/28/50 1252/30/120
f 522/392/327 1678/392/327 1677/386/327
f 963/238/64 2119/238/64 2118/236/64
f 461/252/328 1617/252/328 1616/254/328
f 878/579/329 2034/579/329 2033/576/329
f 1051/237/68 2207/237/68 2206/239/68
f 498/397/187 1654/397/187 1653/398/187
f 854/583/330 2010/583/330 2009/581/330
f 1043/250/70 2199/250/70 2198/252/70
f 57/41/57 1213/41/57 1212/39/134
f 389/256/331 1545/256/331 1544/253/331
f 89/44/332 1245/44/332 1244/46/332
f 782/591/333 1938/591/333 1937/590/333
f 490/415/195 1646/415/195 1645/417/195
f 1019/259/334 2175/259/334 2174/234/334
f 65/56/335 1221/56/335 1220/54/335
f 301/264/336 1457/264/336 1456/76/336
f 790/601/337 1946/601/337 1945/598/337
f 971/260/82 2127/260/82 2126/256/82
f 81/61/338 1237/61/338 1236/63/338
f 300/76/60 1456/76/60 1592/265/60
f 482/420/201 1638/420/201 1637/418/201
f 453/280/339 1609/280/339 1608/286/339
f 814/603/340 1970/603/340 1969/606/340
f 883/268/87 2039/268/87 2038/264/87
f 445/288/341 1601/288/341 1600/283/341
f 530/427/204 1686/427/204 1685/419/204
f 1035/273/92 2191/273/92 2190/280/92
f 73/72/342 1229/72/342 1228/70/342
f 546/428/209 1702/428/209 1701/430/209
f 822/619/343 1978/619/343 1977/616/343
f 538/440/211 1694/440/211 1693/441/211
f 899/284/344 2055/284/344 2054/287/344
f 317/287/345 1473/287/345 1472/290/345
f 9/90/346 1165/90/346 1164/88/346
f 309/292/347 1465/292/347 1464/289/347
f 586/448/348 1742/448/348 1741/450/348
f 41/91/349 1197/91/350 1196/93/350
f 806/626/351 1962/626/351 1961/628/351
f 1027/294/105 2183/294/105 2182/288/105
f 578/459/352 1734/459/352 1733/76/352
f 798/629/353 1954/629/353 1953/625/353
f 891/296/354 2047/296/354 2046/292/354
f 594/460/355 1750/460/355 1749/457/355
f 830/641/54 1986/641/54 1985/643/54
f 17/106/356 1173/106/356 1172/104/356
f 995/311/357 2151/311/357 2150/308/357
f 33/107/358 1189/107/358 1188/109/358
f 918/177/359 2074/177/359 2073/178/359
f 413/308/360 1569/308/360 1568/305/360
f 666/463/361 1822/463/361 1821/462/361
f 926/189/362 2082/189/362 2081/187/362
f 25/122/363 1181/122/363 1180/120/363
f 934/200/364 2090/200/364 2089/199/364
f 987/325/122 2143/325/122 2142/328/122
f 942/208/365 2098/208/365 2097/207/365
f 979/331/127 2135/331/127 2134/324/127
f 233/2/366 1389/2/366 1388/3/366
f 397/324/367 1553/324/367 1552/319/367
f 1011/330/131 2167/330/131 2166/334/131
f 405/328/368 1561/328/368 1560/332/368
f 774/76/208 1930/76/208 2036/22/208
f 910/195/369 2066/195/369 2065/210/369
f 241/16/370 1397/16/370 1396/14/370
f 863/554/371 2019/554/371 2018/560/371
f 950/219/372 2106/219/372 2105/217/372
f 1003/341/142 2159/341/142 2158/337/142
f 225/17/373 1381/17/373 1380/19/373
f 429/334/374 1585/334/374 1584/336/374
f 958/229/255 2114/229/255 2113/228/375
f 1115/651/376 2271/651/376 2270/652/376
f 217/32/121 1373/32/121 1372/34/377
f 421/337/378 1577/337/378 1576/333/378
f 674/22/379 1830/22/379 1829/470/379
f 839/563/380 1995/563/380 1994/568/380
f 1054/22/381 2210/22/381 2209/233/381
f 1123/654/382 2279/654/382 2278/650/382
f 577/76/60 1733/76/60 1830/22/60
f 509/351/264 1665/351/264 1664/353/264
f 658/478/383 1814/478/384 1813/479/384
f 1099/664/385 2255/664/385 2254/663/385
f 177/37/135 1333/37/135 1332/35/386
f 879/559/387 2035/559/387 2034/579/387
f 966/245/388 2122/245/388 2121/243/388
f 517/360/270 1673/360/270 1672/358/270
f 1046/246/389 2202/246/389 2201/247/389
f 1107/672/390 2263/672/390 2262/671/390
f 557/368/273 1713/368/274 1712/371/274
f 783/592/391 1939/592/391 1938/591/391
f 1038/258/392 2194/258/392 2193/262/392
f 209/48/138 1365/48/138 1364/51/393
f 565/375/277 1721/375/277 1720/373/277
f 650/491/394 1806/491/394 1805/492/394
f 855/599/395 2011/599/395 2010/583/395
f 1022/269/396 2178/269/396 2177/263/396
f 1091/680/397 2247/680/397 2246/681/397
f 185/52/398 1341/52/398 1340/50/399
f 549/390/282 1705/390/282 1704/393/282
f 602/493/400 1758/493/400 1757/490/400
f 1131/690/401 2287/690/401 2286/687/401
f 501/387/287 1657/387/287 1656/394/287
f 626/504/60 1782/504/60 1781/505/60
f 815/600/402 1971/600/402 1970/603/402
f 902/274/403 2058/274/403 2057/277/403
f 201/65/404 1357/65/404 1356/67/404
f 791/604/405 1947/604/405 1946/601/405
f 1083/693/406 2239/693/406 2238/694/406
f 193/68/407 1349/68/407 1348/66/407
f 548/393/208 1704/393/208 1728/22/208
f 886/279/408 2042/279/408 2041/276/408
f 169/79/409 1325/79/409 1324/81/409
f 823/622/410 1979/622/410 1978/619/410
f 807/623/411 1963/623/411 1962/626/411
f 1059/702/15 2215/702/15 2214/698/15
f 525/399/295 1681/399/295 1680/396/295
f 642/510/412 1798/510/412 1797/513/412
f 129/86/413 1285/86/413 1284/84/413
f 1075/710/414 2231/710/414 2230/712/414
f 161/95/415 1317/95/415 1316/97/415
f 493/405/299 1649/405/299 1648/408/299
f 799/633/416 1955/633/416 1954/629/416
f 894/300/417 2050/300/417 2049/301/417
f 1139/721/418 2295/721/418 2294/711/418
f 634/518/419 1790/518/419 1789/516/419
f 831/638/60 1987/638/60 1986/641/60
f 477/410/304 1633/410/304 1632/409/304
f 919/176/225 2075/176/225 2074/177/225
f 1067/723/420 2223/723/420 2222/722/420
f 137/102/421 1293/102/421 1292/100/421
f 927/191/422 2083/191/422 2082/189/422
f 1030/304/423 2186/304/423 2185/303/423
f 1155/729/424 2311/729/424 2310/730/424
f 153/111/425 1309/111/425 1308/113/425
f 1147/740/426 2303/740/426 2302/741/426
f 485/425/311 1641/425/311 1640/424/311
f 911/193/232 2067/193/232 2066/195/232
f 974/306/427 2130/306/427 2129/291/427
f 990/314/428 2146/314/428 2145/317/428
f 108/7/429 1264/7/429 1263/9/429
f 145/118/430 1301/118/430 1300/116/430
f 935/201/431 2091/201/431 2090/200/431
f 116/10/432 1272/10/432 1271/8/432
f 281/130/433 1437/130/433 1436/131/433
f 533/435/315 1689/435/315 1688/432/315
f 610/526/434 1766/526/434 1765/524/434
f 998/322/435 2154/322/435 2153/318/435
f 100/23/436 1256/23/436 1255/25/436
f 289/132/437 1445/132/437 1444/129/437
f 541/436/316 1697/436/316 1696/437/316
f 618/533/438 1774/533/438 1773/535/438
f 943/209/243 2099/209/243 2098/208/243
f 1014/320/439 2170/320/439 2169/323/439
f 714/352/440 1870/352/440 1869/348/440
f 982/343/441 2138/343/441 2137/345/441
f 589/445/442 1745/445/443 1744/446/443
f 951/220/248 2107/220/248 2106/219/248
f 1006/346/444 2162/346/444 2161/347/444
f 52/31/126 1208/31/126 1207/29/210
f 265/149/445 1421/149/445 1420/148/445
f 706/359/446 1862/359/446 1861/361/446
f 92/38/130 1248/38/130 1247/40/213
f 273/145/447 1429/145/447 1428/156/447
f 581/455/448 1737/455/448 1736/456/448
f 959/230/254 2115/230/254 2114/229/255
f 1118/647/449 2274/647/449 2273/648/449
f 297/165/450 1453/165/450 1452/160/450
f 762/365/451 1918/365/451 1917/363/451
f 669/466/452 1825/466/452 1824/465/452
f 1110/658/453 2266/658/453 2265/659/453
f 60/47/454 1216/47/454 1215/45/454
f 257/164/455 1413/164/456 1412/166/456
f 661/474/457 1817/474/457 1816/475/457
f 1047/244/458 2203/244/263 2202/246/263
f 84/55/459 1240/55/459 1239/57/459
f 249/173/460 1405/173/460 1404/174/460
f 967/248/268 2123/248/268 2122/245/268
f 1102/667/461 2258/667/461 2257/666/461
f 337/177/359 1493/177/359 1492/178/359
f 1039/257/269 2195/257/269 2194/258/269
f 1126/673/462 2282/673/462 2281/660/462
f 68/62/463 1224/62/463 1223/60/463
f 597/480/464 1753/480/464 1752/477/464
f 754/378/465 1910/378/465 1909/382/465
f 76/71/466 1232/71/466 1231/73/466
f 345/189/362 1501/189/362 1500/187/362
f 653/486/467 1809/486/467 1808/487/467
f 903/270/276 2059/270/276 2058/274/276
f 1094/676/468 2250/676/468 2249/677/468
f 353/200/364 1509/200/364 1508/199/364
f 770/385/469 1926/385/469 1925/383/469
f 1023/275/281 2179/275/281 2178/269/281
f 361/208/365 1517/208/365 1516/207/365
f 722/386/470 1878/386/470 1877/380/470
f 1086/688/471 2242/688/471 2241/689/471
f 4/80/472 1160/80/472 1159/78/472
f 605/499/473 1761/499/473 1760/497/473
f 44/85/474 1200/85/474 1199/87/474
f 329/195/369 1485/195/369 1484/210/369
f 645/500/475 1801/500/475 1800/502/475
f 698/398/476 1854/398/476 1853/400/476
f 887/282/288 2043/282/288 2042/279/288
f 1134/700/477 2290/700/477 2289/695/477
f 629/509/478 1785/509/478 1784/507/478
f 369/219/479 1525/219/479 1524/217/479
f 637/522/480 1793/522/480 1792/521/480
f 682/418/481 1838/418/481 1837/416/481
f 895/297/482 2051/297/482 2050/300/482
f 1078/705/483 2234/705/483 2233/707/483
f 12/96/484 1168/96/484 1167/94/484
f 621/529/485 1777/529/485 1776/531/485
f 730/419/486 1886/419/486 1885/411/486
f 1031/302/293 2187/302/293 2186/304/293
f 36/101/487 1192/101/487 1191/103/487
f 377/229/255 1533/229/255 1532/228/375
f 473/22/381 1629/22/381 1628/233/381
f 690/417/488 1846/417/488 1845/421/488
f 1062/715/489 2218/715/489 2217/714/489
f 746/430/490 1902/430/490 1901/431/490
f 975/309/491 2131/309/491 2130/306/491
f 20/112/492 1176/112/492 1175/110/492
f 738/441/493 1894/441/493 1893/443/493
f 991/310/494 2147/310/494 2146/314/494
f 1070/727/495 2226/727/495 2225/726/495
f 28/117/496 1184/117/496 1183/119/496
f 385/245/388 1541/245/388 1540/243/388
f 613/538/497 1769/538/497 1768/534/497
f 1015/316/303 2171/316/303 2170/320/303
f 236/6/27 1392/6/27 1391/4/27
f 465/246/389 1621/246/389 1620/247/389
f 866/542/498 2022/542/498 2021/547/498
f 457/258/392 1613/258/392 1612/262/392
f 709/353/499 1865/353/499 1864/355/499
f 228/11/30 1384/11/30 1383/13/30
f 441/269/500 1597/269/500 1596/263/500
f 842/545/158 1998/545/158 1997/549/158
f 999/326/501 2155/326/501 2154/322/501
f 1142/734/502 2298/734/502 2297/731/502
f 717/358/503 1873/358/503 1872/356/503
f 983/340/312 2139/340/312 2138/343/312
f 1150/736/504 2306/736/504 2305/737/504
f 244/22/35 1400/22/35 1399/20/35
f 765/373/505 1921/373/505 1920/369/505
f 1007/342/314 2163/342/314 2162/346/314
f 171/24/38 1327/24/38 1400/22/38
f 321/274/506 1477/274/506 1476/277/506
f 757/371/507 1913/371/507 1912/374/507
f 874/565/508 2030/565/508 2029/562/508
f 111/2/366 1267/2/366 1266/3/366
f 773/22/509 1929/22/509 1928/391/509
f 850/570/510 2006/570/510 2005/566/510
f 1119/646/511 2275/646/511 2274/647/511
f 305/279/408 1461/279/408 1460/276/408
f 119/16/370 1275/16/370 1274/14/370
f 172/26/43 1328/26/43 1327/24/44
f 701/394/512 1857/394/512 1856/395/512
f 858/575/513 2014/575/513 2013/578/513
f 1111/656/514 2267/656/514 2266/658/514
f 220/27/49 1376/27/49 1375/28/50
f 725/396/515 1881/396/515 1880/156/515
f 103/17/516 1259/17/516 1258/19/516
f 1103/668/517 2259/668/517 2258/667/517
f 677/409/518 1833/409/518 1832/406/518
f 778/587/519 1934/587/519 1933/586/519
f 95/32/121 1251/32/121 1250/34/377
f 180/43/56 1336/43/56 1335/41/57
f 313/300/417 1469/300/417 1468/301/417
f 1095/674/520 2251/674/520 2250/676/520
f 212/42/61 1368/42/61 1367/44/61
f 693/408/521 1849/408/521 1848/412/521
f 786/595/522 1942/595/522 1941/594/522
f 1127/679/523 2283/679/523 2282/673/523
f 55/37/135 1211/37/135 1210/35/386
f 449/304/423 1605/304/423 1604/303/423
f 685/424/524 1841/424/524 1840/422/524
f 818/605/525 1974/605/525 1973/602/525
f 1087/686/526 2243/686/526 2242/688/526
f 188/58/67 1344/58/67 1343/56/67
f 1135/703/527 2291/703/527 2290/700/527
f 204/59/69 1360/59/69 1359/61/69
f 393/306/528 1549/306/528 1548/291/528
f 87/48/138 1243/48/138 1242/51/393
f 409/314/428 1565/314/428 1564/317/428
f 1079/704/529 2235/704/529 2234/705/529
f 63/52/398 1219/52/398 1218/50/399
f 733/432/530 1889/432/530 1888/429/530
f 794/614/531 1950/614/531 1949/610/531
f 196/74/74 1352/74/74 1351/72/74
f 741/437/532 1897/437/532 1896/439/532
f 810/615/533 1966/615/533 1965/617/533
f 124/75/77 1280/75/77 1279/76/77
f 417/322/435 1573/322/435 1572/318/435
f 869/546/534 2025/546/534 2024/540/534
f 834/613/535 1990/613/535 1989/624/535
f 1063/717/536 2219/717/536 2218/715/536
f 79/65/404 1235/65/404 1234/67/404
f 123/76/81 1279/76/81 1326/77/81
f 433/320/439 1589/320/439 1588/323/439
f 845/548/537 2001/548/537 2000/543/537
f 71/68/407 1227/68/407 1226/66/407
f 401/343/441 1557/343/441 1556/345/441
f 1071/725/538 2227/725/538 2226/727/538
f 47/79/409 1203/79/409 1202/81/409
f 425/346/444 1581/346/444 1580/347/444
f 861/564/539 2017/564/539 2016/567/539
f 826/636/540 1982/636/540 1981/630/540
f 164/89/91 1320/89/91 1319/91/91
f 513/352/440 1669/352/440 1668/348/440
f 132/92/541 1288/92/542 1287/90/542
f 877/576/543 2033/576/543 2032/572/543
f 802/642/15 1958/642/15 1957/639/15
f 7/86/413 1163/86/413 1162/84/413
f 505/359/446 1661/359/446 1660/361/446
f 922/182/294 2078/182/544 2077/181/544
f 1151/735/545 2307/735/545 2306/736/545
f 39/95/415 1195/95/415 1194/97/415
f 837/574/546 1993/574/546 1992/580/546
f 156/105/547 1312/105/547 1311/107/547
f 561/365/451 1717/365/451 1716/363/451
f 853/581/548 2009/581/548 2008/577/548
f 914/185/297 2070/185/297 2069/188/297
f 1143/738/549 2299/738/549 2298/734/549
f 140/108/104 1296/108/104 1295/106/104
f 112/1/110 1268/1/110 1267/2/110
f 15/102/421 1171/102/421 1170/100/421
f 148/121/108 1304/121/108 1303/122/108
f 930/196/302 2086/196/302 2085/194/302
f 31/111/425 1187/111/425 1186/113/425
f 938/204/306 2094/204/306 2093/203/306
f 104/15/115 1260/15/115 1259/17/115
f 284/125/550 1440/125/550 1439/126/550
f 781/590/551 1937/590/551 1936/589/551
f 946/214/307 2102/214/307 2101/213/307
f 120/18/552 1276/18/552 1275/16/552
f 954/224/309 2110/224/309 2109/223/309
f 23/118/430 1179/118/430 1178/116/430
f 292/141/553 1448/141/553 1447/139/553
f 553/378/465 1709/378/465 1708/382/465
f 96/30/120 1252/30/120 1251/32/121
f 789/598/554 1945/598/554 1944/597/554
f 906/222/60 2062/222/60 2061/225/60
f 231/5/107 1387/5/107 1386/7/107
f 276/140/555 1432/140/555 1431/142/555
f 569/385/556 1725/385/556 1724/383/556
f 521/386/557 1677/386/557 1676/380/557
f 813/606/558 1969/606/558 1968/609/558
f 56/39/134 1212/39/134 1211/37/135
f 239/12/111 1395/12/111 1394/10/111
f 268/152/559 1424/152/559 1423/151/559
f 88/46/137 1244/46/137 1243/48/138
f 497/398/560 1653/398/560 1652/400/560
f 223/21/118 1379/21/118 1378/23/118
f 821/616/561 1977/616/561 1976/611/561
f 260/162/562 1416/162/562 1415/161/562
f 481/418/481 1637/418/481 1636/416/481
f 64/54/145 1220/54/145 1219/52/145
f 529/419/486 1685/419/486 1684/411/486
f 80/63/147 1236/63/147 1235/65/147
f 175/33/125 1331/33/125 1330/31/126
f 252/169/563 1408/169/563 1407/168/563
f 797/625/564 1953/625/564 1952/621/564
f 962/236/323 2118/236/323 2117/232/323
f 215/36/129 1371/36/129 1370/38/130
f 340/181/565 1496/181/565 1495/179/565
f 489/417/488 1645/417/488 1644/421/488
f 805/628/566 1961/628/827 1960/631/567
f 1050/239/568 2206/239/568 2205/241/568
f 545/430/490 1701/430/490 1700/431/490
f 72/70/155 1228/70/155 1227/68/155
f 332/188/569 1488/188/569 1487/190/569
f 537/441/493 1693/441/493 1692/443/493
f 48/77/570 1204/77/158 1203/79/158
f 183/49/571 1339/49/571 1338/47/572
f 829/643/15 1985/643/15 1984/640/15
f 1042/252/573 2198/252/573 2197/254/573
f 207/53/143 1363/53/143 1362/55/143
f 585/450/574 1741/450/574 1740/451/574
f 348/194/575 1504/194/575 1503/192/575
f 593/457/576 1749/457/576 1748/453/576
f 917/178/577 2073/178/577 2072/180/577
f 970/256/331 2126/256/331 2125/253/331
f 8/88/168 1164/88/168 1163/86/168
f 356/203/578 1512/203/578 1511/202/578
f 665/462/579 1821/462/579 1820/461/579
f 40/93/171 1196/93/171 1195/95/171
f 191/64/580 1347/64/580 1346/62/580
f 364/213/581 1520/213/581 1519/211/581
f 673/470/582 1829/470/582 1828/469/582
f 199/69/152 1355/69/152 1354/71/152
f 372/223/583 1528/223/583 1527/221/583
f 657/479/584 1813/479/584 1812/481/584
f 925/187/585 2081/187/585 2080/186/585
f 933/199/586 2089/199/586 2088/198/586
f 882/264/336 2038/264/336 2037/76/336
f 16/104/179 1172/104/179 1171/102/179
f 380/232/587 1536/232/587 1535/231/587
f 941/207/588 2097/207/588 2096/206/588
f 881/76/60 2037/76/60 2173/265/60
f 32/109/181 1188/109/181 1187/111/181
f 127/82/162 1283/82/162 1282/80/162
f 468/241/589 1624/241/589 1623/242/589
f 601/490/590 1757/490/590 1756/488/590
f 1034/280/339 2190/280/339 2189/286/339
f 167/83/165 1323/83/165 1322/85/165
f 649/492/591 1805/492/591 1804/494/591
f 909/210/592 2065/210/592 2064/212/592
f 1026/288/341 2182/288/341 2181/283/341
f 24/120/190 1180/120/190 1179/118/190
f 388/253/593 1544/253/593 1543/251/593
f 633/516/594 1789/516/594 1788/514/594
f 460/254/595 1616/254/595 1615/255/595
f 898/287/596 2054/287/596 2053/290/596
f 232/3/597 1388/3/597 1387/5/597
f 135/99/174 1291/99/174 1290/96/174
f 641/513/598 1797/513/598 1796/517/598
f 890/292/347 2046/292/347 2045/289/347
f 159/98/599 1315/98/599 1314/101/599
f 324/225/600 1480/225/600 1479/266/600
f 949/217/601 2105/217/601 2104/216/601
f 240/14/602 1396/14/602 1395/12/602
f 444/283/603 1600/283/603 1599/278/603
f 957/228/375 2113/228/375 2112/227/604
f 224/19/605 1380/19/605 1379/21/605
f 143/114/185 1299/114/185 1298/112/185
f 609/524/606 1765/524/606 1764/515/606
f 151/115/189 1307/115/189 1306/117/189
f 308/289/607 1464/289/607 1463/285/607
f 625/505/608 1781/505/608 1780/525/608
f 1053/233/609 2209/233/609 2208/235/609
f 287/127/610 1443/127/610 1442/123/610
f 452/286/611 1608/286/611 1607/293/611
f 617/535/612 1773/535/612 1772/536/612
f 713/348/613 1869/348/613 1868/349/613
f 994/308/360 2150/308/360 2149/305/360
f 176/35/386 1332/35/386 1331/33/125
f 316/290/614 1472/290/614 1471/295/614
f 761/363/615 1917/363/615 1916/364/615
f 216/34/377 1372/34/377 1371/36/129
f 412/305/616 1568/305/616 1567/307/616
f 965/243/617 2121/243/617 2120/240/617
f 279/133/618 1435/133/619 1434/137/619
f 436/265/620 1592/265/620 1591/312/620
f 705/361/621 1861/361/621 1860/370/621
f 1045/247/622 2201/247/622 2200/249/622
f 978/324/367 2134/324/367 2133/319/367
f 184/50/399 1340/50/399 1339/49/571
f 1021/263/623 2177/263/623 2176/261/623
f 986/328/368 2142/328/368 2141/332/368
f 208/51/393 1364/51/393 1363/53/624
f 271/155/625 1427/155/625 1426/154/625
f 1037/262/626 2193/262/626 2192/267/626
f 295/157/627 1451/157/627 1450/146/627
f 396/319/628 1552/319/628 1551/313/628
f 192/66/629 1348/66/629 1347/64/629
f 263/147/630 1419/147/630 1418/159/630
f 1010/334/374 2166/334/374 2165/336/374
f 200/67/631 1356/67/631 1355/69/631
f 885/276/632 2041/276/633 2040/271/633
f 1002/337/378 2158/337/378 2157/333/378
f 420/333/634 1576/333/634 1575/329/634
f 1122/650/635 2278/650/635 2277/644/635
f 404/332/636 1560/332/636 1559/335/636
f 168/81/637 1324/81/637 1323/83/637
f 255/167/638 1411/167/638 1410/171/638
f 428/336/639 1584/336/639 1583/339/639
f 721/380/640 1877/380/640 1876/372/640
f 901/277/641 2057/277/641 2056/281/641
f 1114/652/642 2270/652/642 2269/653/642
f 128/84/643 1284/84/643 1283/82/643
f 769/383/644 1925/383/645 1924/379/645
f 160/97/646 1316/97/646 1315/98/646
f 508/353/499 1664/353/499 1663/355/499
f 753/382/647 1909/382/647 1908/384/647
f 973/291/648 2129/291/648 2128/272/648
f 136/100/649 1292/100/649 1291/99/649
f 247/175/54 1403/175/54 1402/134/54
f 516/358/503 1672/358/503 1671/356/503
f 697/400/650 1853/400/650 1852/401/650
f 1098/663/651 2254/663/651 2253/662/651
f 564/373/505 1720/373/505 1719/369/505
f 893/301/652 2049/301/652 2048/298/652
f 335/180/653 1491/180/653 1490/183/653
f 556/371/507 1712/371/507 1711/374/507
f 729/411/654 1885/411/654 1884/404/654
f 1029/303/655 2185/303/655 2184/299/655
f 1106/671/656 2262/671/656 2261/670/656
f 152/113/657 1308/113/657 1307/115/657
f 572/22/509 1728/22/509 1727/391/509
f 144/116/658 1300/116/658 1299/114/658
f 343/186/659 1499/186/659 1498/184/659
f 681/416/660 1837/416/660 1836/414/660
f 1090/681/661 2246/681/661 2245/683/661
f 288/129/662 1444/129/662 1443/127/662
f 351/198/663 1507/198/663 1506/197/663
f 500/394/512 1656/394/512 1655/395/512
f 997/318/664 2153/318/664 2152/315/664
f 1130/687/665 2286/687/665 2285/685/665
f 359/206/666 1515/206/666 1514/205/666
f 524/396/515 1680/396/515 1679/156/515
f 689/421/667 1845/421/667 1844/423/667
f 989/317/668 2145/317/668 2144/321/668
f 1058/698/54 2214/698/54 2213/696/54
f 280/131/669 1436/131/669 1435/133/669
f 367/216/670 1523/216/670 1522/215/670
f 745/431/671 1901/431/671 1900/433/671
f 1013/323/672 2169/323/672 2168/327/672
f 476/409/518 1632/409/518 1631/406/518
f 1082/694/673 2238/694/673 2237/699/673
f 327/212/276 1483/212/276 1482/218/276
f 737/443/674 1893/443/674 1892/442/674
f 492/408/521 1648/408/521 1647/412/521
f 1138/711/675 2294/711/675 2293/708/675
f 264/148/676 1420/148/676 1419/147/676
f 865/547/677 2021/547/677 2020/551/677
f 484/424/524 1640/424/524 1639/422/524
f 981/345/678 2137/345/678 2136/338/678
f 1074/712/679 2230/712/679 2229/716/679
f 272/156/680 1428/156/680 1427/155/680
f 375/227/15 1531/227/15 1530/226/15
f 296/160/681 1452/160/681 1451/157/681
f 471/235/682 1627/235/682 1626/237/682
f 841/549/683 1997/549/683 1996/555/683
f 1005/347/684 2161/347/684 2160/344/684
f 1066/722/685 2222/722/685 2221/719/685
f 1154/730/686 2310/730/686 2309/732/686
f 256/166/687 1412/166/687 1411/167/687
f 532/432/530 1688/432/530 1687/429/530
f 1117/648/688 2273/648/688 2272/649/688
f 1146/741/689 2302/741/689 2301/743/689
f 248/174/60 1404/174/60 1403/175/60
f 383/240/690 1539/240/690 1538/238/690
f 540/437/532 1696/437/532 1695/439/532
f 873/562/691 2029/562/691 2028/557/691
f 115/8/191 1271/8/191 1270/6/191
f 463/249/692 1619/249/692 1618/250/692
f 849/566/693 2005/566/693 2004/561/693
f 1125/660/694 2281/660/694 2280/657/694
f 336/178/577 1492/178/577 1491/180/577
f 588/446/695 1744/446/695 1743/447/695
f 107/9/196 1263/9/196 1262/11/196
f 439/261/696 1595/261/697 1594/259/697
f 857/578/698 2013/578/698 2012/582/698
f 1109/659/699 2265/659/699 2264/661/699
f 580/456/700 1736/456/700 1735/458/700
f 344/187/585 1500/187/585 1499/186/585
f 668/465/701 1824/465/701 1823/464/701
f 1101/666/702 2257/666/702 2256/665/702
f 352/199/586 1508/199/586 1507/198/586
f 99/25/203 1255/25/203 1254/27/49
f 360/207/588 1516/207/588 1515/206/588
f 303/271/703 1459/271/703 1458/268/703
f 1093/677/704 2249/677/704 2248/678/704
f 391/272/705 1547/272/705 1546/260/705
f 51/29/210 1207/29/210 1206/26/43
f 328/210/592 1484/210/592 1483/212/592
f 455/267/706 1611/267/706 1610/273/706
f 785/594/707 1941/594/707 1940/593/707
f 91/40/213 1247/40/213 1246/42/214
f 660/475/708 1816/475/708 1815/476/708
f 817/602/709 1973/602/709 1972/584/709
f 1085/689/710 2241/689/710 2240/691/710
f 319/281/711 1475/281/711 1474/284/711
f 596/477/712 1752/477/712 1751/471/712
f 652/487/713 1808/487/713 1807/489/713
f 793/610/714 1949/610/714 1948/607/714
f 1133/695/715 2289/695/715 2288/692/715
f 59/45/716 1215/45/716 1214/43/716
f 311/298/14 1467/298/14 1466/296/14
f 809/617/717 1965/617/717 1964/620/717
f 368/217/718 1524/217/718 1523/216/718
f 447/299/719 1603/299/719 1602/294/719
f 1077/707/720 2233/707/720 2232/709/720
f 604/497/721 1760/497/721 1759/495/721
f 825/630/722 1981/630/722 1980/627/722
f 83/57/228 1239/57/228 1238/59/228
f 376/228/375 1532/228/375 1531/227/604
f 644/502/723 1800/502/723 1799/506/723
f 833/624/724 1989/624/724 1988/632/724
f 1061/714/725 2217/714/725 2216/713/85
f 67/60/231 1223/60/231 1222/58/231
f 415/315/726 1571/315/726 1570/311/726
f 628/507/727 1784/507/727 1783/503/727
f 777/586/60 1933/586/60 1932/634/60
f 75/73/234 1231/73/234 1230/74/234
f 472/233/609 1628/233/609 1627/235/609
f 407/321/24 1563/321/24 1562/325/24
f 636/521/728 1792/521/728 1791/519/728
f 1069/726/729 2225/726/729 2224/724/729
f 431/327/26 1587/327/26 1586/330/26
f 801/639/730 1957/639/730 1956/637/730
f 3/78/239 1159/78/239 1158/75/239
f 921/181/565 2077/181/565 2076/179/565
f 43/87/241 1199/87/241 1198/89/241
f 384/243/617 1540/243/617 1539/240/617
f 620/531/731 1776/531/731 1775/532/731
f 913/188/569 2069/188/569 2068/190/569
f 1141/731/732 2297/731/732 2296/728/732
f 464/247/622 1620/247/622 1619/249/622
f 399/338/34 1555/338/34 1554/331/34
f 1149/737/733 2305/737/733 2304/739/733
f 11/94/247 1167/94/247 1166/92/247
f 440/263/623 1596/263/623 1595/261/623
f 612/534/734 1768/534/734 1767/530/734
f 35/103/735 1191/103/735 1190/105/735
f 456/262/626 1612/262/626 1611/267/626
f 716/356/22 1872/356/22 1871/354/22
f 929/194/575 2085/194/575 2084/192/575
f 110/3/736 1266/3/736 1265/5/736
f 423/344/41 1579/344/41 1578/341/41
f 937/203/578 2093/203/578 2092/202/578
f 708/355/28 1864/355/28 1863/357/28
f 945/213/581 2101/213/737 2100/211/737
f 118/14/602 1274/14/602 1273/12/602
f 19/110/260 1175/110/260 1174/108/260
f 511/349/8 1667/349/8 1666/350/8
f 953/223/738 2109/223/738 2108/221/738
f 27/119/262 1183/119/262 1182/121/262
f 304/276/739 1460/276/739 1459/271/739
f 764/369/32 1920/369/32 1919/367/32
f 102/19/605 1258/19/605 1257/21/605
f 235/4/320 1391/4/320 1390/1/320
f 756/374/33 1912/374/33 1911/376/33
f 961/232/740 2117/232/740 2116/231/740
f 772/391/36 1928/391/36 1927/389/36
f 1049/241/589 2205/241/589 2204/242/589
f 227/13/322 1383/13/322 1382/15/322
f 320/277/641 1476/277/641 1475/281/641
f 559/364/18 1715/364/741 1714/366/741
f 54/35/386 1210/35/386 1209/33/125
f 243/20/325 1399/20/325 1398/18/325
f 969/253/742 2125/253/742 2124/251/742
f 94/34/377 1250/34/377 1249/36/129
f 219/28/50 1375/28/50 1374/30/120
f 392/291/743 1548/291/743 1547/272/743
f 519/372/23 1675/372/23 1674/362/23
f 724/156/46 1880/156/46 1879/392/46
f 1041/254/744 2197/254/744 2196/255/744
f 567/379/25 1723/379/25 1722/377/25
f 62/50/399 1218/50/399 1217/49/140
f 312/301/652 1468/301/652 1467/298/652
f 905/225/745 2061/225/745 2060/266/745
f 86/51/393 1242/51/393 1241/53/624
f 179/41/57 1335/41/57 1334/39/134
f 448/303/655 1604/303/655 1603/299/655
f 503/370/29 1659/370/29 1658/381/29
f 700/395/54 1856/395/54 1855/397/54
f 211/44/332 1367/44/332 1366/46/332
f 676/406/58 1832/406/58 1831/76/58
f 1025/283/603 2181/283/603 2180/278/603
f 675/76/60 1831/76/60 1904/407/60
f 70/66/746 1226/66/746 1225/64/746
f 416/318/747 1572/318/747 1571/315/747
f 551/384/748 1707/384/748 1706/388/748
f 889/289/607 2045/289/607 2044/285/607
f 78/67/631 1234/67/631 1233/69/631
f 187/56/335 1343/56/335 1342/54/335
f 408/317/668 1564/317/668 1563/321/668
f 692/412/65 1848/412/65 1847/415/65
f 1033/286/611 2189/286/611 2188/293/611
f 203/61/338 1359/61/338 1358/63/338
f 432/323/672 1588/323/672 1587/327/672
f 495/401/40 1651/401/40 1650/403/40
f 527/404/42 1683/404/42 1682/402/42
f 684/422/71 1840/422/71 1839/420/71
f 897/290/749 2053/290/828 2052/295/749
f 46/81/637 1202/81/637 1201/83/637
f 993/305/750 2149/305/750 2148/307/750
f 6/84/643 1162/84/643 1161/82/643
f 195/72/751 1351/72/342 1350/70/342
f 1017/265/620 2173/265/620 2172/312/620
f 38/97/646 1194/97/646 1193/98/646
f 479/414/52 1635/414/52 1634/413/52
f 748/407/75 1904/407/75 1903/428/75
f 400/345/678 1556/345/678 1555/338/678
f 732/429/79 1888/429/79 1887/427/79
f 14/100/649 1170/100/649 1169/99/649
f 131/90/752 1287/90/752 1286/88/752
f 487/423/59 1643/423/59 1642/426/59
f 740/439/83 1896/439/83 1895/440/83
f 163/91/349 1319/91/350 1318/93/350
f 424/347/684 1580/347/684 1579/344/684
f 868/540/753 2024/540/754 2023/541/754
f 977/319/628 2133/319/628 2132/313/628
f 512/348/613 1668/348/613 1667/349/613
f 543/433/62 1699/433/62 1698/434/62
f 844/543/755 2000/543/755 1999/544/755
f 30/113/657 1186/113/657 1185/115/657
f 560/363/615 1716/363/615 1715/364/615
f 22/116/658 1178/116/658 1177/114/658
f 139/106/356 1295/106/356 1294/104/356
f 860/567/756 2016/567/756 2015/571/756
f 1001/333/757 2157/333/757 2156/329/757
f 155/107/358 1311/107/358 1310/109/358
f 504/361/621 1660/361/621 1659/370/621
f 876/572/758 2032/572/758 2031/569/758
f 985/332/636 2141/332/636 2140/335/636
f 230/7/759 1386/7/759 1385/9/759
f 1009/336/760 2165/336/760 2164/339/760
f 238/10/432 1394/10/432 1393/8/432
f 535/442/73 1691/442/73 1690/438/73
f 852/577/761 2008/577/761 2007/573/761
f 1121/644/762 2277/644/762 2276/645/762
f 147/122/363 1303/122/363 1302/120/363
f 575/130/15 1731/130/15 1730/147/15
f 836/580/763 1992/580/763 1991/585/763
f 222/23/436 1378/23/436 1377/25/436
f 591/449/764 1747/449/764 1746/444/764
f 1113/653/765 2269/653/765 2268/655/765
f 283/126/766 1439/126/766 1438/128/766
f 780/589/767 1936/589/768 1935/588/768
f 583/452/769 1739/452/769 1738/454/769
f 1105/670/770 2261/670/770 2260/669/770
f 174/31/126 1330/31/126 1329/29/210
f 299/22/60 1455/22/60 1454/135/60
f 671/468/771 1827/468/771 1826/467/771
f 788/597/772 1944/597/772 1943/596/772
f 214/38/130 1370/38/130 1369/40/213
f 291/139/773 1447/139/773 1446/136/773
f 663/473/774 1819/473/774 1818/472/774
f 1097/662/775 2253/662/775 2252/675/775
f 520/380/640 1676/380/640 1675/372/640
f 820/611/505 1976/611/505 1975/608/505
f 275/142/776 1431/142/776 1430/143/776
f 568/383/644 1724/383/644 1723/379/644
f 812/609/777 1968/609/777 1967/612/777
f 1089/683/778 2245/683/778 2244/684/778
f 182/47/454 1338/47/454 1337/45/454
f 552/382/647 1708/382/647 1707/384/647
f 655/482/779 1811/482/779 1810/484/779
f 1129/685/780 2285/685/780 2284/682/780
f 206/55/459 1362/55/459 1361/57/459
f 599/485/781 1755/485/781 1754/483/781
f 267/151/782 1423/151/782 1422/150/782
f 496/400/650 1652/400/650 1651/401/650
f 647/496/783 1803/496/783 1802/498/783
f 796/621/784 1952/621/784 1951/618/784
f 1057/696/15 2213/696/15 2212/697/15
f 804/631/60 1960/631/60 1959/635/60
f 190/62/785 1346/62/785 1345/60/785
f 259/161/786 1415/161/786 1414/163/786
f 528/411/654 1684/411/654 1683/404/654
f 1081/699/787 2237/699/787 2236/701/787
f 198/71/466 1354/71/466 1353/73/466
f 251/168/788 1407/168/788 1406/172/788
f 339/179/161 1495/179/161 1494/176/161
f 480/416/660 1636/416/660 1635/414/660
f 607/508/789 1763/508/789 1762/501/789
f 828/640/790 1984/640/790 1983/156/790
f 1137/708/791 2293/708/791 2292/706/791
f 347/192/792 1503/192/792 1502/191/792
f 631/512/793 1787/512/793 1786/511/793
f 126/80/472 1282/80/472 1281/78/472
f 488/421/667 1644/421/667 1643/423/667
f 639/520/794 1795/520/794 1794/523/794
f 916/180/653 2072/180/653 2071/183/653
f 1065/719/795 2221/719/795 2220/718/795
f 166/85/474 1322/85/474 1321/87/474
f 331/190/170 1487/190/170 1486/193/170
f 544/431/671 1700/431/671 1699/433/671
f 623/527/466 1779/527/466 1778/528/466
f 615/537/796 1771/537/796 1770/539/796
f 924/186/659 2080/186/659 2079/184/659
f 1073/716/797 2229/716/797 2228/720/797
f 355/202/173 1511/202/173 1510/201/173
f 536/443/674 1692/443/674 1691/442/674
f 932/198/663 2088/198/663 2087/197/663
f 134/96/798 1290/96/798 1289/94/798
f 363/211/177 1519/211/177 1518/209/177
f 576/22/54 1732/22/54 1731/130/54
f 711/350/146 1867/350/146 1866/351/146
f 940/206/666 2096/206/666 2095/205/666
f 1153/732/799 2309/732/799 2308/733/799
f 158/101/800 1314/101/800 1313/103/800
f 371/221/801 1527/221/801 1526/220/801
f 948/216/802 2104/216/802 2103/215/802
f 584/451/803 1740/451/803 1739/452/803
f 719/362/150 1875/362/150 1874/360/150
f 1145/743/804 2301/743/804 2300/742/804
f 379/231/184 1535/231/184 1534/230/184
f 592/453/805 1748/453/805 1747/449/805
f 908/212/806 2064/212/806 2063/218/806
f 142/112/492 1298/112/492 1297/110/492
f 467/242/188 1623/242/188 1622/244/188
f 759/366/156 1915/366/156 1914/368/156
f 150/117/496 1306/117/496 1305/119/496
f 672/469/807 1828/469/807 1827/468/807
f 767/377/159 1923/377/159 1922/375/159
f 286/123/808 1442/123/808 1441/124/808
f 664/461/809 1820/461/809 1819/473/809
f 246/134/15 1402/134/15 1401/76/15
f 656/481/810 1812/481/810 1811/482/810
f 703/381/166 1859/381/166 1858/387/166
f 956/227/15 2112/227/15 2111/226/15
f 245/76/208 1401/76/208 1455/22/208
f 387/251/197 1543/251/197 1542/248/197
f 1052/235/811 2208/235/682 2207/237/682
f 459/255/199 1615/255/199 1614/257/199
f 751/388/812 1907/388/812 1906/390/812
f 278/137/813 1434/137/813 1433/138/813
f 323/266/202 1479/266/202 1478/270/202
f 600/488/814 1756/488/814 1755/485/814
f 727/402/175 1883/402/175 1882/399/175
f 964/240/690 2120/240/690 2119/238/690
f 294/146/815 1450/146/815 1449/144/815
f 443/278/205 1599/278/205 1598/275/205
f 648/494/816 1804/494/816 1803/496/816
f 1044/249/692 2200/249/692 2199/250/692
f 695/403/182 1851/403/182 1850/405/182
f 270/154/817 1426/154/817 1425/153/817
f 307/285/212 1463/285/212 1462/282/212
f 1020/261/696 2176/261/697 2175/259/697
f 679/413/186 1835/413/186 1834/410/186
f 315/295/218 1471/295/218 1470/297/218
f 632/514/818 1788/514/818 1787/512/818
f 262/159/819 1418/159/819 1417/158/819
f 608/515/820 1764/515/820 1763/508/820
f 687/426/192 1843/426/192 1842/425/192
f 451/293/224 1607/293/224 1606/302/224
f 640/517/821 1796/517/821 1795/520/821
f 884/271/822 2040/271/822 2039/268/822
f 254/171/823 1410/171/823 1409/170/823
f 624/525/824 1780/525/824 1779/527/824
f 972/272/825 2128/272/825 2127/260/825
f 342/184/283 1498/184/283 1497/182/283
f 616/536/826 1772/536/826 1771/537/826
f 743/434/198 1899/434/198 1898/436/198
f 1036/267/706 2192/267/706 2191/273/706
