# Blender 4.4.1
# www.blender.org
mtllib Gameclear.mtl
o テキスト.001
v 2.598000 0.000000 -0.111000
v 2.589887 0.000000 -0.110450
v 2.582097 0.000000 -0.108847
v 2.574703 0.000000 -0.106266
v 2.567778 0.000000 -0.102778
v 2.561394 0.000000 -0.098457
v 2.555625 0.000000 -0.093375
v 2.550544 0.000000 -0.087606
v 2.546222 0.000000 -0.081222
v 2.542735 0.000000 -0.074297
v 2.540153 0.000000 -0.066903
v 2.538551 0.000000 -0.059113
v 2.538000 0.000000 -0.051000
v 2.538550 0.000000 -0.042887
v 2.540153 0.000000 -0.035097
v 2.542734 0.000000 -0.027703
v 2.546222 0.000000 -0.020778
v 2.550543 0.000000 -0.014394
v 2.555625 0.000000 -0.008625
v 2.561394 0.000000 -0.003543
v 2.567778 0.000000 0.000778
v 2.574703 0.000000 0.004266
v 2.582097 0.000000 0.006847
v 2.589887 0.000000 0.008450
v 2.598000 0.000000 0.009000
v 2.606113 0.000000 0.008450
v 2.613903 0.000000 0.006847
v 2.621297 0.000000 0.004266
v 2.628222 0.000000 0.000778
v 2.634606 0.000000 -0.003543
v 2.640375 0.000000 -0.008625
v 2.645457 0.000000 -0.014394
v 2.649778 0.000000 -0.020778
v 2.653265 0.000000 -0.027703
v 2.655847 0.000000 -0.035097
v 2.657449 0.000000 -0.042887
v 2.658000 0.000000 -0.051000
v 2.657450 0.000000 -0.059113
v 2.655848 0.000000 -0.066903
v 2.653266 0.000000 -0.074297
v 2.649778 0.000000 -0.081222
v 2.645457 0.000000 -0.087606
v 2.640375 0.000000 -0.093375
v 2.634606 0.000000 -0.098457
v 2.628223 0.000000 -0.102778
v 2.621297 0.000000 -0.106266
v 2.613903 0.000000 -0.108847
v 2.606113 0.000000 -0.110450
v 2.541000 0.000000 -0.543000
v 2.541042 0.000000 -0.532167
v 2.541167 0.000000 -0.521671
v 2.541375 0.000000 -0.511516
v 2.541667 0.000000 -0.501704
v 2.542042 0.000000 -0.492239
v 2.542500 0.000000 -0.483125
v 2.543042 0.000000 -0.474365
v 2.543667 0.000000 -0.465963
v 2.544375 0.000000 -0.457922
v 2.545166 0.000000 -0.450245
v 2.546041 0.000000 -0.442937
v 2.547000 0.000000 -0.436000
v 2.572000 0.000000 -0.264000
v 2.573504 0.000000 -0.253517
v 2.575032 0.000000 -0.244056
v 2.576609 0.000000 -0.235594
v 2.578259 0.000000 -0.228111
v 2.580006 0.000000 -0.221587
v 2.581875 0.000000 -0.216000
v 2.583889 0.000000 -0.211330
v 2.586074 0.000000 -0.207556
v 2.588453 0.000000 -0.204656
v 2.591051 0.000000 -0.202611
v 2.593891 0.000000 -0.201399
v 2.597000 0.000000 -0.201000
v 2.600108 0.000000 -0.201399
v 2.602949 0.000000 -0.202611
v 2.605547 0.000000 -0.204656
v 2.607926 0.000000 -0.207556
v 2.610111 0.000000 -0.211330
v 2.612125 0.000000 -0.216000
v 2.613994 0.000000 -0.221587
v 2.615741 0.000000 -0.228111
v 2.617391 0.000000 -0.235594
v 2.618968 0.000000 -0.244056
v 2.620496 0.000000 -0.253517
v 2.622000 0.000000 -0.264000
v 2.647000 0.000000 -0.436000
v 2.647958 0.000000 -0.442937
v 2.648833 0.000000 -0.450245
v 2.649625 0.000000 -0.457922
v 2.650333 0.000000 -0.465963
v 2.650958 0.000000 -0.474365
v 2.651500 0.000000 -0.483125
v 2.651958 0.000000 -0.492239
v 2.652333 0.000000 -0.501704
v 2.652625 0.000000 -0.511516
v 2.652833 0.000000 -0.521671
v 2.652958 0.000000 -0.532167
v 2.653000 0.000000 -0.543000
v 2.652624 0.000000 -0.566709
v 2.651491 0.000000 -0.588338
v 2.649594 0.000000 -0.607891
v 2.646926 0.000000 -0.625370
v 2.643480 0.000000 -0.640781
v 2.639250 0.000000 -0.654125
v 2.634228 0.000000 -0.665407
v 2.628407 0.000000 -0.674630
v 2.621781 0.000000 -0.681797
v 2.614342 0.000000 -0.686912
v 2.606084 0.000000 -0.689979
v 2.597000 0.000000 -0.691000
v 2.587916 0.000000 -0.689979
v 2.579658 0.000000 -0.686912
v 2.572219 0.000000 -0.681797
v 2.565593 0.000000 -0.674630
v 2.559772 0.000000 -0.665407
v 2.554750 0.000000 -0.654125
v 2.550520 0.000000 -0.640781
v 2.547074 0.000000 -0.625370
v 2.544406 0.000000 -0.607891
v 2.542509 0.000000 -0.588338
v 2.541376 0.000000 -0.566709
v 2.327000 0.000000 -0.111000
v 2.318887 0.000000 -0.110450
v 2.311097 0.000000 -0.108847
v 2.303703 0.000000 -0.106266
v 2.296778 0.000000 -0.102778
v 2.290394 0.000000 -0.098457
v 2.284625 0.000000 -0.093375
v 2.279544 0.000000 -0.087606
v 2.275223 0.000000 -0.081222
v 2.271735 0.000000 -0.074297
v 2.269153 0.000000 -0.066903
v 2.267551 0.000000 -0.059113
v 2.267000 0.000000 -0.051000
v 2.267550 0.000000 -0.042887
v 2.269153 0.000000 -0.035097
v 2.271734 0.000000 -0.027703
v 2.275222 0.000000 -0.020778
v 2.279543 0.000000 -0.014394
v 2.284625 0.000000 -0.008625
v 2.290394 0.000000 -0.003543
v 2.296778 0.000000 0.000778
v 2.303703 0.000000 0.004266
v 2.311097 0.000000 0.006847
v 2.318887 0.000000 0.008450
v 2.327000 0.000000 0.009000
v 2.335113 0.000000 0.008450
v 2.342903 0.000000 0.006847
v 2.350297 0.000000 0.004266
v 2.357222 0.000000 0.000778
v 2.363606 0.000000 -0.003543
v 2.369375 0.000000 -0.008625
v 2.374457 0.000000 -0.014394
v 2.378778 0.000000 -0.020778
v 2.382266 0.000000 -0.027703
v 2.384847 0.000000 -0.035097
v 2.386450 0.000000 -0.042887
v 2.387000 0.000000 -0.051000
v 2.386450 0.000000 -0.059113
v 2.384848 0.000000 -0.066903
v 2.382266 0.000000 -0.074297
v 2.378778 0.000000 -0.081222
v 2.374457 0.000000 -0.087606
v 2.369375 0.000000 -0.093375
v 2.363606 0.000000 -0.098457
v 2.357223 0.000000 -0.102778
v 2.350297 0.000000 -0.106266
v 2.342903 0.000000 -0.108847
v 2.335114 0.000000 -0.110450
v 2.270000 0.000000 -0.543000
v 2.270042 0.000000 -0.532167
v 2.270167 0.000000 -0.521671
v 2.270375 0.000000 -0.511516
v 2.270667 0.000000 -0.501704
v 2.271042 0.000000 -0.492239
v 2.271500 0.000000 -0.483125
v 2.272042 0.000000 -0.474365
v 2.272667 0.000000 -0.465963
v 2.273375 0.000000 -0.457922
v 2.274167 0.000000 -0.450245
v 2.275042 0.000000 -0.442937
v 2.276000 0.000000 -0.436000
v 2.301000 0.000000 -0.264000
v 2.302504 0.000000 -0.253517
v 2.304032 0.000000 -0.244056
v 2.305609 0.000000 -0.235594
v 2.307259 0.000000 -0.228111
v 2.309006 0.000000 -0.221587
v 2.310875 0.000000 -0.216000
v 2.312889 0.000000 -0.211330
v 2.315074 0.000000 -0.207556
v 2.317453 0.000000 -0.204656
v 2.320051 0.000000 -0.202611
v 2.322891 0.000000 -0.201399
v 2.326000 0.000000 -0.201000
v 2.329108 0.000000 -0.201399
v 2.331949 0.000000 -0.202611
v 2.334547 0.000000 -0.204656
v 2.336926 0.000000 -0.207556
v 2.339111 0.000000 -0.211330
v 2.341125 0.000000 -0.216000
v 2.342994 0.000000 -0.221587
v 2.344741 0.000000 -0.228111
v 2.346391 0.000000 -0.235594
v 2.347968 0.000000 -0.244056
v 2.349496 0.000000 -0.253517
v 2.351000 0.000000 -0.264000
v 2.376000 0.000000 -0.436000
v 2.376958 0.000000 -0.442937
v 2.377833 0.000000 -0.450245
v 2.378625 0.000000 -0.457922
v 2.379333 0.000000 -0.465963
v 2.379958 0.000000 -0.474365
v 2.380500 0.000000 -0.483125
v 2.380958 0.000000 -0.492239
v 2.381333 0.000000 -0.501704
v 2.381625 0.000000 -0.511516
v 2.381833 0.000000 -0.521671
v 2.381958 0.000000 -0.532167
v 2.382000 0.000000 -0.543000
v 2.381624 0.000000 -0.566709
v 2.380491 0.000000 -0.588338
v 2.378594 0.000000 -0.607891
v 2.375926 0.000000 -0.625370
v 2.372480 0.000000 -0.640781
v 2.368250 0.000000 -0.654125
v 2.363228 0.000000 -0.665407
v 2.357407 0.000000 -0.674630
v 2.350781 0.000000 -0.681797
v 2.343343 0.000000 -0.686912
v 2.335084 0.000000 -0.689979
v 2.326000 0.000000 -0.691000
v 2.316916 0.000000 -0.689979
v 2.308658 0.000000 -0.686912
v 2.301219 0.000000 -0.681797
v 2.294593 0.000000 -0.674630
v 2.288772 0.000000 -0.665407
v 2.283750 0.000000 -0.654125
v 2.279520 0.000000 -0.640781
v 2.276074 0.000000 -0.625370
v 2.273407 0.000000 -0.607891
v 2.271509 0.000000 -0.588338
v 2.270376 0.000000 -0.566709
v 1.864000 0.000000 -0.449000
v 1.864000 0.000000 0.000000
v 1.953000 0.000000 0.000000
v 1.953000 0.000000 -0.235000
v 1.953980 0.000000 -0.253891
v 1.956838 0.000000 -0.271958
v 1.961454 0.000000 -0.289047
v 1.967704 0.000000 -0.305000
v 1.975469 0.000000 -0.319661
v 1.984625 0.000000 -0.332875
v 1.995053 0.000000 -0.344484
v 2.006630 0.000000 -0.354333
v 2.019235 0.000000 -0.362266
v 2.032746 0.000000 -0.368125
v 2.047042 0.000000 -0.371755
v 2.062000 0.000000 -0.373000
v 2.067529 0.000000 -0.372631
v 2.073565 0.000000 -0.371546
v 2.080031 0.000000 -0.369781
v 2.086852 0.000000 -0.367370
v 2.093951 0.000000 -0.364348
v 2.101250 0.000000 -0.360750
v 2.108675 0.000000 -0.356610
v 2.116148 0.000000 -0.351963
v 2.123594 0.000000 -0.346844
v 2.130935 0.000000 -0.341287
v 2.138096 0.000000 -0.335328
v 2.145000 0.000000 -0.329000
v 2.192000 0.000000 -0.406000
v 2.182810 0.000000 -0.414376
v 2.173727 0.000000 -0.422005
v 2.164735 0.000000 -0.428891
v 2.155815 0.000000 -0.435037
v 2.146951 0.000000 -0.440447
v 2.138126 0.000000 -0.445125
v 2.129321 0.000000 -0.449074
v 2.120519 0.000000 -0.452296
v 2.111704 0.000000 -0.454797
v 2.102857 0.000000 -0.456579
v 2.093962 0.000000 -0.457645
v 2.085000 0.000000 -0.458000
v 2.074479 0.000000 -0.457305
v 2.063912 0.000000 -0.455190
v 2.053297 0.000000 -0.451609
v 2.042630 0.000000 -0.446519
v 2.031907 0.000000 -0.439872
v 2.021125 0.000000 -0.431625
v 2.010281 0.000000 -0.421732
v 1.999371 0.000000 -0.410148
v 1.988391 0.000000 -0.396828
v 1.977338 0.000000 -0.381727
v 1.966209 0.000000 -0.364799
v 1.955000 0.000000 -0.346000
v 1.953000 0.000000 -0.346000
v 1.953000 0.000000 -0.449000
v 1.779000 0.000000 -0.080000
v 1.774046 0.000000 -0.076377
v 1.769199 0.000000 -0.073014
v 1.764485 0.000000 -0.069922
v 1.759926 0.000000 -0.067111
v 1.755548 0.000000 -0.064592
v 1.751375 0.000000 -0.062375
v 1.747431 0.000000 -0.060470
v 1.743741 0.000000 -0.058889
v 1.740328 0.000000 -0.057641
v 1.737218 0.000000 -0.056736
v 1.734434 0.000000 -0.056186
v 1.732000 0.000000 -0.056000
v 1.729355 0.000000 -0.056128
v 1.726922 0.000000 -0.056523
v 1.724704 0.000000 -0.057203
v 1.722704 0.000000 -0.058185
v 1.720927 0.000000 -0.059487
v 1.719375 0.000000 -0.061125
v 1.718053 0.000000 -0.063117
v 1.716963 0.000000 -0.065481
v 1.716110 0.000000 -0.068234
v 1.715496 0.000000 -0.071394
v 1.715125 0.000000 -0.074976
v 1.715000 0.000000 -0.079000
v 1.715000 0.000000 -0.310000
v 1.713531 0.000000 -0.334339
v 1.709246 0.000000 -0.356380
v 1.702328 0.000000 -0.376156
v 1.692963 0.000000 -0.393704
v 1.681334 0.000000 -0.409057
v 1.667625 0.000000 -0.422250
v 1.652020 0.000000 -0.433318
v 1.634704 0.000000 -0.442296
v 1.615859 0.000000 -0.449219
v 1.595671 0.000000 -0.454120
v 1.574324 0.000000 -0.457036
v 1.552000 0.000000 -0.458000
v 1.536083 0.000000 -0.457583
v 1.520824 0.000000 -0.456329
v 1.506219 0.000000 -0.454234
v 1.492260 0.000000 -0.451296
v 1.478939 0.000000 -0.447511
v 1.466250 0.000000 -0.442875
v 1.454187 0.000000 -0.437385
v 1.442741 0.000000 -0.431037
v 1.431907 0.000000 -0.423828
v 1.421676 0.000000 -0.415755
v 1.412043 0.000000 -0.406813
v 1.403000 0.000000 -0.397000
v 1.403000 0.000000 -0.300000
v 1.413891 0.000000 -0.312170
v 1.425047 0.000000 -0.323190
v 1.436438 0.000000 -0.333078
v 1.448037 0.000000 -0.341852
v 1.459817 0.000000 -0.349528
v 1.471750 0.000000 -0.356125
v 1.483808 0.000000 -0.361659
v 1.495963 0.000000 -0.366148
v 1.508188 0.000000 -0.369609
v 1.520454 0.000000 -0.372060
v 1.532734 0.000000 -0.373518
v 1.545000 0.000000 -0.374000
v 1.557938 0.000000 -0.373515
v 1.569750 0.000000 -0.372037
v 1.580438 0.000000 -0.369531
v 1.590000 0.000000 -0.365963
v 1.598438 0.000000 -0.361297
v 1.605750 0.000000 -0.355500
v 1.611938 0.000000 -0.348536
v 1.617000 0.000000 -0.340370
v 1.620938 0.000000 -0.330969
v 1.623750 0.000000 -0.320296
v 1.625438 0.000000 -0.308318
v 1.626000 0.000000 -0.295000
v 1.626000 0.000000 -0.271000
v 1.547000 0.000000 -0.243000
v 1.528865 0.000000 -0.236444
v 1.510667 0.000000 -0.229634
v 1.492719 0.000000 -0.222359
v 1.475334 0.000000 -0.214407
v 1.458823 0.000000 -0.205567
v 1.443500 0.000000 -0.195625
v 1.429677 0.000000 -0.184371
v 1.417667 0.000000 -0.171593
v 1.407782 0.000000 -0.157078
v 1.400334 0.000000 -0.140616
v 1.395636 0.000000 -0.121994
v 1.394000 0.000000 -0.101000
v 1.394904 0.000000 -0.086652
v 1.397565 0.000000 -0.072713
v 1.401907 0.000000 -0.059344
v 1.407852 0.000000 -0.046704
v 1.415326 0.000000 -0.034953
v 1.424250 0.000000 -0.024250
v 1.434550 0.000000 -0.014756
v 1.446148 0.000000 -0.006630
v 1.458969 0.000000 -0.000031
v 1.472935 0.000000 0.004880
v 1.487971 0.000000 0.007943
v 1.504000 0.000000 0.009000
v 1.514249 0.000000 0.008687
v 1.524491 0.000000 0.007745
v 1.534719 0.000000 0.006172
v 1.544926 0.000000 0.003963
v 1.555106 0.000000 0.001115
v 1.565250 0.000000 -0.002375
v 1.575353 0.000000 -0.006511
v 1.585408 0.000000 -0.011296
v 1.595407 0.000000 -0.016734
v 1.605343 0.000000 -0.022829
v 1.615210 0.000000 -0.029583
v 1.625000 0.000000 -0.037000
v 1.627274 0.000000 -0.029373
v 1.630107 0.000000 -0.022481
v 1.633516 0.000000 -0.016312
v 1.637519 0.000000 -0.010852
v 1.642133 0.000000 -0.006086
v 1.647375 0.000000 -0.002000
v 1.653264 0.000000 0.001419
v 1.659815 0.000000 0.004185
v 1.667047 0.000000 0.006313
v 1.674977 0.000000 0.007815
v 1.683622 0.000000 0.008706
v 1.693000 0.000000 0.009000
v 1.699791 0.000000 0.008827
v 1.706246 0.000000 0.008282
v 1.712485 0.000000 0.007328
v 1.718630 0.000000 0.005926
v 1.724803 0.000000 0.004038
v 1.731125 0.000000 0.001625
v 1.737718 0.000000 -0.001350
v 1.744704 0.000000 -0.004926
v 1.752203 0.000000 -0.009141
v 1.760338 0.000000 -0.014032
v 1.769230 0.000000 -0.019639
v 1.779000 0.000000 -0.026000
v 1.626000 0.000000 -0.091000
v 1.619959 0.000000 -0.085440
v 1.613834 0.000000 -0.080273
v 1.607625 0.000000 -0.075516
v 1.601334 0.000000 -0.071185
v 1.594959 0.000000 -0.067299
v 1.588500 0.000000 -0.063875
v 1.581959 0.000000 -0.060930
v 1.575334 0.000000 -0.058481
v 1.568626 0.000000 -0.056547
v 1.561834 0.000000 -0.055144
v 1.554959 0.000000 -0.054289
v 1.548000 0.000000 -0.054000
v 1.538968 0.000000 -0.054533
v 1.530412 0.000000 -0.056097
v 1.522391 0.000000 -0.058641
v 1.514963 0.000000 -0.062111
v 1.508188 0.000000 -0.066457
v 1.502125 0.000000 -0.071625
v 1.496833 0.000000 -0.077564
v 1.492370 0.000000 -0.084222
v 1.488797 0.000000 -0.091547
v 1.486171 0.000000 -0.099486
v 1.484553 0.000000 -0.107988
v 1.484000 0.000000 -0.117000
v 1.485343 0.000000 -0.129703
v 1.489241 0.000000 -0.141375
v 1.495500 0.000000 -0.152109
v 1.503926 0.000000 -0.162000
v 1.514324 0.000000 -0.171141
v 1.526500 0.000000 -0.179625
v 1.540259 0.000000 -0.187547
v 1.555408 0.000000 -0.195000
v 1.571750 0.000000 -0.202078
v 1.589093 0.000000 -0.208875
v 1.607241 0.000000 -0.215484
v 1.626000 0.000000 -0.222000
v 1.327000 0.000000 -0.130000
v 1.314019 0.000000 -0.121795
v 1.301065 0.000000 -0.114194
v 1.288125 0.000000 -0.107219
v 1.275185 0.000000 -0.100889
v 1.262232 0.000000 -0.095226
v 1.249250 0.000000 -0.090250
v 1.236227 0.000000 -0.085983
v 1.223148 0.000000 -0.082444
v 1.210000 0.000000 -0.079656
v 1.196769 0.000000 -0.077639
v 1.183440 0.000000 -0.076413
v 1.170000 0.000000 -0.076000
v 1.149230 0.000000 -0.076957
v 1.129926 0.000000 -0.079819
v 1.112094 0.000000 -0.084578
v 1.095741 0.000000 -0.091222
v 1.080874 0.000000 -0.099741
v 1.067500 0.000000 -0.110125
v 1.055626 0.000000 -0.122363
v 1.045259 0.000000 -0.136444
v 1.036406 0.000000 -0.152359
v 1.029074 0.000000 -0.170097
v 1.023270 0.000000 -0.189648
v 1.019000 0.000000 -0.211000
v 1.335000 0.000000 -0.211000
v 1.333436 0.000000 -0.250731
v 1.328820 0.000000 -0.286935
v 1.321266 0.000000 -0.319625
v 1.310889 0.000000 -0.348815
v 1.297804 0.000000 -0.374519
v 1.282125 0.000000 -0.396750
v 1.263967 0.000000 -0.415523
v 1.243445 0.000000 -0.430852
v 1.220672 0.000000 -0.442750
v 1.195764 0.000000 -0.451232
v 1.168836 0.000000 -0.456310
v 1.140000 0.000000 -0.458000
v 1.109820 0.000000 -0.456111
v 1.081389 0.000000 -0.450556
v 1.054875 0.000000 -0.441500
v 1.030445 0.000000 -0.429111
v 1.008264 0.000000 -0.413556
v 0.988500 0.000000 -0.395000
v 0.971320 0.000000 -0.373611
v 0.956889 0.000000 -0.349556
v 0.945375 0.000000 -0.323000
v 0.936945 0.000000 -0.294111
v 0.931764 0.000000 -0.263056
v 0.930000 0.000000 -0.230000
v 0.931616 0.000000 -0.199249
v 0.936426 0.000000 -0.169241
v 0.944375 0.000000 -0.140344
v 0.955408 0.000000 -0.112926
v 0.969468 0.000000 -0.087355
v 0.986500 0.000000 -0.064000
v 1.006449 0.000000 -0.043228
v 1.029259 0.000000 -0.025407
v 1.054875 0.000000 -0.010906
v 1.083241 0.000000 -0.000093
v 1.114301 0.000000 0.006665
v 1.148000 0.000000 0.009000
v 1.166456 0.000000 0.008645
v 1.183898 0.000000 0.007574
v 1.200438 0.000000 0.005781
v 1.216185 0.000000 0.003259
v 1.231252 0.000000 0.000001
v 1.245750 0.000000 -0.004000
v 1.259789 0.000000 -0.008751
v 1.273482 0.000000 -0.014259
v 1.286938 0.000000 -0.020531
v 1.300269 0.000000 -0.027574
v 1.313586 0.000000 -0.035395
v 1.327000 0.000000 -0.044000
v 1.021000 0.000000 -0.270000
v 1.024603 0.000000 -0.287099
v 1.029408 0.000000 -0.302875
v 1.035406 0.000000 -0.317297
v 1.042593 0.000000 -0.330333
v 1.050960 0.000000 -0.341953
v 1.060500 0.000000 -0.352125
v 1.071207 0.000000 -0.360818
v 1.083074 0.000000 -0.368000
v 1.096094 0.000000 -0.373641
v 1.110259 0.000000 -0.377708
v 1.125564 0.000000 -0.380172
v 1.142000 0.000000 -0.381000
v 1.157243 0.000000 -0.380115
v 1.171445 0.000000 -0.377500
v 1.184563 0.000000 -0.373219
v 1.196556 0.000000 -0.367333
v 1.207382 0.000000 -0.359906
v 1.217000 0.000000 -0.351000
v 1.225368 0.000000 -0.340677
v 1.232445 0.000000 -0.329000
v 1.238188 0.000000 -0.316031
v 1.242556 0.000000 -0.301833
v 1.245507 0.000000 -0.286469
v 1.247000 0.000000 -0.270000
v 0.824000 0.000000 -0.682000
v 0.735000 0.000000 -0.682000
v 0.735000 0.000000 0.000000
v 0.824000 0.000000 0.000000
v 0.618000 0.000000 -0.635000
v 0.595196 0.000000 -0.644295
v 0.573236 0.000000 -0.652690
v 0.552047 0.000000 -0.660203
v 0.531556 0.000000 -0.666852
v 0.511689 0.000000 -0.672653
v 0.492375 0.000000 -0.677625
v 0.473540 0.000000 -0.681784
v 0.455111 0.000000 -0.685148
v 0.437016 0.000000 -0.687734
v 0.419181 0.000000 -0.689560
v 0.401533 0.000000 -0.690643
v 0.384000 0.000000 -0.691000
v 0.331056 0.000000 -0.687889
v 0.280949 0.000000 -0.678778
v 0.234016 0.000000 -0.664000
v 0.190593 0.000000 -0.643889
v 0.151017 0.000000 -0.618778
v 0.115625 0.000000 -0.589000
v 0.084754 0.000000 -0.554889
v 0.058741 0.000000 -0.516778
v 0.037922 0.000000 -0.475000
v 0.022634 0.000000 -0.429889
v 0.013215 0.000000 -0.381778
v 0.010000 0.000000 -0.331000
v 0.012352 0.000000 -0.294270
v 0.019482 0.000000 -0.256162
v 0.031500 0.000000 -0.217547
v 0.048519 0.000000 -0.179296
v 0.070648 0.000000 -0.142282
v 0.098000 0.000000 -0.107375
v 0.130685 0.000000 -0.075447
v 0.168815 0.000000 -0.047370
v 0.212500 0.000000 -0.024016
v 0.261852 0.000000 -0.006255
v 0.316982 0.000000 0.005041
v 0.378000 0.000000 0.009000
v 0.404058 0.000000 0.008488
v 0.428796 0.000000 0.006986
v 0.452313 0.000000 0.004547
v 0.474704 0.000000 0.001222
v 0.496067 0.000000 -0.002936
v 0.516500 0.000000 -0.007875
v 0.536100 0.000000 -0.013543
v 0.554963 0.000000 -0.019889
v 0.573188 0.000000 -0.026859
v 0.590871 0.000000 -0.034403
v 0.608109 0.000000 -0.042467
v 0.625000 0.000000 -0.051000
v 0.625000 0.000000 -0.158000
v 0.605612 0.000000 -0.145981
v 0.585982 0.000000 -0.134935
v 0.566156 0.000000 -0.124875
v 0.546185 0.000000 -0.115815
v 0.526117 0.000000 -0.107769
v 0.506000 0.000000 -0.100750
v 0.485883 0.000000 -0.094773
v 0.465815 0.000000 -0.089852
v 0.445844 0.000000 -0.086000
v 0.426019 0.000000 -0.083232
v 0.406388 0.000000 -0.081560
v 0.387000 0.000000 -0.081000
v 0.347118 0.000000 -0.083174
v 0.309611 0.000000 -0.089560
v 0.274688 0.000000 -0.099953
v 0.242556 0.000000 -0.114148
v 0.213424 0.000000 -0.131940
v 0.187500 0.000000 -0.153125
v 0.164993 0.000000 -0.177497
v 0.146111 0.000000 -0.204852
v 0.131063 0.000000 -0.234984
v 0.120056 0.000000 -0.267690
v 0.113299 0.000000 -0.302763
v 0.111000 0.000000 -0.340000
v 0.113373 0.000000 -0.376646
v 0.120315 0.000000 -0.411417
v 0.131563 0.000000 -0.444063
v 0.146852 0.000000 -0.474333
v 0.165919 0.000000 -0.501979
v 0.188500 0.000000 -0.526750
v 0.214331 0.000000 -0.548396
v 0.243148 0.000000 -0.566667
v 0.274688 0.000000 -0.581313
v 0.308685 0.000000 -0.592083
v 0.344877 0.000000 -0.598729
v 0.383000 0.000000 -0.601000
v 0.402615 0.000000 -0.600539
v 0.422005 0.000000 -0.599144
v 0.441234 0.000000 -0.596797
v 0.460370 0.000000 -0.593482
v 0.479479 0.000000 -0.589180
v 0.498625 0.000000 -0.583875
v 0.517876 0.000000 -0.577549
v 0.537296 0.000000 -0.570185
v 0.556953 0.000000 -0.561766
v 0.576912 0.000000 -0.552273
v 0.597239 0.000000 -0.541691
v 0.618000 0.000000 -0.530000
v -0.357000 0.000000 -0.130000
v -0.369981 0.000000 -0.121795
v -0.382935 0.000000 -0.114194
v -0.395875 0.000000 -0.107219
v -0.408815 0.000000 -0.100889
v -0.421768 0.000000 -0.095226
v -0.434750 0.000000 -0.090250
v -0.447773 0.000000 -0.085983
v -0.460852 0.000000 -0.082444
v -0.474000 0.000000 -0.079656
v -0.487231 0.000000 -0.077639
v -0.500560 0.000000 -0.076413
v -0.514000 0.000000 -0.076000
v -0.534770 0.000000 -0.076957
v -0.554074 0.000000 -0.079819
v -0.571906 0.000000 -0.084578
v -0.588259 0.000000 -0.091222
v -0.603126 0.000000 -0.099741
v -0.616500 0.000000 -0.110125
v -0.628374 0.000000 -0.122363
v -0.638741 0.000000 -0.136444
v -0.647594 0.000000 -0.152359
v -0.654926 0.000000 -0.170097
v -0.660730 0.000000 -0.189648
v -0.665000 0.000000 -0.211000
v -0.349000 0.000000 -0.211000
v -0.350564 0.000000 -0.250731
v -0.355181 0.000000 -0.286935
v -0.362734 0.000000 -0.319625
v -0.373111 0.000000 -0.348815
v -0.386196 0.000000 -0.374519
v -0.401875 0.000000 -0.396750
v -0.420033 0.000000 -0.415523
v -0.440556 0.000000 -0.430852
v -0.463328 0.000000 -0.442750
v -0.488236 0.000000 -0.451232
v -0.515165 0.000000 -0.456310
v -0.544000 0.000000 -0.458000
v -0.574180 0.000000 -0.456111
v -0.602611 0.000000 -0.450556
v -0.629125 0.000000 -0.441500
v -0.653556 0.000000 -0.429111
v -0.675736 0.000000 -0.413556
v -0.695500 0.000000 -0.395000
v -0.712681 0.000000 -0.373611
v -0.727111 0.000000 -0.349556
v -0.738625 0.000000 -0.323000
v -0.747056 0.000000 -0.294111
v -0.752236 0.000000 -0.263056
v -0.754000 0.000000 -0.230000
v -0.752384 0.000000 -0.199249
v -0.747574 0.000000 -0.169241
v -0.739625 0.000000 -0.140344
v -0.728593 0.000000 -0.112926
v -0.714532 0.000000 -0.087355
v -0.697500 0.000000 -0.064000
v -0.677551 0.000000 -0.043228
v -0.654741 0.000000 -0.025407
v -0.629125 0.000000 -0.010906
v -0.600759 0.000000 -0.000093
v -0.569699 0.000000 0.006665
v -0.536000 0.000000 0.009000
v -0.517544 0.000000 0.008645
v -0.500102 0.000000 0.007574
v -0.483562 0.000000 0.005781
v -0.467815 0.000000 0.003259
v -0.452748 0.000000 0.000001
v -0.438250 0.000000 -0.004000
v -0.424211 0.000000 -0.008751
v -0.410518 0.000000 -0.014259
v -0.397062 0.000000 -0.020531
v -0.383731 0.000000 -0.027574
v -0.370414 0.000000 -0.035395
v -0.357000 0.000000 -0.044000
v -0.663000 0.000000 -0.270000
v -0.659397 0.000000 -0.287099
v -0.654593 0.000000 -0.302875
v -0.648594 0.000000 -0.317297
v -0.641407 0.000000 -0.330333
v -0.633040 0.000000 -0.341953
v -0.623500 0.000000 -0.352125
v -0.612793 0.000000 -0.360818
v -0.600926 0.000000 -0.368000
v -0.587906 0.000000 -0.373641
v -0.573741 0.000000 -0.377708
v -0.558436 0.000000 -0.380172
v -0.542000 0.000000 -0.381000
v -0.526757 0.000000 -0.380115
v -0.512555 0.000000 -0.377500
v -0.499437 0.000000 -0.373219
v -0.487444 0.000000 -0.367333
v -0.476618 0.000000 -0.359906
v -0.467000 0.000000 -0.351000
v -0.458632 0.000000 -0.340677
v -0.451556 0.000000 -0.329000
v -0.445812 0.000000 -0.316031
v -0.441444 0.000000 -0.301833
v -0.438493 0.000000 -0.286469
v -0.437000 0.000000 -0.270000
v -1.507000 0.000000 -0.449000
v -1.507000 0.000000 0.000000
v -1.418000 0.000000 0.000000
v -1.418000 0.000000 -0.326000
v -1.408883 0.000000 -0.336155
v -1.399981 0.000000 -0.345153
v -1.391219 0.000000 -0.353047
v -1.382519 0.000000 -0.359889
v -1.373804 0.000000 -0.365731
v -1.365000 0.000000 -0.370625
v -1.356029 0.000000 -0.374623
v -1.346815 0.000000 -0.377778
v -1.337281 0.000000 -0.380141
v -1.327352 0.000000 -0.381764
v -1.316950 0.000000 -0.382700
v -1.306000 0.000000 -0.383000
v -1.295163 0.000000 -0.382348
v -1.284722 0.000000 -0.380366
v -1.274781 0.000000 -0.377016
v -1.265444 0.000000 -0.372259
v -1.256816 0.000000 -0.366058
v -1.249000 0.000000 -0.358375
v -1.242101 0.000000 -0.349171
v -1.236222 0.000000 -0.338407
v -1.231469 0.000000 -0.326047
v -1.227944 0.000000 -0.312051
v -1.225753 0.000000 -0.296381
v -1.225000 0.000000 -0.279000
v -1.225000 0.000000 0.000000
v -1.136000 0.000000 0.000000
v -1.136000 0.000000 -0.326000
v -1.127864 0.000000 -0.334073
v -1.119495 0.000000 -0.341750
v -1.110953 0.000000 -0.348969
v -1.102296 0.000000 -0.355667
v -1.093584 0.000000 -0.361781
v -1.084875 0.000000 -0.367250
v -1.076228 0.000000 -0.372010
v -1.067704 0.000000 -0.376000
v -1.059359 0.000000 -0.379156
v -1.051255 0.000000 -0.381417
v -1.043449 0.000000 -0.382719
v -1.036000 0.000000 -0.383000
v -1.023457 0.000000 -0.382233
v -1.011403 0.000000 -0.379944
v -0.999953 0.000000 -0.376156
v -0.989222 0.000000 -0.370889
v -0.979325 0.000000 -0.364163
v -0.970375 0.000000 -0.356000
v -0.962488 0.000000 -0.346420
v -0.955778 0.000000 -0.335444
v -0.950359 0.000000 -0.323094
v -0.946347 0.000000 -0.309389
v -0.943856 0.000000 -0.294351
v -0.943000 0.000000 -0.278000
v -0.943000 0.000000 0.000000
v -0.854000 0.000000 0.000000
v -0.854000 0.000000 -0.282000
v -0.855194 0.000000 -0.307730
v -0.858718 0.000000 -0.331843
v -0.864484 0.000000 -0.354219
v -0.872407 0.000000 -0.374741
v -0.882400 0.000000 -0.393291
v -0.894375 0.000000 -0.409750
v -0.908246 0.000000 -0.424001
v -0.923926 0.000000 -0.435926
v -0.941328 0.000000 -0.445406
v -0.960366 0.000000 -0.452324
v -0.980952 0.000000 -0.456561
v -1.003000 0.000000 -0.458000
v -1.018651 0.000000 -0.457247
v -1.033625 0.000000 -0.455056
v -1.047953 0.000000 -0.451531
v -1.061667 0.000000 -0.446778
v -1.074797 0.000000 -0.440899
v -1.087375 0.000000 -0.434000
v -1.099432 0.000000 -0.426184
v -1.111000 0.000000 -0.417556
v -1.122109 0.000000 -0.408219
v -1.132792 0.000000 -0.398278
v -1.143078 0.000000 -0.387837
v -1.153000 0.000000 -0.377000
v -1.160850 0.000000 -0.389727
v -1.169384 0.000000 -0.401403
v -1.178578 0.000000 -0.412016
v -1.188407 0.000000 -0.421556
v -1.198848 0.000000 -0.430012
v -1.209875 0.000000 -0.437375
v -1.221465 0.000000 -0.443634
v -1.233593 0.000000 -0.448778
v -1.246234 0.000000 -0.452797
v -1.259366 0.000000 -0.455681
v -1.272962 0.000000 -0.457418
v -1.287000 0.000000 -0.458000
v -1.297522 0.000000 -0.457541
v -1.308093 0.000000 -0.456157
v -1.318719 0.000000 -0.453844
v -1.329407 0.000000 -0.450593
v -1.340166 0.000000 -0.446397
v -1.351000 0.000000 -0.441250
v -1.361918 0.000000 -0.435145
v -1.372926 0.000000 -0.428074
v -1.384031 0.000000 -0.420031
v -1.395241 0.000000 -0.411009
v -1.406561 0.000000 -0.401001
v -1.418000 0.000000 -0.390000
v -1.418000 0.000000 -0.449000
v -1.582000 0.000000 -0.080000
v -1.586954 0.000000 -0.076377
v -1.591801 0.000000 -0.073014
v -1.596516 0.000000 -0.069922
v -1.601074 0.000000 -0.067111
v -1.605452 0.000000 -0.064592
v -1.609625 0.000000 -0.062375
v -1.613569 0.000000 -0.060470
v -1.617259 0.000000 -0.058889
v -1.620672 0.000000 -0.057641
v -1.623783 0.000000 -0.056736
v -1.626567 0.000000 -0.056186
v -1.629000 0.000000 -0.056000
v -1.631645 0.000000 -0.056128
v -1.634079 0.000000 -0.056523
v -1.636297 0.000000 -0.057203
v -1.638296 0.000000 -0.058185
v -1.640073 0.000000 -0.059487
v -1.641625 0.000000 -0.061125
v -1.642947 0.000000 -0.063117
v -1.644037 0.000000 -0.065481
v -1.644890 0.000000 -0.068234
v -1.645504 0.000000 -0.071394
v -1.645875 0.000000 -0.074976
v -1.646000 0.000000 -0.079000
v -1.646000 0.000000 -0.310000
v -1.647469 0.000000 -0.334339
v -1.651755 0.000000 -0.356380
v -1.658672 0.000000 -0.376156
v -1.668037 0.000000 -0.393704
v -1.679666 0.000000 -0.409057
v -1.693375 0.000000 -0.422250
v -1.708980 0.000000 -0.433318
v -1.726297 0.000000 -0.442296
v -1.745141 0.000000 -0.449219
v -1.765329 0.000000 -0.454120
v -1.786677 0.000000 -0.457036
v -1.809000 0.000000 -0.458000
v -1.824918 0.000000 -0.457583
v -1.840176 0.000000 -0.456329
v -1.854781 0.000000 -0.454234
v -1.868741 0.000000 -0.451296
v -1.882061 0.000000 -0.447511
v -1.894750 0.000000 -0.442875
v -1.906814 0.000000 -0.437385
v -1.918259 0.000000 -0.431037
v -1.929094 0.000000 -0.423828
v -1.939324 0.000000 -0.415755
v -1.948957 0.000000 -0.406813
v -1.958000 0.000000 -0.397000
v -1.958000 0.000000 -0.300000
v -1.947109 0.000000 -0.312170
v -1.935954 0.000000 -0.323190
v -1.924563 0.000000 -0.333078
v -1.912963 0.000000 -0.341852
v -1.901183 0.000000 -0.349528
v -1.889250 0.000000 -0.356125
v -1.877192 0.000000 -0.361659
v -1.865037 0.000000 -0.366148
v -1.852813 0.000000 -0.369609
v -1.840546 0.000000 -0.372060
v -1.828266 0.000000 -0.373518
v -1.816000 0.000000 -0.374000
v -1.803063 0.000000 -0.373515
v -1.791250 0.000000 -0.372037
v -1.780563 0.000000 -0.369531
v -1.771000 0.000000 -0.365963
v -1.762563 0.000000 -0.361297
v -1.755250 0.000000 -0.355500
v -1.749063 0.000000 -0.348536
v -1.744000 0.000000 -0.340370
v -1.740063 0.000000 -0.330969
v -1.737250 0.000000 -0.320296
v -1.735563 0.000000 -0.308318
v -1.735000 0.000000 -0.295000
v -1.735000 0.000000 -0.271000
v -1.814000 0.000000 -0.243000
v -1.832135 0.000000 -0.236444
v -1.850333 0.000000 -0.229634
v -1.868281 0.000000 -0.222359
v -1.885667 0.000000 -0.214407
v -1.902177 0.000000 -0.205567
v -1.917500 0.000000 -0.195625
v -1.931323 0.000000 -0.184371
v -1.943333 0.000000 -0.171593
v -1.953219 0.000000 -0.157078
v -1.960667 0.000000 -0.140616
v -1.965365 0.000000 -0.121994
v -1.967000 0.000000 -0.101000
v -1.966096 0.000000 -0.086652
v -1.963435 0.000000 -0.072713
v -1.959094 0.000000 -0.059344
v -1.953148 0.000000 -0.046704
v -1.945675 0.000000 -0.034953
v -1.936750 0.000000 -0.024250
v -1.926450 0.000000 -0.014756
v -1.914852 0.000000 -0.006630
v -1.902031 0.000000 -0.000031
v -1.888065 0.000000 0.004880
v -1.873029 0.000000 0.007943
v -1.857000 0.000000 0.009000
v -1.846751 0.000000 0.008687
v -1.836509 0.000000 0.007745
v -1.826281 0.000000 0.006172
v -1.816074 0.000000 0.003963
v -1.805895 0.000000 0.001115
v -1.795750 0.000000 -0.002375
v -1.785647 0.000000 -0.006511
v -1.775593 0.000000 -0.011296
v -1.765594 0.000000 -0.016734
v -1.755657 0.000000 -0.022829
v -1.745791 0.000000 -0.029583
v -1.736000 0.000000 -0.037000
v -1.733726 0.000000 -0.029373
v -1.730894 0.000000 -0.022481
v -1.727484 0.000000 -0.016312
v -1.723482 0.000000 -0.010852
v -1.718868 0.000000 -0.006086
v -1.713625 0.000000 -0.002000
v -1.707737 0.000000 0.001419
v -1.701185 0.000000 0.004185
v -1.693953 0.000000 0.006313
v -1.686023 0.000000 0.007815
v -1.677378 0.000000 0.008706
v -1.668000 0.000000 0.009000
v -1.661209 0.000000 0.008827
v -1.654755 0.000000 0.008282
v -1.648516 0.000000 0.007328
v -1.642370 0.000000 0.005926
v -1.636197 0.000000 0.004038
v -1.629875 0.000000 0.001625
v -1.623282 0.000000 -0.001350
v -1.616296 0.000000 -0.004926
v -1.608797 0.000000 -0.009141
v -1.600662 0.000000 -0.014032
v -1.591770 0.000000 -0.019639
v -1.582000 0.000000 -0.026000
v -1.735000 0.000000 -0.091000
v -1.741042 0.000000 -0.085440
v -1.747167 0.000000 -0.080273
v -1.753375 0.000000 -0.075516
v -1.759667 0.000000 -0.071185
v -1.766042 0.000000 -0.067299
v -1.772500 0.000000 -0.063875
v -1.779041 0.000000 -0.060930
v -1.785666 0.000000 -0.058481
v -1.792375 0.000000 -0.056547
v -1.799166 0.000000 -0.055144
v -1.806041 0.000000 -0.054289
v -1.813000 0.000000 -0.054000
v -1.822032 0.000000 -0.054533
v -1.830588 0.000000 -0.056097
v -1.838609 0.000000 -0.058641
v -1.846037 0.000000 -0.062111
v -1.852812 0.000000 -0.066457
v -1.858875 0.000000 -0.071625
v -1.864167 0.000000 -0.077564
v -1.868630 0.000000 -0.084222
v -1.872203 0.000000 -0.091547
v -1.874829 0.000000 -0.099486
v -1.876448 0.000000 -0.107988
v -1.877000 0.000000 -0.117000
v -1.875657 0.000000 -0.129703
v -1.871759 0.000000 -0.141375
v -1.865500 0.000000 -0.152109
v -1.857074 0.000000 -0.162000
v -1.846676 0.000000 -0.171141
v -1.834500 0.000000 -0.179625
v -1.820741 0.000000 -0.187547
v -1.805593 0.000000 -0.195000
v -1.789250 0.000000 -0.202078
v -1.771907 0.000000 -0.208875
v -1.753759 0.000000 -0.215484
v -1.735000 0.000000 -0.222000
v -2.060000 0.000000 -0.336000
v -2.289000 0.000000 -0.336000
v -2.289000 0.000000 -0.248000
v -2.158000 0.000000 -0.248000
v -2.158000 0.000000 -0.108000
v -2.169773 0.000000 -0.104318
v -2.181602 0.000000 -0.100792
v -2.193500 0.000000 -0.097453
v -2.205481 0.000000 -0.094333
v -2.217560 0.000000 -0.091464
v -2.229750 0.000000 -0.088875
v -2.242065 0.000000 -0.086599
v -2.254519 0.000000 -0.084667
v -2.267125 0.000000 -0.083109
v -2.279898 0.000000 -0.081958
v -2.292852 0.000000 -0.081245
v -2.306000 0.000000 -0.081000
v -2.345462 0.000000 -0.083193
v -2.382694 0.000000 -0.089630
v -2.417469 0.000000 -0.100094
v -2.449556 0.000000 -0.114370
v -2.478726 0.000000 -0.132244
v -2.504750 0.000000 -0.153500
v -2.527399 0.000000 -0.177922
v -2.546444 0.000000 -0.205296
v -2.561656 0.000000 -0.235406
v -2.572806 0.000000 -0.268037
v -2.579663 0.000000 -0.302973
v -2.582000 0.000000 -0.340000
v -2.579652 0.000000 -0.376226
v -2.572796 0.000000 -0.410722
v -2.561719 0.000000 -0.443219
v -2.546704 0.000000 -0.473444
v -2.528036 0.000000 -0.501129
v -2.506000 0.000000 -0.526000
v -2.480880 0.000000 -0.547788
v -2.452963 0.000000 -0.566222
v -2.422531 0.000000 -0.581031
v -2.389870 0.000000 -0.591945
v -2.355265 0.000000 -0.598691
v -2.319000 0.000000 -0.601000
v -2.298481 0.000000 -0.600522
v -2.277935 0.000000 -0.599093
v -2.257375 0.000000 -0.596719
v -2.236815 0.000000 -0.593407
v -2.216269 0.000000 -0.589166
v -2.195750 0.000000 -0.584000
v -2.175273 0.000000 -0.577918
v -2.154852 0.000000 -0.570926
v -2.134500 0.000000 -0.563031
v -2.114232 0.000000 -0.554241
v -2.094060 0.000000 -0.544561
v -2.074000 0.000000 -0.534000
v -2.074000 0.000000 -0.633000
v -2.099731 0.000000 -0.643594
v -2.123597 0.000000 -0.652921
v -2.145859 0.000000 -0.661047
v -2.166778 0.000000 -0.668037
v -2.186613 0.000000 -0.673958
v -2.205625 0.000000 -0.678875
v -2.224074 0.000000 -0.682855
v -2.242222 0.000000 -0.685963
v -2.260328 0.000000 -0.688266
v -2.278652 0.000000 -0.689829
v -2.297456 0.000000 -0.690718
v -2.317000 0.000000 -0.691000
v -2.367896 0.000000 -0.687873
v -2.416333 0.000000 -0.678736
v -2.461938 0.000000 -0.663953
v -2.504333 0.000000 -0.643889
v -2.543146 0.000000 -0.618908
v -2.578000 0.000000 -0.589375
v -2.608521 0.000000 -0.555655
v -2.634334 0.000000 -0.518111
v -2.655063 0.000000 -0.477109
v -2.670334 0.000000 -0.433014
v -2.679771 0.000000 -0.386189
v -2.683000 0.000000 -0.337000
v -2.679849 0.000000 -0.288178
v -2.670625 0.000000 -0.241926
v -2.655672 0.000000 -0.198563
v -2.635334 0.000000 -0.158407
v -2.609953 0.000000 -0.121780
v -2.579875 0.000000 -0.089000
v -2.545443 0.000000 -0.060387
v -2.507000 0.000000 -0.036259
v -2.464890 0.000000 -0.016938
v -2.419458 0.000000 -0.002741
v -2.371047 0.000000 0.006011
v -2.320000 0.000000 0.009000
v -2.296665 0.000000 0.008662
v -2.274074 0.000000 0.007630
v -2.252094 0.000000 0.005875
v -2.230593 0.000000 0.003370
v -2.209439 0.000000 0.000088
v -2.188500 0.000000 -0.004000
v -2.167645 0.000000 -0.008921
v -2.146741 0.000000 -0.014704
v -2.125656 0.000000 -0.021375
v -2.104259 0.000000 -0.028963
v -2.082418 0.000000 -0.037495
v -2.060000 0.000000 -0.047000
v 2.598000 0.356930 -0.111000
v 2.589887 0.356930 -0.110450
v 2.582097 0.356930 -0.108847
v 2.574703 0.356930 -0.106266
v 2.567778 0.356930 -0.102778
v 2.561394 0.356930 -0.098457
v 2.555625 0.356930 -0.093375
v 2.550544 0.356930 -0.087606
v 2.546222 0.356930 -0.081222
v 2.542735 0.356930 -0.074297
v 2.540153 0.356930 -0.066903
v 2.538551 0.356930 -0.059113
v 2.538000 0.356930 -0.051000
v 2.538550 0.356930 -0.042887
v 2.540153 0.356930 -0.035097
v 2.542734 0.356930 -0.027703
v 2.546222 0.356930 -0.020778
v 2.550543 0.356930 -0.014394
v 2.555625 0.356930 -0.008625
v 2.561394 0.356930 -0.003543
v 2.567778 0.356930 0.000778
v 2.574703 0.356930 0.004266
v 2.582097 0.356930 0.006847
v 2.589887 0.356930 0.008450
v 2.598000 0.356930 0.009000
v 2.606113 0.356930 0.008450
v 2.613903 0.356930 0.006847
v 2.621297 0.356930 0.004266
v 2.628222 0.356930 0.000778
v 2.634606 0.356930 -0.003543
v 2.640375 0.356930 -0.008625
v 2.645457 0.356930 -0.014394
v 2.649778 0.356930 -0.020778
v 2.653265 0.356930 -0.027703
v 2.655847 0.356930 -0.035097
v 2.657449 0.356930 -0.042887
v 2.658000 0.356930 -0.051000
v 2.657450 0.356930 -0.059113
v 2.655848 0.356930 -0.066903
v 2.653266 0.356930 -0.074297
v 2.649778 0.356930 -0.081222
v 2.645457 0.356930 -0.087606
v 2.640375 0.356930 -0.093375
v 2.634606 0.356930 -0.098457
v 2.628223 0.356930 -0.102778
v 2.621297 0.356930 -0.106266
v 2.613903 0.356930 -0.108847
v 2.606113 0.356930 -0.110450
v 2.541000 0.356930 -0.543000
v 2.541042 0.356930 -0.532167
v 2.541167 0.356930 -0.521671
v 2.541375 0.356930 -0.511516
v 2.541667 0.356930 -0.501704
v 2.542042 0.356930 -0.492239
v 2.542500 0.356930 -0.483125
v 2.543042 0.356930 -0.474365
v 2.543667 0.356930 -0.465963
v 2.544375 0.356930 -0.457922
v 2.545166 0.356930 -0.450245
v 2.546041 0.356930 -0.442937
v 2.547000 0.356930 -0.436000
v 2.572000 0.356930 -0.264000
v 2.573504 0.356930 -0.253517
v 2.575032 0.356930 -0.244056
v 2.576609 0.356930 -0.235594
v 2.578259 0.356930 -0.228111
v 2.580006 0.356930 -0.221587
v 2.581875 0.356930 -0.216000
v 2.583889 0.356930 -0.211330
v 2.586074 0.356930 -0.207556
v 2.588453 0.356930 -0.204656
v 2.591051 0.356930 -0.202611
v 2.593891 0.356930 -0.201399
v 2.597000 0.356930 -0.201000
v 2.600108 0.356930 -0.201399
v 2.602949 0.356930 -0.202611
v 2.605547 0.356930 -0.204656
v 2.607926 0.356930 -0.207556
v 2.610111 0.356930 -0.211330
v 2.612125 0.356930 -0.216000
v 2.613994 0.356930 -0.221587
v 2.615741 0.356930 -0.228111
v 2.617391 0.356930 -0.235594
v 2.618968 0.356930 -0.244056
v 2.620496 0.356930 -0.253517
v 2.622000 0.356930 -0.264000
v 2.647000 0.356930 -0.436000
v 2.647958 0.356930 -0.442937
v 2.648833 0.356930 -0.450245
v 2.649625 0.356930 -0.457922
v 2.650333 0.356930 -0.465963
v 2.650958 0.356930 -0.474365
v 2.651500 0.356930 -0.483125
v 2.651958 0.356930 -0.492239
v 2.652333 0.356930 -0.501704
v 2.652625 0.356930 -0.511516
v 2.652833 0.356930 -0.521671
v 2.652958 0.356930 -0.532167
v 2.653000 0.356930 -0.543000
v 2.652624 0.356930 -0.566709
v 2.651491 0.356930 -0.588338
v 2.649594 0.356930 -0.607891
v 2.646926 0.356930 -0.625370
v 2.643480 0.356930 -0.640781
v 2.639250 0.356930 -0.654125
v 2.634228 0.356930 -0.665407
v 2.628407 0.356930 -0.674630
v 2.621781 0.356930 -0.681797
v 2.614342 0.356930 -0.686912
v 2.606084 0.356930 -0.689979
v 2.597000 0.356930 -0.691000
v 2.587916 0.356930 -0.689979
v 2.579658 0.356930 -0.686912
v 2.572219 0.356930 -0.681797
v 2.565593 0.356930 -0.674630
v 2.559772 0.356930 -0.665407
v 2.554750 0.356930 -0.654125
v 2.550520 0.356930 -0.640781
v 2.547074 0.356930 -0.625370
v 2.544406 0.356930 -0.607891
v 2.542509 0.356930 -0.588338
v 2.541376 0.356930 -0.566709
v 2.327000 0.356930 -0.111000
v 2.318887 0.356930 -0.110450
v 2.311097 0.356930 -0.108847
v 2.303703 0.356930 -0.106266
v 2.296778 0.356930 -0.102778
v 2.290394 0.356930 -0.098457
v 2.284625 0.356930 -0.093375
v 2.279544 0.356930 -0.087606
v 2.275223 0.356930 -0.081222
v 2.271735 0.356930 -0.074297
v 2.269153 0.356930 -0.066903
v 2.267551 0.356930 -0.059113
v 2.267000 0.356930 -0.051000
v 2.267550 0.356930 -0.042887
v 2.269153 0.356930 -0.035097
v 2.271734 0.356930 -0.027703
v 2.275222 0.356930 -0.020778
v 2.279543 0.356930 -0.014394
v 2.284625 0.356930 -0.008625
v 2.290394 0.356930 -0.003543
v 2.296778 0.356930 0.000778
v 2.303703 0.356930 0.004266
v 2.311097 0.356930 0.006847
v 2.318887 0.356930 0.008450
v 2.327000 0.356930 0.009000
v 2.335113 0.356930 0.008450
v 2.342903 0.356930 0.006847
v 2.350297 0.356930 0.004266
v 2.357222 0.356930 0.000778
v 2.363606 0.356930 -0.003543
v 2.369375 0.356930 -0.008625
v 2.374457 0.356930 -0.014394
v 2.378778 0.356930 -0.020778
v 2.382266 0.356930 -0.027703
v 2.384847 0.356930 -0.035097
v 2.386450 0.356930 -0.042887
v 2.387000 0.356930 -0.051000
v 2.386450 0.356930 -0.059113
v 2.384848 0.356930 -0.066903
v 2.382266 0.356930 -0.074297
v 2.378778 0.356930 -0.081222
v 2.374457 0.356930 -0.087606
v 2.369375 0.356930 -0.093375
v 2.363606 0.356930 -0.098457
v 2.357223 0.356930 -0.102778
v 2.350297 0.356930 -0.106266
v 2.342903 0.356930 -0.108847
v 2.335114 0.356930 -0.110450
v 2.270000 0.356930 -0.543000
v 2.270042 0.356930 -0.532167
v 2.270167 0.356930 -0.521671
v 2.270375 0.356930 -0.511516
v 2.270667 0.356930 -0.501704
v 2.271042 0.356930 -0.492239
v 2.271500 0.356930 -0.483125
v 2.272042 0.356930 -0.474365
v 2.272667 0.356930 -0.465963
v 2.273375 0.356930 -0.457922
v 2.274167 0.356930 -0.450245
v 2.275042 0.356930 -0.442937
v 2.276000 0.356930 -0.436000
v 2.301000 0.356930 -0.264000
v 2.302504 0.356930 -0.253517
v 2.304032 0.356930 -0.244056
v 2.305609 0.356930 -0.235594
v 2.307259 0.356930 -0.228111
v 2.309006 0.356930 -0.221587
v 2.310875 0.356930 -0.216000
v 2.312889 0.356930 -0.211330
v 2.315074 0.356930 -0.207556
v 2.317453 0.356930 -0.204656
v 2.320051 0.356930 -0.202611
v 2.322891 0.356930 -0.201399
v 2.326000 0.356930 -0.201000
v 2.329108 0.356930 -0.201399
v 2.331949 0.356930 -0.202611
v 2.334547 0.356930 -0.204656
v 2.336926 0.356930 -0.207556
v 2.339111 0.356930 -0.211330
v 2.341125 0.356930 -0.216000
v 2.342994 0.356930 -0.221587
v 2.344741 0.356930 -0.228111
v 2.346391 0.356930 -0.235594
v 2.347968 0.356930 -0.244056
v 2.349496 0.356930 -0.253517
v 2.351000 0.356930 -0.264000
v 2.376000 0.356930 -0.436000
v 2.376958 0.356930 -0.442937
v 2.377833 0.356930 -0.450245
v 2.378625 0.356930 -0.457922
v 2.379333 0.356930 -0.465963
v 2.379958 0.356930 -0.474365
v 2.380500 0.356930 -0.483125
v 2.380958 0.356930 -0.492239
v 2.381333 0.356930 -0.501704
v 2.381625 0.356930 -0.511516
v 2.381833 0.356930 -0.521671
v 2.381958 0.356930 -0.532167
v 2.382000 0.356930 -0.543000
v 2.381624 0.356930 -0.566709
v 2.380491 0.356930 -0.588338
v 2.378594 0.356930 -0.607891
v 2.375926 0.356930 -0.625370
v 2.372480 0.356930 -0.640781
v 2.368250 0.356930 -0.654125
v 2.363228 0.356930 -0.665407
v 2.357407 0.356930 -0.674630
v 2.350781 0.356930 -0.681797
v 2.343343 0.356930 -0.686912
v 2.335084 0.356930 -0.689979
v 2.326000 0.356930 -0.691000
v 2.316916 0.356930 -0.689979
v 2.308658 0.356930 -0.686912
v 2.301219 0.356930 -0.681797
v 2.294593 0.356930 -0.674630
v 2.288772 0.356930 -0.665407
v 2.283750 0.356930 -0.654125
v 2.279520 0.356930 -0.640781
v 2.276074 0.356930 -0.625370
v 2.273407 0.356930 -0.607891
v 2.271509 0.356930 -0.588338
v 2.270376 0.356930 -0.566709
v 1.864000 0.356930 -0.449000
v 1.864000 0.356930 0.000000
v 1.953000 0.356930 0.000000
v 1.953000 0.356930 -0.235000
v 1.953980 0.356930 -0.253891
v 1.956838 0.356930 -0.271958
v 1.961454 0.356930 -0.289047
v 1.967704 0.356930 -0.305000
v 1.975469 0.356930 -0.319661
v 1.984625 0.356930 -0.332875
v 1.995053 0.356930 -0.344484
v 2.006630 0.356930 -0.354333
v 2.019235 0.356930 -0.362266
v 2.032746 0.356930 -0.368125
v 2.047042 0.356930 -0.371755
v 2.062000 0.356930 -0.373000
v 2.067529 0.356930 -0.372631
v 2.073565 0.356930 -0.371546
v 2.080031 0.356930 -0.369781
v 2.086852 0.356930 -0.367370
v 2.093951 0.356930 -0.364348
v 2.101250 0.356930 -0.360750
v 2.108675 0.356930 -0.356610
v 2.116148 0.356930 -0.351963
v 2.123594 0.356930 -0.346844
v 2.130935 0.356930 -0.341287
v 2.138096 0.356930 -0.335328
v 2.145000 0.356930 -0.329000
v 2.192000 0.356930 -0.406000
v 2.182810 0.356930 -0.414376
v 2.173727 0.356930 -0.422005
v 2.164735 0.356930 -0.428891
v 2.155815 0.356930 -0.435037
v 2.146951 0.356930 -0.440447
v 2.138126 0.356930 -0.445125
v 2.129321 0.356930 -0.449074
v 2.120519 0.356930 -0.452296
v 2.111704 0.356930 -0.454797
v 2.102857 0.356930 -0.456579
v 2.093962 0.356930 -0.457645
v 2.085000 0.356930 -0.458000
v 2.074479 0.356930 -0.457305
v 2.063912 0.356930 -0.455190
v 2.053297 0.356930 -0.451609
v 2.042630 0.356930 -0.446519
v 2.031907 0.356930 -0.439872
v 2.021125 0.356930 -0.431625
v 2.010281 0.356930 -0.421732
v 1.999371 0.356930 -0.410148
v 1.988391 0.356930 -0.396828
v 1.977338 0.356930 -0.381727
v 1.966209 0.356930 -0.364799
v 1.955000 0.356930 -0.346000
v 1.953000 0.356930 -0.346000
v 1.953000 0.356930 -0.449000
v 1.779000 0.356930 -0.080000
v 1.774046 0.356930 -0.076377
v 1.769199 0.356930 -0.073014
v 1.764485 0.356930 -0.069922
v 1.759926 0.356930 -0.067111
v 1.755548 0.356930 -0.064592
v 1.751375 0.356930 -0.062375
v 1.747431 0.356930 -0.060470
v 1.743741 0.356930 -0.058889
v 1.740328 0.356930 -0.057641
v 1.737218 0.356930 -0.056736
v 1.734434 0.356930 -0.056186
v 1.732000 0.356930 -0.056000
v 1.729355 0.356930 -0.056128
v 1.726922 0.356930 -0.056523
v 1.724704 0.356930 -0.057203
v 1.722704 0.356930 -0.058185
v 1.720927 0.356930 -0.059487
v 1.719375 0.356930 -0.061125
v 1.718053 0.356930 -0.063117
v 1.716963 0.356930 -0.065481
v 1.716110 0.356930 -0.068234
v 1.715496 0.356930 -0.071394
v 1.715125 0.356930 -0.074976
v 1.715000 0.356930 -0.079000
v 1.715000 0.356930 -0.310000
v 1.713531 0.356930 -0.334339
v 1.709246 0.356930 -0.356380
v 1.702328 0.356930 -0.376156
v 1.692963 0.356930 -0.393704
v 1.681334 0.356930 -0.409057
v 1.667625 0.356930 -0.422250
v 1.652020 0.356930 -0.433318
v 1.634704 0.356930 -0.442296
v 1.615859 0.356930 -0.449219
v 1.595671 0.356930 -0.454120
v 1.574324 0.356930 -0.457036
v 1.552000 0.356930 -0.458000
v 1.536083 0.356930 -0.457583
v 1.520824 0.356930 -0.456329
v 1.506219 0.356930 -0.454234
v 1.492260 0.356930 -0.451296
v 1.478939 0.356930 -0.447511
v 1.466250 0.356930 -0.442875
v 1.454187 0.356930 -0.437385
v 1.442741 0.356930 -0.431037
v 1.431907 0.356930 -0.423828
v 1.421676 0.356930 -0.415755
v 1.412043 0.356930 -0.406813
v 1.403000 0.356930 -0.397000
v 1.403000 0.356930 -0.300000
v 1.413891 0.356930 -0.312170
v 1.425047 0.356930 -0.323190
v 1.436438 0.356930 -0.333078
v 1.448037 0.356930 -0.341852
v 1.459817 0.356930 -0.349528
v 1.471750 0.356930 -0.356125
v 1.483808 0.356930 -0.361659
v 1.495963 0.356930 -0.366148
v 1.508188 0.356930 -0.369609
v 1.520454 0.356930 -0.372060
v 1.532734 0.356930 -0.373518
v 1.545000 0.356930 -0.374000
v 1.557938 0.356930 -0.373515
v 1.569750 0.356930 -0.372037
v 1.580438 0.356930 -0.369531
v 1.590000 0.356930 -0.365963
v 1.598438 0.356930 -0.361297
v 1.605750 0.356930 -0.355500
v 1.611938 0.356930 -0.348536
v 1.617000 0.356930 -0.340370
v 1.620938 0.356930 -0.330969
v 1.623750 0.356930 -0.320296
v 1.625438 0.356930 -0.308318
v 1.626000 0.356930 -0.295000
v 1.626000 0.356930 -0.271000
v 1.547000 0.356930 -0.243000
v 1.528865 0.356930 -0.236444
v 1.510667 0.356930 -0.229634
v 1.492719 0.356930 -0.222359
v 1.475334 0.356930 -0.214407
v 1.458823 0.356930 -0.205567
v 1.443500 0.356930 -0.195625
v 1.429677 0.356930 -0.184371
v 1.417667 0.356930 -0.171593
v 1.407782 0.356930 -0.157078
v 1.400334 0.356930 -0.140616
v 1.395636 0.356930 -0.121994
v 1.394000 0.356930 -0.101000
v 1.394904 0.356930 -0.086652
v 1.397565 0.356930 -0.072713
v 1.401907 0.356930 -0.059344
v 1.407852 0.356930 -0.046704
v 1.415326 0.356930 -0.034953
v 1.424250 0.356930 -0.024250
v 1.434550 0.356930 -0.014756
v 1.446148 0.356930 -0.006630
v 1.458969 0.356930 -0.000031
v 1.472935 0.356930 0.004880
v 1.487971 0.356930 0.007943
v 1.504000 0.356930 0.009000
v 1.514249 0.356930 0.008687
v 1.524491 0.356930 0.007745
v 1.534719 0.356930 0.006172
v 1.544926 0.356930 0.003963
v 1.555106 0.356930 0.001115
v 1.565250 0.356930 -0.002375
v 1.575353 0.356930 -0.006511
v 1.585408 0.356930 -0.011296
v 1.595407 0.356930 -0.016734
v 1.605343 0.356930 -0.022829
v 1.615210 0.356930 -0.029583
v 1.625000 0.356930 -0.037000
v 1.627274 0.356930 -0.029373
v 1.630107 0.356930 -0.022481
v 1.633516 0.356930 -0.016312
v 1.637519 0.356930 -0.010852
v 1.642133 0.356930 -0.006086
v 1.647375 0.356930 -0.002000
v 1.653264 0.356930 0.001419
v 1.659815 0.356930 0.004185
v 1.667047 0.356930 0.006313
v 1.674977 0.356930 0.007815
v 1.683622 0.356930 0.008706
v 1.693000 0.356930 0.009000
v 1.699791 0.356930 0.008827
v 1.706246 0.356930 0.008282
v 1.712485 0.356930 0.007328
v 1.718630 0.356930 0.005926
v 1.724803 0.356930 0.004038
v 1.731125 0.356930 0.001625
v 1.737718 0.356930 -0.001350
v 1.744704 0.356930 -0.004926
v 1.752203 0.356930 -0.009141
v 1.760338 0.356930 -0.014032
v 1.769230 0.356930 -0.019639
v 1.779000 0.356930 -0.026000
v 1.626000 0.356930 -0.091000
v 1.619959 0.356930 -0.085440
v 1.613834 0.356930 -0.080273
v 1.607625 0.356930 -0.075516
v 1.601334 0.356930 -0.071185
v 1.594959 0.356930 -0.067299
v 1.588500 0.356930 -0.063875
v 1.581959 0.356930 -0.060930
v 1.575334 0.356930 -0.058481
v 1.568626 0.356930 -0.056547
v 1.561834 0.356930 -0.055144
v 1.554959 0.356930 -0.054289
v 1.548000 0.356930 -0.054000
v 1.538968 0.356930 -0.054533
v 1.530412 0.356930 -0.056097
v 1.522391 0.356930 -0.058641
v 1.514963 0.356930 -0.062111
v 1.508188 0.356930 -0.066457
v 1.502125 0.356930 -0.071625
v 1.496833 0.356930 -0.077564
v 1.492370 0.356930 -0.084222
v 1.488797 0.356930 -0.091547
v 1.486171 0.356930 -0.099486
v 1.484553 0.356930 -0.107988
v 1.484000 0.356930 -0.117000
v 1.485343 0.356930 -0.129703
v 1.489241 0.356930 -0.141375
v 1.495500 0.356930 -0.152109
v 1.503926 0.356930 -0.162000
v 1.514324 0.356930 -0.171141
v 1.526500 0.356930 -0.179625
v 1.540259 0.356930 -0.187547
v 1.555408 0.356930 -0.195000
v 1.571750 0.356930 -0.202078
v 1.589093 0.356930 -0.208875
v 1.607241 0.356930 -0.215484
v 1.626000 0.356930 -0.222000
v 1.327000 0.356930 -0.130000
v 1.314019 0.356930 -0.121795
v 1.301065 0.356930 -0.114194
v 1.288125 0.356930 -0.107219
v 1.275185 0.356930 -0.100889
v 1.262232 0.356930 -0.095226
v 1.249250 0.356930 -0.090250
v 1.236227 0.356930 -0.085983
v 1.223148 0.356930 -0.082444
v 1.210000 0.356930 -0.079656
v 1.196769 0.356930 -0.077639
v 1.183440 0.356930 -0.076413
v 1.170000 0.356930 -0.076000
v 1.149230 0.356930 -0.076957
v 1.129926 0.356930 -0.079819
v 1.112094 0.356930 -0.084578
v 1.095741 0.356930 -0.091222
v 1.080874 0.356930 -0.099741
v 1.067500 0.356930 -0.110125
v 1.055626 0.356930 -0.122363
v 1.045259 0.356930 -0.136444
v 1.036406 0.356930 -0.152359
v 1.029074 0.356930 -0.170097
v 1.023270 0.356930 -0.189648
v 1.019000 0.356930 -0.211000
v 1.335000 0.356930 -0.211000
v 1.333436 0.356930 -0.250731
v 1.328820 0.356930 -0.286935
v 1.321266 0.356930 -0.319625
v 1.310889 0.356930 -0.348815
v 1.297804 0.356930 -0.374519
v 1.282125 0.356930 -0.396750
v 1.263967 0.356930 -0.415523
v 1.243445 0.356930 -0.430852
v 1.220672 0.356930 -0.442750
v 1.195764 0.356930 -0.451232
v 1.168836 0.356930 -0.456310
v 1.140000 0.356930 -0.458000
v 1.109820 0.356930 -0.456111
v 1.081389 0.356930 -0.450556
v 1.054875 0.356930 -0.441500
v 1.030445 0.356930 -0.429111
v 1.008264 0.356930 -0.413556
v 0.988500 0.356930 -0.395000
v 0.971320 0.356930 -0.373611
v 0.956889 0.356930 -0.349556
v 0.945375 0.356930 -0.323000
v 0.936945 0.356930 -0.294111
v 0.931764 0.356930 -0.263056
v 0.930000 0.356930 -0.230000
v 0.931616 0.356930 -0.199249
v 0.936426 0.356930 -0.169241
v 0.944375 0.356930 -0.140344
v 0.955408 0.356930 -0.112926
v 0.969468 0.356930 -0.087355
v 0.986500 0.356930 -0.064000
v 1.006449 0.356930 -0.043228
v 1.029259 0.356930 -0.025407
v 1.054875 0.356930 -0.010906
v 1.083241 0.356930 -0.000093
v 1.114301 0.356930 0.006665
v 1.148000 0.356930 0.009000
v 1.166456 0.356930 0.008645
v 1.183898 0.356930 0.007574
v 1.200438 0.356930 0.005781
v 1.216185 0.356930 0.003259
v 1.231252 0.356930 0.000001
v 1.245750 0.356930 -0.004000
v 1.259789 0.356930 -0.008751
v 1.273482 0.356930 -0.014259
v 1.286938 0.356930 -0.020531
v 1.300269 0.356930 -0.027574
v 1.313586 0.356930 -0.035395
v 1.327000 0.356930 -0.044000
v 1.021000 0.356930 -0.270000
v 1.024603 0.356930 -0.287099
v 1.029408 0.356930 -0.302875
v 1.035406 0.356930 -0.317297
v 1.042593 0.356930 -0.330333
v 1.050960 0.356930 -0.341953
v 1.060500 0.356930 -0.352125
v 1.071207 0.356930 -0.360818
v 1.083074 0.356930 -0.368000
v 1.096094 0.356930 -0.373641
v 1.110259 0.356930 -0.377708
v 1.125564 0.356930 -0.380172
v 1.142000 0.356930 -0.381000
v 1.157243 0.356930 -0.380115
v 1.171445 0.356930 -0.377500
v 1.184563 0.356930 -0.373219
v 1.196556 0.356930 -0.367333
v 1.207382 0.356930 -0.359906
v 1.217000 0.356930 -0.351000
v 1.225368 0.356930 -0.340677
v 1.232445 0.356930 -0.329000
v 1.238188 0.356930 -0.316031
v 1.242556 0.356930 -0.301833
v 1.245507 0.356930 -0.286469
v 1.247000 0.356930 -0.270000
v 0.824000 0.356930 -0.682000
v 0.735000 0.356930 -0.682000
v 0.735000 0.356930 0.000000
v 0.824000 0.356930 0.000000
v 0.618000 0.356930 -0.635000
v 0.595196 0.356930 -0.644295
v 0.573236 0.356930 -0.652690
v 0.552047 0.356930 -0.660203
v 0.531556 0.356930 -0.666852
v 0.511689 0.356930 -0.672653
v 0.492375 0.356930 -0.677625
v 0.473540 0.356930 -0.681784
v 0.455111 0.356930 -0.685148
v 0.437016 0.356930 -0.687734
v 0.419181 0.356930 -0.689560
v 0.401533 0.356930 -0.690643
v 0.384000 0.356930 -0.691000
v 0.331056 0.356930 -0.687889
v 0.280949 0.356930 -0.678778
v 0.234016 0.356930 -0.664000
v 0.190593 0.356930 -0.643889
v 0.151017 0.356930 -0.618778
v 0.115625 0.356930 -0.589000
v 0.084754 0.356930 -0.554889
v 0.058741 0.356930 -0.516778
v 0.037922 0.356930 -0.475000
v 0.022634 0.356930 -0.429889
v 0.013215 0.356930 -0.381778
v 0.010000 0.356930 -0.331000
v 0.012352 0.356930 -0.294270
v 0.019482 0.356930 -0.256162
v 0.031500 0.356930 -0.217547
v 0.048519 0.356930 -0.179296
v 0.070648 0.356930 -0.142282
v 0.098000 0.356930 -0.107375
v 0.130685 0.356930 -0.075447
v 0.168815 0.356930 -0.047370
v 0.212500 0.356930 -0.024016
v 0.261852 0.356930 -0.006255
v 0.316982 0.356930 0.005041
v 0.378000 0.356930 0.009000
v 0.404058 0.356930 0.008488
v 0.428796 0.356930 0.006986
v 0.452313 0.356930 0.004547
v 0.474704 0.356930 0.001222
v 0.496067 0.356930 -0.002936
v 0.516500 0.356930 -0.007875
v 0.536100 0.356930 -0.013543
v 0.554963 0.356930 -0.019889
v 0.573188 0.356930 -0.026859
v 0.590871 0.356930 -0.034403
v 0.608109 0.356930 -0.042467
v 0.625000 0.356930 -0.051000
v 0.625000 0.356930 -0.158000
v 0.605612 0.356930 -0.145981
v 0.585982 0.356930 -0.134935
v 0.566156 0.356930 -0.124875
v 0.546185 0.356930 -0.115815
v 0.526117 0.356930 -0.107769
v 0.506000 0.356930 -0.100750
v 0.485883 0.356930 -0.094773
v 0.465815 0.356930 -0.089852
v 0.445844 0.356930 -0.086000
v 0.426019 0.356930 -0.083232
v 0.406388 0.356930 -0.081560
v 0.387000 0.356930 -0.081000
v 0.347118 0.356930 -0.083174
v 0.309611 0.356930 -0.089560
v 0.274688 0.356930 -0.099953
v 0.242556 0.356930 -0.114148
v 0.213424 0.356930 -0.131940
v 0.187500 0.356930 -0.153125
v 0.164993 0.356930 -0.177497
v 0.146111 0.356930 -0.204852
v 0.131063 0.356930 -0.234984
v 0.120056 0.356930 -0.267690
v 0.113299 0.356930 -0.302763
v 0.111000 0.356930 -0.340000
v 0.113373 0.356930 -0.376646
v 0.120315 0.356930 -0.411417
v 0.131563 0.356930 -0.444063
v 0.146852 0.356930 -0.474333
v 0.165919 0.356930 -0.501979
v 0.188500 0.356930 -0.526750
v 0.214331 0.356930 -0.548396
v 0.243148 0.356930 -0.566667
v 0.274688 0.356930 -0.581313
v 0.308685 0.356930 -0.592083
v 0.344877 0.356930 -0.598729
v 0.383000 0.356930 -0.601000
v 0.402615 0.356930 -0.600539
v 0.422005 0.356930 -0.599144
v 0.441234 0.356930 -0.596797
v 0.460370 0.356930 -0.593482
v 0.479479 0.356930 -0.589180
v 0.498625 0.356930 -0.583875
v 0.517876 0.356930 -0.577549
v 0.537296 0.356930 -0.570185
v 0.556953 0.356930 -0.561766
v 0.576912 0.356930 -0.552273
v 0.597239 0.356930 -0.541691
v 0.618000 0.356930 -0.530000
v -0.357000 0.356930 -0.130000
v -0.369981 0.356930 -0.121795
v -0.382935 0.356930 -0.114194
v -0.395875 0.356930 -0.107219
v -0.408815 0.356930 -0.100889
v -0.421768 0.356930 -0.095226
v -0.434750 0.356930 -0.090250
v -0.447773 0.356930 -0.085983
v -0.460852 0.356930 -0.082444
v -0.474000 0.356930 -0.079656
v -0.487231 0.356930 -0.077639
v -0.500560 0.356930 -0.076413
v -0.514000 0.356930 -0.076000
v -0.534770 0.356930 -0.076957
v -0.554074 0.356930 -0.079819
v -0.571906 0.356930 -0.084578
v -0.588259 0.356930 -0.091222
v -0.603126 0.356930 -0.099741
v -0.616500 0.356930 -0.110125
v -0.628374 0.356930 -0.122363
v -0.638741 0.356930 -0.136444
v -0.647594 0.356930 -0.152359
v -0.654926 0.356930 -0.170097
v -0.660730 0.356930 -0.189648
v -0.665000 0.356930 -0.211000
v -0.349000 0.356930 -0.211000
v -0.350564 0.356930 -0.250731
v -0.355181 0.356930 -0.286935
v -0.362734 0.356930 -0.319625
v -0.373111 0.356930 -0.348815
v -0.386196 0.356930 -0.374519
v -0.401875 0.356930 -0.396750
v -0.420033 0.356930 -0.415523
v -0.440556 0.356930 -0.430852
v -0.463328 0.356930 -0.442750
v -0.488236 0.356930 -0.451232
v -0.515165 0.356930 -0.456310
v -0.544000 0.356930 -0.458000
v -0.574180 0.356930 -0.456111
v -0.602611 0.356930 -0.450556
v -0.629125 0.356930 -0.441500
v -0.653556 0.356930 -0.429111
v -0.675736 0.356930 -0.413556
v -0.695500 0.356930 -0.395000
v -0.712681 0.356930 -0.373611
v -0.727111 0.356930 -0.349556
v -0.738625 0.356930 -0.323000
v -0.747056 0.356930 -0.294111
v -0.752236 0.356930 -0.263056
v -0.754000 0.356930 -0.230000
v -0.752384 0.356930 -0.199249
v -0.747574 0.356930 -0.169241
v -0.739625 0.356930 -0.140344
v -0.728593 0.356930 -0.112926
v -0.714532 0.356930 -0.087355
v -0.697500 0.356930 -0.064000
v -0.677551 0.356930 -0.043228
v -0.654741 0.356930 -0.025407
v -0.629125 0.356930 -0.010906
v -0.600759 0.356930 -0.000093
v -0.569699 0.356930 0.006665
v -0.536000 0.356930 0.009000
v -0.517544 0.356930 0.008645
v -0.500102 0.356930 0.007574
v -0.483562 0.356930 0.005781
v -0.467815 0.356930 0.003259
v -0.452748 0.356930 0.000001
v -0.438250 0.356930 -0.004000
v -0.424211 0.356930 -0.008751
v -0.410518 0.356930 -0.014259
v -0.397062 0.356930 -0.020531
v -0.383731 0.356930 -0.027574
v -0.370414 0.356930 -0.035395
v -0.357000 0.356930 -0.044000
v -0.663000 0.356930 -0.270000
v -0.659397 0.356930 -0.287099
v -0.654593 0.356930 -0.302875
v -0.648594 0.356930 -0.317297
v -0.641407 0.356930 -0.330333
v -0.633040 0.356930 -0.341953
v -0.623500 0.356930 -0.352125
v -0.612793 0.356930 -0.360818
v -0.600926 0.356930 -0.368000
v -0.587906 0.356930 -0.373641
v -0.573741 0.356930 -0.377708
v -0.558436 0.356930 -0.380172
v -0.542000 0.356930 -0.381000
v -0.526757 0.356930 -0.380115
v -0.512555 0.356930 -0.377500
v -0.499437 0.356930 -0.373219
v -0.487444 0.356930 -0.367333
v -0.476618 0.356930 -0.359906
v -0.467000 0.356930 -0.351000
v -0.458632 0.356930 -0.340677
v -0.451556 0.356930 -0.329000
v -0.445812 0.356930 -0.316031
v -0.441444 0.356930 -0.301833
v -0.438493 0.356930 -0.286469
v -0.437000 0.356930 -0.270000
v -1.507000 0.356930 -0.449000
v -1.507000 0.356930 0.000000
v -1.418000 0.356930 0.000000
v -1.418000 0.356930 -0.326000
v -1.408883 0.356930 -0.336155
v -1.399981 0.356930 -0.345153
v -1.391219 0.356930 -0.353047
v -1.382519 0.356930 -0.359889
v -1.373804 0.356930 -0.365731
v -1.365000 0.356930 -0.370625
v -1.356029 0.356930 -0.374623
v -1.346815 0.356930 -0.377778
v -1.337281 0.356930 -0.380141
v -1.327352 0.356930 -0.381764
v -1.316950 0.356930 -0.382700
v -1.306000 0.356930 -0.383000
v -1.295163 0.356930 -0.382348
v -1.284722 0.356930 -0.380366
v -1.274781 0.356930 -0.377016
v -1.265444 0.356930 -0.372259
v -1.256816 0.356930 -0.366058
v -1.249000 0.356930 -0.358375
v -1.242101 0.356930 -0.349171
v -1.236222 0.356930 -0.338407
v -1.231469 0.356930 -0.326047
v -1.227944 0.356930 -0.312051
v -1.225753 0.356930 -0.296381
v -1.225000 0.356930 -0.279000
v -1.225000 0.356930 0.000000
v -1.136000 0.356930 0.000000
v -1.136000 0.356930 -0.326000
v -1.127864 0.356930 -0.334073
v -1.119495 0.356930 -0.341750
v -1.110953 0.356930 -0.348969
v -1.102296 0.356930 -0.355667
v -1.093584 0.356930 -0.361781
v -1.084875 0.356930 -0.367250
v -1.076228 0.356930 -0.372010
v -1.067704 0.356930 -0.376000
v -1.059359 0.356930 -0.379156
v -1.051255 0.356930 -0.381417
v -1.043449 0.356930 -0.382719
v -1.036000 0.356930 -0.383000
v -1.023457 0.356930 -0.382233
v -1.011403 0.356930 -0.379944
v -0.999953 0.356930 -0.376156
v -0.989222 0.356930 -0.370889
v -0.979325 0.356930 -0.364163
v -0.970375 0.356930 -0.356000
v -0.962488 0.356930 -0.346420
v -0.955778 0.356930 -0.335444
v -0.950359 0.356930 -0.323094
v -0.946347 0.356930 -0.309389
v -0.943856 0.356930 -0.294351
v -0.943000 0.356930 -0.278000
v -0.943000 0.356930 0.000000
v -0.854000 0.356930 0.000000
v -0.854000 0.356930 -0.282000
v -0.855194 0.356930 -0.307730
v -0.858718 0.356930 -0.331843
v -0.864484 0.356930 -0.354219
v -0.872407 0.356930 -0.374741
v -0.882400 0.356930 -0.393291
v -0.894375 0.356930 -0.409750
v -0.908246 0.356930 -0.424001
v -0.923926 0.356930 -0.435926
v -0.941328 0.356930 -0.445406
v -0.960366 0.356930 -0.452324
v -0.980952 0.356930 -0.456561
v -1.003000 0.356930 -0.458000
v -1.018651 0.356930 -0.457247
v -1.033625 0.356930 -0.455056
v -1.047953 0.356930 -0.451531
v -1.061667 0.356930 -0.446778
v -1.074797 0.356930 -0.440899
v -1.087375 0.356930 -0.434000
v -1.099432 0.356930 -0.426184
v -1.111000 0.356930 -0.417556
v -1.122109 0.356930 -0.408219
v -1.132792 0.356930 -0.398278
v -1.143078 0.356930 -0.387837
v -1.153000 0.356930 -0.377000
v -1.160850 0.356930 -0.389727
v -1.169384 0.356930 -0.401403
v -1.178578 0.356930 -0.412016
v -1.188407 0.356930 -0.421556
v -1.198848 0.356930 -0.430012
v -1.209875 0.356930 -0.437375
v -1.221465 0.356930 -0.443634
v -1.233593 0.356930 -0.448778
v -1.246234 0.356930 -0.452797
v -1.259366 0.356930 -0.455681
v -1.272962 0.356930 -0.457418
v -1.287000 0.356930 -0.458000
v -1.297522 0.356930 -0.457541
v -1.308093 0.356930 -0.456157
v -1.318719 0.356930 -0.453844
v -1.329407 0.356930 -0.450593
v -1.340166 0.356930 -0.446397
v -1.351000 0.356930 -0.441250
v -1.361918 0.356930 -0.435145
v -1.372926 0.356930 -0.428074
v -1.384031 0.356930 -0.420031
v -1.395241 0.356930 -0.411009
v -1.406561 0.356930 -0.401001
v -1.418000 0.356930 -0.390000
v -1.418000 0.356930 -0.449000
v -1.582000 0.356930 -0.080000
v -1.586954 0.356930 -0.076377
v -1.591801 0.356930 -0.073014
v -1.596516 0.356930 -0.069922
v -1.601074 0.356930 -0.067111
v -1.605452 0.356930 -0.064592
v -1.609625 0.356930 -0.062375
v -1.613569 0.356930 -0.060470
v -1.617259 0.356930 -0.058889
v -1.620672 0.356930 -0.057641
v -1.623783 0.356930 -0.056736
v -1.626567 0.356930 -0.056186
v -1.629000 0.356930 -0.056000
v -1.631645 0.356930 -0.056128
v -1.634079 0.356930 -0.056523
v -1.636297 0.356930 -0.057203
v -1.638296 0.356930 -0.058185
v -1.640073 0.356930 -0.059487
v -1.641625 0.356930 -0.061125
v -1.642947 0.356930 -0.063117
v -1.644037 0.356930 -0.065481
v -1.644890 0.356930 -0.068234
v -1.645504 0.356930 -0.071394
v -1.645875 0.356930 -0.074976
v -1.646000 0.356930 -0.079000
v -1.646000 0.356930 -0.310000
v -1.647469 0.356930 -0.334339
v -1.651755 0.356930 -0.356380
v -1.658672 0.356930 -0.376156
v -1.668037 0.356930 -0.393704
v -1.679666 0.356930 -0.409057
v -1.693375 0.356930 -0.422250
v -1.708980 0.356930 -0.433318
v -1.726297 0.356930 -0.442296
v -1.745141 0.356930 -0.449219
v -1.765329 0.356930 -0.454120
v -1.786677 0.356930 -0.457036
v -1.809000 0.356930 -0.458000
v -1.824918 0.356930 -0.457583
v -1.840176 0.356930 -0.456329
v -1.854781 0.356930 -0.454234
v -1.868741 0.356930 -0.451296
v -1.882061 0.356930 -0.447511
v -1.894750 0.356930 -0.442875
v -1.906814 0.356930 -0.437385
v -1.918259 0.356930 -0.431037
v -1.929094 0.356930 -0.423828
v -1.939324 0.356930 -0.415755
v -1.948957 0.356930 -0.406813
v -1.958000 0.356930 -0.397000
v -1.958000 0.356930 -0.300000
v -1.947109 0.356930 -0.312170
v -1.935954 0.356930 -0.323190
v -1.924563 0.356930 -0.333078
v -1.912963 0.356930 -0.341852
v -1.901183 0.356930 -0.349528
v -1.889250 0.356930 -0.356125
v -1.877192 0.356930 -0.361659
v -1.865037 0.356930 -0.366148
v -1.852813 0.356930 -0.369609
v -1.840546 0.356930 -0.372060
v -1.828266 0.356930 -0.373518
v -1.816000 0.356930 -0.374000
v -1.803063 0.356930 -0.373515
v -1.791250 0.356930 -0.372037
v -1.780563 0.356930 -0.369531
v -1.771000 0.356930 -0.365963
v -1.762563 0.356930 -0.361297
v -1.755250 0.356930 -0.355500
v -1.749063 0.356930 -0.348536
v -1.744000 0.356930 -0.340370
v -1.740063 0.356930 -0.330969
v -1.737250 0.356930 -0.320296
v -1.735563 0.356930 -0.308318
v -1.735000 0.356930 -0.295000
v -1.735000 0.356930 -0.271000
v -1.814000 0.356930 -0.243000
v -1.832135 0.356930 -0.236444
v -1.850333 0.356930 -0.229634
v -1.868281 0.356930 -0.222359
v -1.885667 0.356930 -0.214407
v -1.902177 0.356930 -0.205567
v -1.917500 0.356930 -0.195625
v -1.931323 0.356930 -0.184371
v -1.943333 0.356930 -0.171593
v -1.953219 0.356930 -0.157078
v -1.960667 0.356930 -0.140616
v -1.965365 0.356930 -0.121994
v -1.967000 0.356930 -0.101000
v -1.966096 0.356930 -0.086652
v -1.963435 0.356930 -0.072713
v -1.959094 0.356930 -0.059344
v -1.953148 0.356930 -0.046704
v -1.945675 0.356930 -0.034953
v -1.936750 0.356930 -0.024250
v -1.926450 0.356930 -0.014756
v -1.914852 0.356930 -0.006630
v -1.902031 0.356930 -0.000031
v -1.888065 0.356930 0.004880
v -1.873029 0.356930 0.007943
v -1.857000 0.356930 0.009000
v -1.846751 0.356930 0.008687
v -1.836509 0.356930 0.007745
v -1.826281 0.356930 0.006172
v -1.816074 0.356930 0.003963
v -1.805895 0.356930 0.001115
v -1.795750 0.356930 -0.002375
v -1.785647 0.356930 -0.006511
v -1.775593 0.356930 -0.011296
v -1.765594 0.356930 -0.016734
v -1.755657 0.356930 -0.022829
v -1.745791 0.356930 -0.029583
v -1.736000 0.356930 -0.037000
v -1.733726 0.356930 -0.029373
v -1.730894 0.356930 -0.022481
v -1.727484 0.356930 -0.016312
v -1.723482 0.356930 -0.010852
v -1.718868 0.356930 -0.006086
v -1.713625 0.356930 -0.002000
v -1.707737 0.356930 0.001419
v -1.701185 0.356930 0.004185
v -1.693953 0.356930 0.006313
v -1.686023 0.356930 0.007815
v -1.677378 0.356930 0.008706
v -1.668000 0.356930 0.009000
v -1.661209 0.356930 0.008827
v -1.654755 0.356930 0.008282
v -1.648516 0.356930 0.007328
v -1.642370 0.356930 0.005926
v -1.636197 0.356930 0.004038
v -1.629875 0.356930 0.001625
v -1.623282 0.356930 -0.001350
v -1.616296 0.356930 -0.004926
v -1.608797 0.356930 -0.009141
v -1.600662 0.356930 -0.014032
v -1.591770 0.356930 -0.019639
v -1.582000 0.356930 -0.026000
v -1.735000 0.356930 -0.091000
v -1.741042 0.356930 -0.085440
v -1.747167 0.356930 -0.080273
v -1.753375 0.356930 -0.075516
v -1.759667 0.356930 -0.071185
v -1.766042 0.356930 -0.067299
v -1.772500 0.356930 -0.063875
v -1.779041 0.356930 -0.060930
v -1.785666 0.356930 -0.058481
v -1.792375 0.356930 -0.056547
v -1.799166 0.356930 -0.055144
v -1.806041 0.356930 -0.054289
v -1.813000 0.356930 -0.054000
v -1.822032 0.356930 -0.054533
v -1.830588 0.356930 -0.056097
v -1.838609 0.356930 -0.058641
v -1.846037 0.356930 -0.062111
v -1.852812 0.356930 -0.066457
v -1.858875 0.356930 -0.071625
v -1.864167 0.356930 -0.077564
v -1.868630 0.356930 -0.084222
v -1.872203 0.356930 -0.091547
v -1.874829 0.356930 -0.099486
v -1.876448 0.356930 -0.107988
v -1.877000 0.356930 -0.117000
v -1.875657 0.356930 -0.129703
v -1.871759 0.356930 -0.141375
v -1.865500 0.356930 -0.152109
v -1.857074 0.356930 -0.162000
v -1.846676 0.356930 -0.171141
v -1.834500 0.356930 -0.179625
v -1.820741 0.356930 -0.187547
v -1.805593 0.356930 -0.195000
v -1.789250 0.356930 -0.202078
v -1.771907 0.356930 -0.208875
v -1.753759 0.356930 -0.215484
v -1.735000 0.356930 -0.222000
v -2.060000 0.356930 -0.336000
v -2.289000 0.356930 -0.336000
v -2.289000 0.356930 -0.248000
v -2.158000 0.356930 -0.248000
v -2.158000 0.356930 -0.108000
v -2.169773 0.356930 -0.104318
v -2.181602 0.356930 -0.100792
v -2.193500 0.356930 -0.097453
v -2.205481 0.356930 -0.094333
v -2.217560 0.356930 -0.091464
v -2.229750 0.356930 -0.088875
v -2.242065 0.356930 -0.086599
v -2.254519 0.356930 -0.084667
v -2.267125 0.356930 -0.083109
v -2.279898 0.356930 -0.081958
v -2.292852 0.356930 -0.081245
v -2.306000 0.356930 -0.081000
v -2.345462 0.356930 -0.083193
v -2.382694 0.356930 -0.089630
v -2.417469 0.356930 -0.100094
v -2.449556 0.356930 -0.114370
v -2.478726 0.356930 -0.132244
v -2.504750 0.356930 -0.153500
v -2.527399 0.356930 -0.177922
v -2.546444 0.356930 -0.205296
v -2.561656 0.356930 -0.235406
v -2.572806 0.356930 -0.268037
v -2.579663 0.356930 -0.302973
v -2.582000 0.356930 -0.340000
v -2.579652 0.356930 -0.376226
v -2.572796 0.356930 -0.410722
v -2.561719 0.356930 -0.443219
v -2.546704 0.356930 -0.473444
v -2.528036 0.356930 -0.501129
v -2.506000 0.356930 -0.526000
v -2.480880 0.356930 -0.547788
v -2.452963 0.356930 -0.566222
v -2.422531 0.356930 -0.581031
v -2.389870 0.356930 -0.591945
v -2.355265 0.356930 -0.598691
v -2.319000 0.356930 -0.601000
v -2.298481 0.356930 -0.600522
v -2.277935 0.356930 -0.599093
v -2.257375 0.356930 -0.596719
v -2.236815 0.356930 -0.593407
v -2.216269 0.356930 -0.589166
v -2.195750 0.356930 -0.584000
v -2.175273 0.356930 -0.577918
v -2.154852 0.356930 -0.570926
v -2.134500 0.356930 -0.563031
v -2.114232 0.356930 -0.554241
v -2.094060 0.356930 -0.544561
v -2.074000 0.356930 -0.534000
v -2.074000 0.356930 -0.633000
v -2.099731 0.356930 -0.643594
v -2.123597 0.356930 -0.652921
v -2.145859 0.356930 -0.661047
v -2.166778 0.356930 -0.668037
v -2.186613 0.356930 -0.673958
v -2.205625 0.356930 -0.678875
v -2.224074 0.356930 -0.682855
v -2.242222 0.356930 -0.685963
v -2.260328 0.356930 -0.688266
v -2.278652 0.356930 -0.689829
v -2.297456 0.356930 -0.690718
v -2.317000 0.356930 -0.691000
v -2.367896 0.356930 -0.687873
v -2.416333 0.356930 -0.678736
v -2.461938 0.356930 -0.663953
v -2.504333 0.356930 -0.643889
v -2.543146 0.356930 -0.618908
v -2.578000 0.356930 -0.589375
v -2.608521 0.356930 -0.555655
v -2.634334 0.356930 -0.518111
v -2.655063 0.356930 -0.477109
v -2.670334 0.356930 -0.433014
v -2.679771 0.356930 -0.386189
v -2.683000 0.356930 -0.337000
v -2.679849 0.356930 -0.288178
v -2.670625 0.356930 -0.241926
v -2.655672 0.356930 -0.198563
v -2.635334 0.356930 -0.158407
v -2.609953 0.356930 -0.121780
v -2.579875 0.356930 -0.089000
v -2.545443 0.356930 -0.060387
v -2.507000 0.356930 -0.036259
v -2.464890 0.356930 -0.016938
v -2.419458 0.356930 -0.002741
v -2.371047 0.356930 0.006011
v -2.320000 0.356930 0.009000
v -2.296665 0.356930 0.008662
v -2.274074 0.356930 0.007630
v -2.252094 0.356930 0.005875
v -2.230593 0.356930 0.003370
v -2.209439 0.356930 0.000088
v -2.188500 0.356930 -0.004000
v -2.167645 0.356930 -0.008921
v -2.146741 0.356930 -0.014704
v -2.125656 0.356930 -0.021375
v -2.104259 0.356930 -0.028963
v -2.082418 0.356930 -0.037495
v -2.060000 0.356930 -0.047000
vn -0.0000 -1.0000 -0.0000
vn -0.0000 1.0000 -0.0000
vn 0.5649 -0.0000 0.8252
vn 0.3448 -0.0000 -0.9387
vn -0.6778 -0.0000 0.7353
vn 0.0585 -0.0000 -0.9983
vn -0.2126 -0.0000 0.9771
vn 0.8332 -0.0000 -0.5530
vn 0.5334 -0.0000 0.8459
vn -0.2910 -0.0000 -0.9567
vn -0.3275 -0.0000 -0.9448
vn -0.1939 -0.0000 -0.9810
vn -1.0000 -0.0000 -0.0000
vn -0.2024 -0.0000 -0.9793
vn -0.5021 -0.0000 0.8648
vn 0.1589 -0.0000 0.9873
vn 0.1521 -0.0000 0.9884
vn 0.1512 -0.0000 0.9885
vn -0.8752 -0.0000 0.4837
vn -0.4523 -0.0000 -0.8919
vn -0.8575 -0.0000 -0.5144
vn 0.3789 -0.0000 0.9255
vn -0.7768 -0.0000 0.6297
vn 0.4113 -0.0000 0.9115
vn -0.5666 -0.0000 -0.8240
vn 0.5984 -0.0000 -0.8012
vn 0.9422 -0.0000 -0.3350
vn 0.9136 -0.0000 -0.4067
vn 0.3464 -0.0000 0.9381
vn -0.3103 -0.0000 0.9507
vn 0.6303 -0.0000 0.7764
vn -0.1997 -0.0000 0.9799
vn -0.9986 -0.0000 -0.0523
vn -0.9820 -0.0000 0.1886
vn 0.9233 -0.0000 0.3841
vn -0.9999 -0.0000 -0.0159
vn -0.3496 -0.0000 0.9369
vn 0.8739 -0.0000 -0.4861
vn -0.1025 -0.0000 0.9947
vn -0.9277 -0.0000 0.3733
vn -1.0000 -0.0000 0.0039
vn 0.9982 -0.0000 -0.0603
vn -0.9986 -0.0000 -0.0533
vn 0.1688 -0.0000 -0.9856
vn 0.9999 -0.0000 0.0119
vn -0.4278 -0.0000 -0.9039
vn -0.4006 -0.0000 -0.9163
vn -0.9991 -0.0000 0.0422
vn -0.0000 -0.0000 1.0000
vn -0.2022 -0.0000 0.9793
vn -0.9961 -0.0000 0.0877
vn -0.5343 -0.0000 -0.8453
vn 0.0460 -0.0000 -0.9989
vn 1.0000 -0.0000 -0.0000
vn 0.9947 -0.0000 0.1026
vn 0.3732 -0.0000 0.9277
vn 0.4376 -0.0000 0.8992
vn -0.5443 -0.0000 -0.8389
vn 0.4972 -0.0000 -0.8676
vn -0.9979 -0.0000 -0.0655
vn -0.9765 -0.0000 0.2153
vn 0.3974 -0.0000 0.9176
vn 0.9660 -0.0000 0.2587
vn 0.9945 -0.0000 0.1051
vn -0.2074 -0.0000 -0.9782
vn 0.9979 -0.0000 0.0647
vn -0.0691 -0.0000 0.9976
vn -0.1274 -0.0000 0.9919
vn 0.5399 -0.0000 0.8417
vn 0.5225 -0.0000 -0.8527
vn -0.0677 -0.0000 -0.9977
vn -0.6771 -0.0000 -0.7359
vn -0.6156 -0.0000 0.7880
vn 0.3030 -0.0000 -0.9530
vn 0.0677 -0.0000 -0.9977
vn -0.9823 -0.0000 0.1875
vn 0.1581 -0.0000 0.9874
vn -0.3633 -0.0000 -0.9317
vn -0.2985 -0.0000 -0.9544
vn -0.5701 -0.0000 -0.8216
vn 0.1018 -0.0000 -0.9948
vn -0.1226 -0.0000 -0.9925
vn 0.8281 -0.0000 -0.5606
vn 0.5399 -0.0000 -0.8417
vn -0.8931 -0.0000 -0.4498
vn -0.5316 -0.0000 0.8470
vn 0.7261 -0.0000 -0.6876
vn 0.3571 -0.0000 -0.9341
vn -0.4086 -0.0000 -0.9127
vn 0.3903 -0.0000 0.9207
vn 0.1157 -0.0000 0.9933
vn 0.8931 -0.0000 0.4498
vn -0.2196 -0.0000 0.9756
vn 0.4784 -0.0000 -0.8781
vn -0.8281 -0.0000 0.5606
vn -0.2771 -0.0000 -0.9608
vn -0.6438 -0.0000 -0.7652
vn 0.5666 -0.0000 -0.8240
vn 0.0677 -0.0000 0.9977
vn -0.2792 -0.0000 -0.9602
vn -0.1117 -0.0000 -0.9937
vn -0.9136 -0.0000 -0.4067
vn -0.9249 -0.0000 0.3802
vn 0.4212 -0.0000 0.9070
vn 0.4071 -0.0000 0.9134
vn 0.9759 -0.0000 -0.2182
vn 0.9979 -0.0000 0.0646
vn 0.8511 -0.0000 -0.5250
vn 0.9986 -0.0000 -0.0523
vn -0.9886 -0.0000 -0.1509
vn 0.9996 -0.0000 0.0297
vn 0.3253 -0.0000 0.9456
vn -0.9829 -0.0000 0.1839
vn 0.0377 -0.0000 0.9993
vn -0.9996 -0.0000 0.0297
vn -0.3317 -0.0000 0.9434
vn -0.5269 -0.0000 -0.8499
vn 0.9981 -0.0000 0.0617
vn 0.3565 -0.0000 0.9343
vn 0.5212 -0.0000 -0.8534
vn -0.3194 -0.0000 0.9476
vn -0.9981 -0.0000 0.0617
vn -0.1894 -0.0000 -0.9819
vn 0.9906 -0.0000 0.1368
vn 0.6119 -0.0000 0.7909
vn -0.9906 -0.0000 0.1369
vn -0.1861 -0.0000 0.9825
vn 0.9872 -0.0000 0.1595
vn -0.8532 -0.0000 0.5216
vn -0.9872 -0.0000 0.1594
vn 0.1853 -0.0000 -0.9827
vn 0.9182 -0.0000 0.3961
vn -0.3386 -0.0000 0.9409
vn -0.9182 -0.0000 0.3961
vn -0.7796 -0.0000 -0.6262
vn 0.2350 -0.0000 0.9720
vn 0.6186 -0.0000 0.7857
vn -0.3232 -0.0000 -0.9463
vn -0.9904 -0.0000 0.1385
vn -0.6186 -0.0000 0.7857
vn 0.2760 -0.0000 0.9612
vn 0.9989 -0.0000 -0.0464
vn 0.2015 -0.0000 -0.9795
vn -0.6794 -0.0000 0.7337
vn 0.7188 -0.0000 -0.6952
vn -0.0819 -0.0000 -0.9966
vn -0.4498 -0.0000 -0.8931
vn -0.6195 -0.0000 -0.7850
vn 0.5606 -0.0000 -0.8281
vn 0.9743 -0.0000 -0.2251
vn -0.1811 -0.0000 0.9835
vn -0.7504 -0.0000 -0.6610
vn 0.7294 -0.0000 0.6841
vn 0.6934 -0.0000 -0.7205
vn 0.9441 -0.0000 -0.3296
vn 0.9566 -0.0000 0.2913
vn 0.5460 -0.0000 0.8378
vn -0.9977 -0.0000 -0.0677
vn -0.9642 -0.0000 0.2652
vn -0.9558 -0.0000 0.2941
vn -0.0375 -0.0000 0.9993
vn 0.9977 -0.0000 0.0677
vn -0.9441 -0.0000 0.3296
vn -0.9224 -0.0000 0.3863
vn 0.7504 -0.0000 0.6610
vn 0.8053 -0.0000 -0.5929
vn -0.9864 -0.0000 -0.1645
vn -0.3756 -0.0000 -0.9268
vn -0.5606 -0.0000 0.8281
vn -0.4394 -0.0000 -0.8983
vn 0.9806 -0.0000 -0.1961
vn 0.5717 -0.0000 0.8205
vn 0.4498 -0.0000 0.8931
vn -0.2015 -0.0000 0.9795
vn -0.7343 -0.0000 -0.6788
vn -0.0307 -0.0000 -0.9995
vn 0.2729 -0.0000 -0.9620
vn 0.3764 -0.0000 -0.9265
vn 0.8457 -0.0000 -0.5337
vn -0.5268 -0.0000 -0.8500
vn -0.9696 -0.0000 -0.2446
vn 0.3206 -0.0000 0.9472
vn 0.9494 -0.0000 -0.3140
vn 0.6736 -0.0000 -0.7391
vn -0.2611 -0.0000 -0.9653
vn 0.9947 -0.0000 -0.1030
vn 1.0000 -0.0000 0.0039
vn -0.7212 -0.0000 0.6927
vn -0.4684 -0.0000 -0.8835
vn -0.4421 -0.0000 0.8969
vn -0.0000 -0.0000 -1.0000
vn 0.5064 -0.0000 0.8623
vn -0.9999 -0.0000 0.0119
vn 0.1078 -0.0000 0.9942
vn -0.4349 -0.0000 -0.9005
vn 0.9961 -0.0000 0.0878
vn 0.3979 -0.0000 0.9174
vn -0.0587 -0.0000 -0.9983
vn 0.0414 -0.0000 -0.9991
vn 0.2931 -0.0000 -0.9561
vn 0.2803 -0.0000 -0.9599
vn -0.9947 -0.0000 0.1026
vn 0.9877 -0.0000 0.1563
vn -0.3545 -0.0000 0.9350
vn 0.0651 -0.0000 -0.9979
vn 0.1798 -0.0000 -0.9837
vn -0.0262 -0.0000 -0.9997
vn 0.0595 -0.0000 0.9982
vn -0.5540 -0.0000 -0.8325
vn 0.9765 -0.0000 0.2153
vn -0.5404 -0.0000 -0.8414
vn -0.9660 -0.0000 0.2587
vn 0.7971 -0.0000 -0.6038
vn -0.5979 -0.0000 -0.8016
vn 0.1274 -0.0000 0.9918
vn -0.8950 -0.0000 -0.4460
vn 0.6033 -0.0000 0.7976
vn 0.8926 -0.0000 0.4508
vn 0.6965 -0.0000 -0.7176
vn -0.2015 -0.0000 -0.9795
vn 0.7504 -0.0000 -0.6610
vn 0.0393 -0.0000 0.9992
vn 0.8230 -0.0000 -0.5681
vn 0.7109 -0.0000 0.7033
vn -0.8583 -0.0000 0.5131
vn -0.9441 -0.0000 -0.3296
vn -0.8499 -0.0000 0.5269
vn -0.4131 -0.0000 -0.9107
vn 0.1613 -0.0000 0.9869
vn 0.9441 -0.0000 0.3296
vn -0.0289 -0.0000 -0.9996
vn 0.0144 -0.0000 -0.9999
vn -0.3505 -0.0000 -0.9366
vn 0.3572 -0.0000 0.9340
vn -0.3141 -0.0000 0.9494
vn 0.9329 -0.0000 -0.3602
vn 0.3169 -0.0000 -0.9484
vn -0.7504 -0.0000 0.6610
vn 0.0197 -0.0000 0.9998
vn 0.2015 -0.0000 0.9795
vn 0.6602 -0.0000 0.7511
vn 0.3223 -0.0000 -0.9466
vn 0.4823 -0.0000 0.8760
vn -0.3617 -0.0000 0.9323
vn 0.0396 -0.0000 -0.9992
vn -0.9111 -0.0000 -0.4122
vn 0.8987 -0.0000 -0.4385
vn -0.6845 -0.0000 -0.7290
vn -0.7010 -0.0000 0.7131
vn 0.5674 -0.0000 -0.8234
vn 0.3975 -0.0000 0.9176
vn -0.0233 -0.0000 0.9997
vn 0.9816 -0.0000 -0.1908
vn -0.5657 -0.0000 0.8246
vn -0.9866 -0.0000 0.1634
vn -0.8240 -0.0000 -0.5665
vn -0.7280 -0.0000 -0.6856
vn -0.5205 -0.0000 -0.8539
vn 0.9785 -0.0000 0.2062
vn -0.2733 -0.0000 -0.9619
vn 0.8291 -0.0000 0.5591
vn -0.5666 -0.0000 0.8240
vn 0.9920 -0.0000 -0.1265
vn -0.4692 -0.0000 -0.8831
vn -0.0666 -0.0000 0.9978
vn 0.1603 -0.0000 -0.9871
vn 0.8837 -0.0000 0.4680
vn 0.0589 -0.0000 -0.9983
vn -0.2060 -0.0000 -0.9786
vn -0.9874 -0.0000 0.1583
vn 0.8926 -0.0000 -0.4509
vn 0.4603 -0.0000 -0.8878
vn -0.7680 -0.0000 0.6404
vn 0.7177 -0.0000 -0.6964
vn -0.8921 -0.0000 0.4518
vn 0.5228 -0.0000 0.8524
vn -0.7354 -0.0000 -0.6777
vn 0.5153 -0.0000 0.8570
vn -0.4745 -0.0000 -0.8802
vn -0.2312 -0.0000 -0.9729
vn 0.4171 -0.0000 0.9088
vn -0.2283 -0.0000 0.9736
vn 0.0555 -0.0000 -0.9985
vn -0.9902 -0.0000 0.1395
vn -0.6147 -0.0000 0.7888
vn -0.0916 -0.0000 -0.9958
vn 0.0915 -0.0000 0.9958
vn 0.2666 -0.0000 0.9638
vn 0.0841 -0.0000 0.9965
vn -0.3562 -0.0000 0.9344
vn 0.2660 -0.0000 0.9640
vn -0.2127 -0.0000 -0.9771
vn -0.0584 -0.0000 0.9983
vn -0.2389 -0.0000 -0.9711
vn -0.3481 -0.0000 -0.9375
vn 0.4752 -0.0000 -0.8799
vn 0.9532 -0.0000 -0.3022
vn -0.4721 -0.0000 -0.8816
vn 0.4415 -0.0000 0.8973
vn -0.9953 -0.0000 -0.0966
vn 0.7166 -0.0000 -0.6975
vn 0.9998 -0.0000 0.0205
vn 0.9981 -0.0000 -0.0612
vn -0.6623 -0.0000 -0.7492
vn -0.7124 -0.0000 -0.7018
vn -0.9972 -0.0000 0.0742
vn -0.9980 -0.0000 0.0629
vn 0.9929 -0.0000 0.1189
vn 0.5569 -0.0000 0.8306
vn -0.9831 -0.0000 0.1832
vn -0.5903 -0.0000 -0.8072
vn -0.0601 -0.0000 0.9982
vn 0.9483 -0.0000 0.3172
vn 0.4233 -0.0000 -0.9060
vn 0.2687 -0.0000 0.9632
vn -0.3467 -0.0000 -0.9380
vn -0.3924 -0.0000 0.9198
vn -0.6739 -0.0000 0.7388
vn 0.5908 -0.0000 -0.8068
vn -0.8281 -0.0000 -0.5606
vn -0.3435 -0.0000 -0.9391
vn 0.1415 -0.0000 -0.9899
vn 0.8931 -0.0000 -0.4498
vn 0.6760 -0.0000 0.7369
vn 0.3774 -0.0000 -0.9260
vn -0.9334 -0.0000 0.3589
vn -0.5358 -0.0000 -0.8444
vn -0.8931 -0.0000 0.4498
vn 0.8281 -0.0000 0.5606
vn 0.0431 -0.0000 -0.9991
vn -0.9583 -0.0000 0.2857
vn -0.1707 -0.0000 0.9853
vn -0.4850 -0.0000 -0.8745
vn -0.0677 -0.0000 0.9977
vn 0.6555 -0.0000 0.7552
vn 0.1179 -0.0000 0.9930
vn 0.1117 -0.0000 -0.9937
vn -0.4576 -0.0000 0.8891
vn 0.2694 -0.0000 0.9630
vn 0.8822 -0.0000 -0.4708
vn -0.9759 -0.0000 -0.2182
vn 0.3905 -0.0000 -0.9206
vn -0.7476 -0.0000 0.6642
vn 0.9886 -0.0000 -0.1509
vn 0.2925 -0.0000 0.9563
vn -0.3400 -0.0000 -0.9404
vn 0.2109 -0.0000 -0.9775
vn 0.9992 -0.0000 0.0396
vn -0.2822 -0.0000 0.9594
vn -0.4907 -0.0000 0.8714
vn 0.6053 -0.0000 -0.7960
vn 0.3281 -0.0000 0.9446
vn -0.3084 -0.0000 -0.9513
vn 0.5355 -0.0000 0.8446
vn -0.1590 -0.0000 0.9873
vn -0.9987 -0.0000 0.0502
vn -0.6932 -0.0000 -0.7208
vn -0.8265 -0.0000 -0.5629
vn 0.7612 -0.0000 0.6485
vn -0.4659 -0.0000 0.8849
vn 0.4859 -0.0000 0.8740
vn 0.8307 -0.0000 -0.5567
vn 0.9896 -0.0000 0.1438
vn 0.9981 -0.0000 -0.0616
vn -0.7376 -0.0000 -0.6753
vn -0.5670 -0.0000 -0.8237
vn 0.5510 -0.0000 0.8345
vn -0.9899 -0.0000 0.1420
vn -0.9980 -0.0000 0.0639
vn -0.9803 -0.0000 -0.1976
vn 0.1645 -0.0000 0.9864
vn 0.9551 -0.0000 -0.2962
vn 0.8655 -0.0000 0.5009
vn -0.1865 -0.0000 0.9825
vn 0.9980 -0.0000 -0.0630
vn -0.7731 -0.0000 0.6343
vn -0.4988 -0.0000 -0.8667
vn 0.3296 -0.0000 -0.9441
vn -0.7720 -0.0000 0.6356
vn 0.6455 -0.0000 0.7638
vn 0.4041 -0.0000 -0.9147
vn -0.6610 -0.0000 -0.7504
vn 0.4065 -0.0000 -0.9136
vn 0.9795 -0.0000 -0.2015
vn -0.9697 -0.0000 0.2442
vn 0.0483 -0.0000 -0.9988
vn -0.6391 -0.0000 0.7691
vn -0.2382 -0.0000 -0.9712
vn -0.1533 -0.0000 -0.9882
vn -0.9795 -0.0000 0.2015
vn -0.0415 -0.0000 -0.9991
vn 0.3639 -0.0000 0.9314
vn 0.6610 -0.0000 0.7504
vn 0.0796 -0.0000 0.9968
vn -0.8438 -0.0000 0.5366
vn 0.4778 -0.0000 0.8785
vn 0.7343 -0.0000 -0.6789
vn -0.3296 -0.0000 0.9441
vn 0.6033 -0.0000 0.7975
vn -0.8457 -0.0000 -0.5337
vn 0.3438 -0.0000 -0.9390
vn -0.4715 -0.0000 0.8819
vn -0.7185 -0.0000 0.6955
vn 0.9999 -0.0000 -0.0159
vn -0.4307 -0.0000 -0.9025
vn 0.1910 -0.0000 0.9816
vn 0.4899 -0.0000 0.8718
vn -0.1918 -0.0000 -0.9814
vn 0.0305 -0.0000 0.9995
vn 0.0204 -0.0000 -0.9998
vn 0.0255 -0.0000 0.9997
vn -0.9998 -0.0000 0.0205
vn -0.3917 -0.0000 0.9201
vn 0.8172 -0.0000 -0.5763
vn 0.9972 -0.0000 0.0742
vn 0.8536 -0.0000 0.5210
vn 0.3086 -0.0000 -0.9512
vn 0.0850 -0.0000 -0.9964
vn -0.8589 -0.0000 -0.5121
vn -0.0580 -0.0000 0.9983
vn -0.3122 -0.0000 0.9500
vn 0.3640 -0.0000 -0.9314
vn -0.9929 -0.0000 0.1189
vn 0.5326 -0.0000 0.8464
vn 0.1806 -0.0000 0.9836
vn 0.9831 -0.0000 0.1832
vn 0.9987 -0.0000 0.0518
vn -0.2847 -0.0000 0.9586
vn -0.6465 -0.0000 -0.7629
vn -0.9484 -0.0000 0.3172
vn -0.8259 -0.0000 -0.5638
vn 0.8115 -0.0000 0.5843
vn 0.3924 -0.0000 0.9198
vn 0.9455 -0.0000 0.3257
vn 0.1914 -0.0000 0.9815
vn -0.9144 -0.0000 0.4049
vn -0.9600 -0.0000 -0.2801
vn 0.9465 -0.0000 0.3227
vn -0.3296 -0.0000 -0.9441
vn -0.9136 -0.0000 0.4065
vn 0.6610 -0.0000 -0.7504
vn 0.7347 -0.0000 -0.6784
vn 0.9586 -0.0000 -0.2846
vn -0.9807 -0.0000 0.1956
vn -0.4525 -0.0000 -0.8918
vn -0.0848 -0.0000 -0.9964
vn -0.3114 -0.0000 -0.9503
vn 0.7332 -0.0000 -0.6800
vn -0.9795 -0.0000 -0.2015
vn 0.3188 -0.0000 0.9478
vn -0.8080 -0.0000 0.5892
vn 0.9795 -0.0000 0.2015
vn 0.2578 -0.0000 -0.9662
vn -0.2702 -0.0000 -0.9628
vn 0.4671 -0.0000 0.8842
vn -0.6610 -0.0000 0.7504
vn 0.0613 -0.0000 0.9981
vn -0.0550 -0.0000 -0.9985
vn 0.3296 -0.0000 0.9441
vn -0.0647 -0.0000 0.9979
vn 0.1268 -0.0000 -0.9919
vn 0.4631 -0.0000 -0.8863
vn 0.2016 -0.0000 -0.9795
vn -0.2983 -0.0000 0.9545
vn -0.5742 -0.0000 -0.8187
vn 0.1916 -0.0000 0.9815
vn -0.4405 -0.0000 0.8977
vn 0.9551 -0.0000 -0.2961
vn 0.5178 -0.0000 0.8555
vn -0.4881 -0.0000 -0.8728
vn -0.9959 -0.0000 0.0903
vn -0.5439 -0.0000 -0.8391
vn 0.0473 -0.0000 -0.9989
vn -0.4987 -0.0000 -0.8668
vn 0.9992 -0.0000 -0.0393
vn 0.7558 -0.0000 -0.6548
vn 0.3429 -0.0000 -0.9394
vn -0.9986 -0.0000 0.0525
vn -0.3239 -0.0000 0.9461
vn -0.5061 -0.0000 -0.8625
vn 0.7441 -0.0000 0.6681
vn -0.9961 -0.0000 0.0878
vn 0.0635 -0.0000 0.9980
vn 0.6133 -0.0000 -0.7899
vn 0.2406 -0.0000 0.9706
vn -0.7414 -0.0000 -0.6711
vn -0.1507 -0.0000 -0.9886
vn 0.8956 -0.0000 0.4449
vn -0.9454 -0.0000 0.3260
vn 0.8209 -0.0000 -0.5711
vn -0.4926 -0.0000 0.8702
vn -0.5836 -0.0000 0.8121
vn 0.2114 -0.0000 0.9774
vn 0.5318 -0.0000 0.8469
vn -0.1297 -0.0000 -0.9915
vn 0.9684 -0.0000 -0.2496
vn -0.2520 -0.0000 -0.9677
vn 0.8655 -0.0000 0.5010
vn -0.1448 -0.0000 -0.9895
vn -0.0186 -0.0000 -0.9998
vn 0.5553 -0.0000 -0.8317
vn -0.9597 -0.0000 0.2810
vn -0.6270 -0.0000 -0.7790
vn 0.2297 -0.0000 0.9733
vn 0.8086 -0.0000 -0.5883
vn -0.6813 -0.0000 -0.7321
vn -0.1779 -0.0000 0.9840
vn 0.1191 -0.0000 -0.9929
vn 0.6182 -0.0000 0.7860
vn -0.6740 -0.0000 -0.7388
vn 0.0274 -0.0000 0.9996
vn 0.6080 -0.0000 -0.7940
vn 0.3538 -0.0000 0.9353
vn -0.5280 -0.0000 0.8492
vn -0.5620 -0.0000 0.8271
vn 0.0829 -0.0000 0.9966
vn -0.9872 -0.0000 0.1595
vn 0.9182 -0.0000 0.3960
vn 0.9311 -0.0000 0.3648
vn -0.8776 -0.0000 0.4793
vn -0.1419 -0.0000 -0.9899
vn 0.7043 -0.0000 0.7099
vn 0.5785 -0.0000 -0.8157
vn 0.1796 -0.0000 -0.9837
vn -0.6803 -0.0000 -0.7329
vn -0.4203 -0.0000 -0.9074
vn 0.1353 -0.0000 -0.9908
vn 0.4838 -0.0000 0.8752
vn -0.1211 -0.0000 0.9926
vn -0.1242 -0.0000 0.9923
vn -0.4618 -0.0000 0.8870
vn -0.9670 -0.0000 0.2548
vn 0.6423 -0.0000 0.7665
vn -0.4142 -0.0000 -0.9102
vn 0.7028 -0.0000 0.7114
vn -0.4160 -0.0000 -0.9094
vn 0.1959 -0.0000 0.9806
vn 0.4990 -0.0000 0.8666
vn -0.9980 -0.0000 -0.0632
vn 0.9819 -0.0000 -0.1892
vn 0.9439 -0.0000 -0.3302
vn -0.9970 -0.0000 -0.0777
vn -0.2848 -0.0000 -0.9586
vn 0.9824 -0.0000 -0.1870
vn 0.5909 -0.0000 -0.8068
vn 0.3481 -0.0000 -0.9375
vn 0.2852 -0.0000 -0.9585
vn 0.9995 -0.0000 -0.0309
vn -0.6213 -0.0000 0.7836
vn -0.9532 -0.0000 -0.3022
vn -0.4105 -0.0000 -0.9119
vn -0.3341 -0.0000 -0.9425
vn 0.9953 -0.0000 -0.0966
vn -0.5929 -0.0000 0.8052
vn -0.3939 -0.0000 -0.9191
vn 0.4509 -0.0000 0.8926
vn 0.3422 -0.0000 0.9396
vn -0.1963 -0.0000 -0.9805
vn 0.3022 -0.0000 -0.9532
vn 0.1469 -0.0000 0.9892
vn -0.0625 -0.0000 -0.9980
vn -0.9992 -0.0000 0.0396
vn 0.4409 -0.0000 -0.8976
vn 0.0503 -0.0000 0.9987
vn 0.9987 -0.0000 0.0502
vn 0.6039 -0.0000 0.7971
vn -0.7287 -0.0000 -0.6849
vn 0.4683 -0.0000 -0.8836
vn 0.5456 -0.0000 0.8381
vn 0.8912 -0.0000 -0.4537
vn 0.8639 -0.0000 0.5037
vn -0.9896 -0.0000 0.1438
vn -0.6083 -0.0000 -0.7937
vn 0.9899 -0.0000 0.1421
vn -0.6397 -0.0000 0.7686
vn 0.7466 -0.0000 -0.6653
vn -0.8070 -0.0000 -0.5906
vn -0.5738 -0.0000 0.8190
vn -0.8655 -0.0000 0.5009
vn -0.2633 -0.0000 0.9647
vn 0.7731 -0.0000 0.6343
vn -0.5248 -0.0000 -0.8512
vn -0.3890 -0.0000 0.9213
vn -0.1854 -0.0000 -0.9827
vn 0.2115 -0.0000 0.9774
vn 0.4498 -0.0000 -0.8931
vn 0.7440 -0.0000 0.6682
vn 0.2225 -0.0000 0.9749
vn -0.9175 -0.0000 -0.3978
vn 0.9082 -0.0000 -0.4186
vn 0.2504 -0.0000 -0.9681
vn -0.5606 -0.0000 -0.8281
vn -0.8552 -0.0000 0.5183
vn 0.9977 -0.0000 -0.0677
vn 0.8758 -0.0000 0.4828
vn -0.9049 -0.0000 0.4256
vn -0.9977 -0.0000 0.0677
vn 0.9242 -0.0000 -0.3820
vn -0.1147 -0.0000 0.9934
vn -0.0761 -0.0000 -0.9971
vn 0.2359 -0.0000 -0.9718
vn -0.8763 -0.0000 0.4818
vn -0.1234 -0.0000 -0.9924
vn -0.4326 -0.0000 0.9016
vn 0.5606 -0.0000 0.8281
vn -0.4498 -0.0000 0.8931
vn -0.3432 -0.0000 -0.9393
vn -0.3579 -0.0000 -0.9338
vn 0.6552 -0.0000 0.7554
vn -0.3196 -0.0000 -0.9476
vn 0.7452 -0.0000 0.6669
vn -0.8065 -0.0000 0.5912
vn -0.9449 -0.0000 -0.3272
vn 0.2724 -0.0000 0.9622
vn 0.1467 -0.0000 -0.9892
vn 0.4297 -0.0000 0.9029
vn 0.4092 -0.0000 -0.9125
vn -0.4839 -0.0000 0.8751
vn 0.4225 -0.0000 0.9064
vn 0.4557 -0.0000 0.8902
vn 0.9813 -0.0000 -0.1926
vn 0.9816 -0.0000 -0.1909
vn 0.0192 -0.0000 0.9998
vn -0.7368 -0.0000 0.6761
vn -0.3333 -0.0000 0.9428
vn 0.2145 -0.0000 -0.9767
vn -0.0658 -0.0000 0.9978
vn 0.2882 -0.0000 -0.9576
vn -0.6757 -0.0000 0.7372
vn -0.8356 -0.0000 -0.5494
vn 0.3649 -0.0000 0.9310
vn 0.3415 -0.0000 -0.9399
vn -0.0313 -0.0000 0.9995
vn -0.1817 -0.0000 -0.9833
vn 0.3342 -0.0000 0.9425
vn 0.6480 -0.0000 0.7617
vn 0.1262 -0.0000 -0.9920
vn 0.0457 -0.0000 0.9990
vn -0.6314 -0.0000 -0.7755
vn -0.4291 -0.0000 -0.9033
vn 0.9485 -0.0000 0.3168
vn -0.4809 -0.0000 -0.8768
vn -0.5412 -0.0000 -0.8409
vn 0.0612 -0.0000 -0.9981
vn -0.6448 -0.0000 -0.7643
vn 0.8073 -0.0000 -0.5901
vn 0.3807 -0.0000 -0.9247
vn 0.3342 -0.0000 -0.9425
vn -0.2670 -0.0000 0.9637
vn -0.2441 -0.0000 0.9697
vn -0.5484 -0.0000 -0.8362
vn 0.3169 -0.0000 0.9485
vn -0.9511 -0.0000 0.3089
vn 0.6487 -0.0000 -0.7610
vn 0.3239 -0.0000 0.9461
vn 0.9961 -0.0000 0.0877
vn 0.3020 -0.0000 0.9533
vn -0.0611 -0.0000 0.9981
vn 0.9808 -0.0000 0.1949
vn 0.8332 -0.0000 -0.5529
vn -0.7414 -0.0000 -0.6710
vn 0.9806 -0.0000 0.1958
vn -0.4539 -0.0000 0.8910
vn -0.9979 -0.0000 0.0644
vn 0.5745 -0.0000 0.8185
vn -0.6212 -0.0000 0.7836
vn 0.6326 -0.0000 -0.7745
vn -0.9548 -0.0000 0.2972
vn -0.9157 -0.0000 0.4018
vn 0.6328 -0.0000 -0.7743
vn 0.9895 -0.0000 -0.1446
vn -0.2857 -0.0000 -0.9583
vn -0.4904 -0.0000 -0.8715
vn -0.1383 -0.0000 -0.9904
vn -0.0898 -0.0000 -0.9960
vn -0.9991 -0.0000 0.0433
vn 0.2778 -0.0000 0.9606
vn -0.4170 -0.0000 0.9089
vn 0.1533 -0.0000 0.9882
vn -0.2007 -0.0000 0.9796
vn -0.5249 -0.0000 -0.8512
vn 0.9081 -0.0000 -0.4187
vn 0.4298 -0.0000 0.9029
vn 0.9484 -0.0000 0.3172
vn 0.5400 -0.0000 0.8417
vn -0.0436 -0.0000 -0.9990
vn -0.0481 -0.0000 -0.9988
vn 0.6294 -0.0000 -0.7771
vn -0.3890 -0.0000 0.9212
vn -0.5866 -0.0000 -0.8099
vn 0.7343 -0.0000 -0.6788
vn -0.6434 -0.0000 -0.7655
vn -0.0613 -0.0000 -0.9981
vn 0.8804 -0.0000 -0.4743
vn -0.1789 -0.0000 -0.9839
vn 0.2860 -0.0000 -0.9582
vn 0.1974 -0.0000 -0.9803
vn 0.6693 -0.0000 0.7430
vn 0.2493 -0.0000 -0.9684
vn -0.3979 -0.0000 0.9174
vn -0.3937 -0.0000 0.9192
vn 0.0896 -0.0000 0.9960
vn -0.6075 -0.0000 -0.7943
vn -0.0235 -0.0000 0.9997
vn -0.0694 -0.0000 0.9976
vn -0.4406 -0.0000 0.8977
vn 0.6432 -0.0000 -0.7657
vn 0.4239 -0.0000 0.9057
vn 0.7485 -0.0000 0.6631
vn 0.8232 -0.0000 0.5678
vn -0.8924 -0.0000 -0.4512
vn -0.9471 -0.0000 -0.3210
vn -0.4870 -0.0000 0.8734
vn 0.8946 -0.0000 -0.4468
vn -0.8002 -0.0000 0.5998
vn -0.9483 -0.0000 0.3172
vn 0.2461 -0.0000 0.9692
vn 0.9463 -0.0000 -0.3233
vn 0.9654 -0.0000 0.2607
vn -0.7871 -0.0000 0.6168
vn -0.9986 -0.0000 0.0523
vn -0.8220 -0.0000 0.5696
vn -0.3721 -0.0000 -0.9282
vn 0.0544 -0.0000 -0.9985
vn -0.2077 -0.0000 -0.9782
vn 0.0606 -0.0000 0.9982
vn 0.1703 -0.0000 -0.9854
vn 0.3017 -0.0000 0.9534
vn 0.2156 -0.0000 -0.9765
vn 0.0145 -0.0000 0.9999
vn -0.3003 -0.0000 -0.9538
vn -0.4295 -0.0000 0.9031
vn -0.0659 -0.0000 -0.9978
vn -0.0718 -0.0000 0.9974
vn 0.7390 -0.0000 0.6737
vn 0.5210 -0.0000 -0.8536
vn -0.9814 -0.0000 -0.1921
vn -0.7716 -0.0000 -0.6361
vn 0.9478 -0.0000 -0.3190
vn -0.6035 -0.0000 0.7974
vn -0.3294 -0.0000 -0.9442
vn -0.1768 -0.0000 0.9842
vn -0.6988 -0.0000 0.7153
vn 0.1678 -0.0000 -0.9858
vn 0.8219 -0.0000 0.5696
vn 0.4237 -0.0000 0.9058
vn 0.1032 -0.0000 0.9947
vt 0.917355 0.000000
vt 0.909091 0.000000
vt 0.900826 0.000000
vt 0.925620 0.000000
vt 0.892562 0.000000
vt 0.933884 0.000000
vt 0.884298 0.000000
vt 0.942149 0.000000
vt 0.876033 0.000000
vt 0.950413 0.000000
vt 0.867769 0.000000
vt 0.958678 0.000000
vt 0.859504 0.000000
vt 0.966942 0.000000
vt 0.851240 0.000000
vt 0.975207 0.000000
vt 0.842975 0.000000
vt 0.983471 0.000000
vt 0.834711 0.000000
vt 0.991736 0.000000
vt 0.826446 0.000000
vt 1.000000 0.000000
vt 0.818182 0.000000
vt 0.396694 0.000000
vt 0.809917 0.000000
vt 0.404959 0.000000
vt 0.801653 0.000000
vt 0.793388 0.000000
vt 0.413223 0.000000
vt 0.785124 0.000000
vt 0.421488 0.000000
vt 0.776860 0.000000
vt 0.429752 0.000000
vt 0.768595 0.000000
vt 0.438017 0.000000
vt 0.760331 0.000000
vt 0.446281 0.000000
vt 0.752066 0.000000
vt 0.454545 0.000000
vt 0.743802 0.000000
vt 0.462810 0.000000
vt 0.735537 0.000000
vt 0.471074 0.000000
vt 0.727273 0.000000
vt 0.479339 0.000000
vt 0.719008 0.000000
vt 0.487603 0.000000
vt 0.710744 0.000000
vt 0.495868 0.000000
vt 0.504132 0.000000
vt 0.702479 0.000000
vt 0.512397 0.000000
vt 0.694215 0.000000
vt 0.520661 0.000000
vt 0.685950 0.000000
vt 0.528926 0.000000
vt 0.677686 0.000000
vt 0.537190 0.000000
vt 0.669421 0.000000
vt 0.545455 0.000000
vt 0.661157 0.000000
vt 0.553719 0.000000
vt 0.652893 0.000000
vt 0.561983 0.000000
vt 0.644628 0.000000
vt 0.570248 0.000000
vt 0.636364 0.000000
vt 0.578512 0.000000
vt 0.628099 0.000000
vt 0.586777 0.000000
vt 0.619835 0.000000
vt 0.595041 0.000000
vt 0.611570 0.000000
vt 0.603306 0.000000
vt 0.008264 0.000000
vt 0.000000 0.000000
vt 0.388430 0.000000
vt 0.016529 0.000000
vt 0.380165 0.000000
vt 0.024793 0.000000
vt 0.371901 0.000000
vt 0.033058 0.000000
vt 0.363636 0.000000
vt 0.041322 0.000000
vt 0.355372 0.000000
vt 0.049587 0.000000
vt 0.347107 0.000000
vt 0.057851 0.000000
vt 0.338843 0.000000
vt 0.066116 0.000000
vt 0.330579 0.000000
vt 0.074380 0.000000
vt 0.322314 0.000000
vt 0.082645 0.000000
vt 0.314050 0.000000
vt 0.090909 0.000000
vt 0.305785 0.000000
vt 0.297521 0.000000
vt 0.099174 0.000000
vt 0.107438 0.000000
vt 0.289256 0.000000
vt 0.115702 0.000000
vt 0.280992 0.000000
vt 0.123967 0.000000
vt 0.272727 0.000000
vt 0.132231 0.000000
vt 0.264463 0.000000
vt 0.140496 0.000000
vt 0.256198 0.000000
vt 0.148760 0.000000
vt 0.247934 0.000000
vt 0.157025 0.000000
vt 0.239669 0.000000
vt 0.165289 0.000000
vt 0.231405 0.000000
vt 0.173554 0.000000
vt 0.223140 0.000000
vt 0.181818 0.000000
vt 0.214876 0.000000
vt 0.190083 0.000000
vt 0.206612 0.000000
vt 0.198347 0.000000
vt 0.759259 0.000000
vt 0.740741 0.000000
vt 0.722222 0.000000
vt 0.703704 0.000000
vt 0.777778 0.000000
vt 0.685185 0.000000
vt 0.796296 0.000000
vt 0.666667 0.000000
vt 0.648148 0.000000
vt 0.814815 0.000000
vt 0.629630 0.000000
vt 0.018519 0.000000
vt 0.981481 0.000000
vt 0.833333 0.000000
vt 0.611111 0.000000
vt 0.592593 0.000000
vt 0.851852 0.000000
vt 0.574074 0.000000
vt 0.870370 0.000000
vt 0.555556 0.000000
vt 0.537037 0.000000
vt 0.888889 0.000000
vt 0.518519 0.000000
vt 0.907407 0.000000
vt 0.333333 0.000000
vt 0.351852 0.000000
vt 0.370370 0.000000
vt 0.388889 0.000000
vt 0.407407 0.000000
vt 0.425926 0.000000
vt 0.444444 0.000000
vt 0.462963 0.000000
vt 0.481481 0.000000
vt 0.500000 0.000000
vt 0.925926 0.000000
vt 0.296296 0.000000
vt 0.314815 0.000000
vt 0.944444 0.000000
vt 0.259259 0.000000
vt 0.277778 0.000000
vt 0.240741 0.000000
vt 0.222222 0.000000
vt 0.962963 0.000000
vt 0.203704 0.000000
vt 0.185185 0.000000
vt 0.111111 0.000000
vt 0.129630 0.000000
vt 0.148148 0.000000
vt 0.166667 0.000000
vt 0.092593 0.000000
vt 0.074074 0.000000
vt 0.055556 0.000000
vt 0.037037 0.000000
vt 0.219653 0.000000
vt 0.213873 0.000000
vt 0.208092 0.000000
vt 0.225434 0.000000
vt 0.202312 0.000000
vt 0.231214 0.000000
vt 0.236994 0.000000
vt 0.196532 0.000000
vt 0.242775 0.000000
vt 0.190751 0.000000
vt 0.248555 0.000000
vt 0.254335 0.000000
vt 0.184971 0.000000
vt 0.260116 0.000000
vt 0.179191 0.000000
vt 0.265896 0.000000
vt 0.271676 0.000000
vt 0.173410 0.000000
vt 0.277457 0.000000
vt 0.167630 0.000000
vt 0.283237 0.000000
vt 0.289017 0.000000
vt 0.294798 0.000000
vt 0.300578 0.000000
vt 0.306358 0.000000
vt 0.312139 0.000000
vt 0.317919 0.000000
vt 0.323699 0.000000
vt 0.329480 0.000000
vt 0.335260 0.000000
vt 0.341040 0.000000
vt 0.346821 0.000000
vt 0.352601 0.000000
vt 0.358382 0.000000
vt 0.161850 0.000000
vt 0.364162 0.000000
vt 0.156069 0.000000
vt 0.369942 0.000000
vt 0.375723 0.000000
vt 0.381503 0.000000
vt 0.387283 0.000000
vt 0.393064 0.000000
vt 0.150289 0.000000
vt 0.398844 0.000000
vt 0.404624 0.000000
vt 0.410405 0.000000
vt 0.144509 0.000000
vt 0.416185 0.000000
vt 0.421965 0.000000
vt 0.138728 0.000000
vt 0.427746 0.000000
vt 0.433526 0.000000
vt 0.439306 0.000000
vt 0.445087 0.000000
vt 0.450867 0.000000
vt 0.456647 0.000000
vt 0.462428 0.000000
vt 0.994220 0.000000
vt 0.791907 0.000000
vt 0.988439 0.000000
vt 0.468208 0.000000
vt 0.982659 0.000000
vt 0.473988 0.000000
vt 0.976879 0.000000
vt 0.479769 0.000000
vt 0.971098 0.000000
vt 0.965318 0.000000
vt 0.485549 0.000000
vt 0.959538 0.000000
vt 0.491329 0.000000
vt 0.953757 0.000000
vt 0.947977 0.000000
vt 0.497110 0.000000
vt 0.942197 0.000000
vt 0.936416 0.000000
vt 0.502890 0.000000
vt 0.930636 0.000000
vt 0.508671 0.000000
vt 0.924855 0.000000
vt 0.919075 0.000000
vt 0.514451 0.000000
vt 0.913295 0.000000
vt 0.907514 0.000000
vt 0.797688 0.000000
vt 0.520231 0.000000
vt 0.803468 0.000000
vt 0.901734 0.000000
vt 0.809249 0.000000
vt 0.005780 0.000000
vt 0.786127 0.000000
vt 0.132948 0.000000
vt 0.895954 0.000000
vt 0.011561 0.000000
vt 0.815029 0.000000
vt 0.127168 0.000000
vt 0.017341 0.000000
vt 0.526012 0.000000
vt 0.890173 0.000000
vt 0.121387 0.000000
vt 0.820809 0.000000
vt 0.023121 0.000000
vt 0.115607 0.000000
vt 0.826590 0.000000
vt 0.028902 0.000000
vt 0.884393 0.000000
vt 0.109827 0.000000
vt 0.034682 0.000000
vt 0.832370 0.000000
vt 0.104046 0.000000
vt 0.040462 0.000000
vt 0.878613 0.000000
vt 0.098266 0.000000
vt 0.838150 0.000000
vt 0.046243 0.000000
vt 0.092486 0.000000
vt 0.531792 0.000000
vt 0.052023 0.000000
vt 0.872832 0.000000
vt 0.843931 0.000000
vt 0.086705 0.000000
vt 0.057803 0.000000
vt 0.080925 0.000000
vt 0.063584 0.000000
vt 0.849711 0.000000
vt 0.075145 0.000000
vt 0.069364 0.000000
vt 0.867052 0.000000
vt 0.855491 0.000000
vt 0.861272 0.000000
vt 0.647399 0.000000
vt 0.537572 0.000000
vt 0.641618 0.000000
vt 0.653179 0.000000
vt 0.543353 0.000000
vt 0.635838 0.000000
vt 0.658960 0.000000
vt 0.780347 0.000000
vt 0.549133 0.000000
vt 0.630058 0.000000
vt 0.664740 0.000000
vt 0.774566 0.000000
vt 0.624277 0.000000
vt 0.670520 0.000000
vt 0.554913 0.000000
vt 0.768786 0.000000
vt 0.618497 0.000000
vt 0.676301 0.000000
vt 0.763006 0.000000
vt 0.560694 0.000000
vt 0.612717 0.000000
vt 0.682081 0.000000
vt 0.757225 0.000000
vt 0.606936 0.000000
vt 0.687861 0.000000
vt 0.751445 0.000000
vt 0.566474 0.000000
vt 0.601156 0.000000
vt 0.693642 0.000000
vt 0.745665 0.000000
vt 0.595376 0.000000
vt 0.739884 0.000000
vt 0.699422 0.000000
vt 0.572254 0.000000
vt 0.734104 0.000000
vt 0.589595 0.000000
vt 0.705202 0.000000
vt 0.728324 0.000000
vt 0.583815 0.000000
vt 0.710983 0.000000
vt 0.578035 0.000000
vt 0.722543 0.000000
vt 0.716763 0.000000
vt 0.387755 0.000000
vt 0.377551 0.000000
vt 0.367347 0.000000
vt 0.357143 0.000000
vt 0.397959 0.000000
vt 0.346939 0.000000
vt 0.408163 0.000000
vt 0.336735 0.000000
vt 0.418367 0.000000
vt 0.326531 0.000000
vt 0.428571 0.000000
vt 0.316327 0.000000
vt 0.438776 0.000000
vt 0.306122 0.000000
vt 0.448980 0.000000
vt 0.877551 0.000000
vt 0.867347 0.000000
vt 0.887755 0.000000
vt 0.857143 0.000000
vt 0.897959 0.000000
vt 0.846939 0.000000
vt 0.908163 0.000000
vt 0.295918 0.000000
vt 0.836735 0.000000
vt 0.459184 0.000000
vt 0.918367 0.000000
vt 0.826531 0.000000
vt 0.928571 0.000000
vt 0.816327 0.000000
vt 0.938776 0.000000
vt 0.806122 0.000000
vt 0.948980 0.000000
vt 0.469388 0.000000
vt 0.285714 0.000000
vt 0.795918 0.000000
vt 0.959184 0.000000
vt 0.785714 0.000000
vt 0.969388 0.000000
vt 0.479592 0.000000
vt 0.275510 0.000000
vt 0.775510 0.000000
vt 0.979592 0.000000
vt 0.765306 0.000000
vt 0.989796 0.000000
vt 0.489796 0.000000
vt 0.755102 0.000000
vt 0.265306 0.000000
vt 0.255102 0.000000
vt 0.510204 0.000000
vt 0.244898 0.000000
vt 0.234694 0.000000
vt 0.520408 0.000000
vt 0.224490 0.000000
vt 0.214286 0.000000
vt 0.530612 0.000000
vt 0.204082 0.000000
vt 0.540816 0.000000
vt 0.193878 0.000000
vt 0.010204 0.000000
vt 0.744898 0.000000
vt 0.183673 0.000000
vt 0.020408 0.000000
vt 0.030612 0.000000
vt 0.551020 0.000000
vt 0.173469 0.000000
vt 0.040816 0.000000
vt 0.051020 0.000000
vt 0.163265 0.000000
vt 0.061224 0.000000
vt 0.153061 0.000000
vt 0.071429 0.000000
vt 0.561224 0.000000
vt 0.081633 0.000000
vt 0.142857 0.000000
vt 0.091837 0.000000
vt 0.132653 0.000000
vt 0.102041 0.000000
vt 0.112245 0.000000
vt 0.122449 0.000000
vt 0.571429 0.000000
vt 0.734694 0.000000
vt 0.581633 0.000000
vt 0.724490 0.000000
vt 0.714286 0.000000
vt 0.591837 0.000000
vt 0.704082 0.000000
vt 0.693878 0.000000
vt 0.602041 0.000000
vt 0.683673 0.000000
vt 0.673469 0.000000
vt 0.612245 0.000000
vt 0.663265 0.000000
vt 0.653061 0.000000
vt 0.642857 0.000000
vt 0.622449 0.000000
vt 0.632653 0.000000
vt 0.134021 0.000000
vt 0.123711 0.000000
vt 0.113402 0.000000
vt 0.103093 0.000000
vt 0.092784 0.000000
vt 0.144330 0.000000
vt 0.082474 0.000000
vt 0.072165 0.000000
vt 0.061856 0.000000
vt 0.154639 0.000000
vt 0.051546 0.000000
vt 0.041237 0.000000
vt 0.030928 0.000000
vt 0.164948 0.000000
vt 0.020619 0.000000
vt 0.010309 0.000000
vt 0.175258 0.000000
vt 0.896907 0.000000
vt 0.907216 0.000000
vt 0.917526 0.000000
vt 0.927835 0.000000
vt 0.938144 0.000000
vt 0.948454 0.000000
vt 0.958763 0.000000
vt 0.969072 0.000000
vt 0.979381 0.000000
vt 0.989691 0.000000
vt 0.185567 0.000000
vt 0.876289 0.000000
vt 0.886598 0.000000
vt 0.865979 0.000000
vt 0.855670 0.000000
vt 0.845361 0.000000
vt 0.195876 0.000000
vt 0.835052 0.000000
vt 0.824742 0.000000
vt 0.206186 0.000000
vt 0.814433 0.000000
vt 0.804124 0.000000
vt 0.216495 0.000000
vt 0.793814 0.000000
vt 0.226804 0.000000
vt 0.783505 0.000000
vt 0.773196 0.000000
vt 0.237113 0.000000
vt 0.762887 0.000000
vt 0.247423 0.000000
vt 0.752577 0.000000
vt 0.742268 0.000000
vt 0.257732 0.000000
vt 0.731959 0.000000
vt 0.268041 0.000000
vt 0.721649 0.000000
vt 0.278351 0.000000
vt 0.711340 0.000000
vt 0.288660 0.000000
vt 0.701031 0.000000
vt 0.298969 0.000000
vt 0.690722 0.000000
vt 0.515464 0.000000
vt 0.505155 0.000000
vt 0.494845 0.000000
vt 0.680412 0.000000
vt 0.525773 0.000000
vt 0.309278 0.000000
vt 0.536082 0.000000
vt 0.670103 0.000000
vt 0.546392 0.000000
vt 0.556701 0.000000
vt 0.659794 0.000000
vt 0.567010 0.000000
vt 0.319588 0.000000
vt 0.577320 0.000000
vt 0.649485 0.000000
vt 0.587629 0.000000
vt 0.597938 0.000000
vt 0.639175 0.000000
vt 0.608247 0.000000
vt 0.618557 0.000000
vt 0.628866 0.000000
vt 0.329897 0.000000
vt 0.484536 0.000000
vt 0.340206 0.000000
vt 0.474227 0.000000
vt 0.463918 0.000000
vt 0.453608 0.000000
vt 0.350515 0.000000
vt 0.443299 0.000000
vt 0.432990 0.000000
vt 0.422680 0.000000
vt 0.360825 0.000000
vt 0.412371 0.000000
vt 0.402062 0.000000
vt 0.391753 0.000000
vt 0.371134 0.000000
vt 0.381443 0.000000
vt 0.886792 0.000000
vt 0.877358 0.000000
vt 0.867925 0.000000
vt 0.660377 0.000000
vt 0.650943 0.000000
vt 0.641509 0.000000
vt 0.896226 0.000000
vt 0.858491 0.000000
vt 0.669811 0.000000
vt 0.632075 0.000000
vt 0.905660 0.000000
vt 0.849057 0.000000
vt 0.679245 0.000000
vt 0.915094 0.000000
vt 0.839623 0.000000
vt 0.622642 0.000000
vt 0.688679 0.000000
vt 0.924528 0.000000
vt 0.009434 0.000000
vt 0.990566 0.000000
vt 0.830189 0.000000
vt 0.698113 0.000000
vt 0.933962 0.000000
vt 0.613208 0.000000
vt 0.820755 0.000000
vt 0.943396 0.000000
vt 0.707547 0.000000
vt 0.811321 0.000000
vt 0.603774 0.000000
vt 0.952830 0.000000
vt 0.716981 0.000000
vt 0.801887 0.000000
vt 0.962264 0.000000
vt 0.726415 0.000000
vt 0.594340 0.000000
vt 0.792453 0.000000
vt 0.971698 0.000000
vt 0.735849 0.000000
vt 0.783019 0.000000
vt 0.981132 0.000000
vt 0.584906 0.000000
vt 0.745283 0.000000
vt 0.773585 0.000000
vt 0.754717 0.000000
vt 0.396226 0.000000
vt 0.575472 0.000000
vt 0.028302 0.000000
vt 0.037736 0.000000
vt 0.047170 0.000000
vt 0.056604 0.000000
vt 0.066038 0.000000
vt 0.075472 0.000000
vt 0.084906 0.000000
vt 0.094340 0.000000
vt 0.103774 0.000000
vt 0.113208 0.000000
vt 0.122642 0.000000
vt 0.132075 0.000000
vt 0.141509 0.000000
vt 0.764151 0.000000
vt 0.386792 0.000000
vt 0.150943 0.000000
vt 0.405660 0.000000
vt 0.377358 0.000000
vt 0.160377 0.000000
vt 0.415094 0.000000
vt 0.367925 0.000000
vt 0.169811 0.000000
vt 0.424528 0.000000
vt 0.358491 0.000000
vt 0.179245 0.000000
vt 0.433962 0.000000
vt 0.349057 0.000000
vt 0.566038 0.000000
vt 0.188679 0.000000
vt 0.339623 0.000000
vt 0.443396 0.000000
vt 0.330189 0.000000
vt 0.198113 0.000000
vt 0.452830 0.000000
vt 0.320755 0.000000
vt 0.207547 0.000000
vt 0.462264 0.000000
vt 0.311321 0.000000
vt 0.556604 0.000000
vt 0.216981 0.000000
vt 0.301887 0.000000
vt 0.471698 0.000000
vt 0.292453 0.000000
vt 0.226415 0.000000
vt 0.481132 0.000000
vt 0.283019 0.000000
vt 0.547170 0.000000
vt 0.235849 0.000000
vt 0.018868 0.000000
vt 0.273585 0.000000
vt 0.490566 0.000000
vt 0.245283 0.000000
vt 0.537736 0.000000
vt 0.254717 0.000000
vt 0.509434 0.000000
vt 0.528302 0.000000
vt 0.264151 0.000000
vt 0.518868 0.000000
vt 0.653465 0.000000
vt 0.643564 0.000000
vt 0.633663 0.000000
vt 0.623762 0.000000
vt 0.613861 0.000000
vt 0.603960 0.000000
vt 0.663366 0.000000
vt 0.594059 0.000000
vt 0.584158 0.000000
vt 0.574257 0.000000
vt 0.673267 0.000000
vt 0.564356 0.000000
vt 0.554455 0.000000
vt 0.683168 0.000000
vt 0.544554 0.000000
vt 0.534653 0.000000
vt 0.693069 0.000000
vt 0.524752 0.000000
vt 0.415842 0.000000
vt 0.425743 0.000000
vt 0.435644 0.000000
vt 0.445545 0.000000
vt 0.455446 0.000000
vt 0.465347 0.000000
vt 0.475248 0.000000
vt 0.485149 0.000000
vt 0.495050 0.000000
vt 0.504951 0.000000
vt 0.514852 0.000000
vt 0.702970 0.000000
vt 0.396040 0.000000
vt 0.405941 0.000000
vt 0.386139 0.000000
vt 0.376238 0.000000
vt 0.366337 0.000000
vt 0.712871 0.000000
vt 0.356436 0.000000
vt 0.346535 0.000000
vt 0.722772 0.000000
vt 0.336634 0.000000
vt 0.326733 0.000000
vt 0.732673 0.000000
vt 0.316832 0.000000
vt 0.742574 0.000000
vt 0.306931 0.000000
vt 0.297030 0.000000
vt 0.752475 0.000000
vt 0.287129 0.000000
vt 0.762376 0.000000
vt 0.277228 0.000000
vt 0.267327 0.000000
vt 0.772277 0.000000
vt 0.019802 0.000000
vt 0.009901 0.000000
vt 0.029703 0.000000
vt 0.257426 0.000000
vt 0.782178 0.000000
vt 0.247525 0.000000
vt 0.039604 0.000000
vt 0.792079 0.000000
vt 0.237624 0.000000
vt 0.227723 0.000000
vt 0.801980 0.000000
vt 0.217822 0.000000
vt 0.811881 0.000000
vt 0.207921 0.000000
vt 0.198020 0.000000
vt 0.821782 0.000000
vt 0.188119 0.000000
vt 0.049505 0.000000
vt 0.059406 0.000000
vt 0.069307 0.000000
vt 0.178218 0.000000
vt 0.079208 0.000000
vt 0.089109 0.000000
vt 0.099010 0.000000
vt 0.168317 0.000000
vt 0.831683 0.000000
vt 0.108911 0.000000
vt 0.118812 0.000000
vt 0.128713 0.000000
vt 0.158416 0.000000
vt 0.138614 0.000000
vt 0.148515 0.000000
vt 0.841584 0.000000
vt 0.990099 0.000000
vt 0.980198 0.000000
vt 0.851485 0.000000
vt 0.970297 0.000000
vt 0.960396 0.000000
vt 0.861386 0.000000
vt 0.950495 0.000000
vt 0.940594 0.000000
vt 0.930693 0.000000
vt 0.871287 0.000000
vt 0.920792 0.000000
vt 0.910891 0.000000
vt 0.900990 0.000000
vt 0.881188 0.000000
vt 0.891089 0.000000
s 0
usemtl マテリアル.001
f 112/1/1 111/2/1 110/3/1
f 113/4/1 112/1/1 110/3/1
f 113/4/1 110/3/1 109/5/1
f 114/6/1 113/4/1 109/5/1
f 114/6/1 109/5/1 108/7/1
f 115/8/1 114/6/1 108/7/1
f 115/8/1 108/7/1 107/9/1
f 116/10/1 115/8/1 107/9/1
f 116/10/1 107/9/1 106/11/1
f 117/12/1 116/10/1 106/11/1
f 117/12/1 106/11/1 105/13/1
f 118/14/1 117/12/1 105/13/1
f 118/14/1 105/13/1 104/15/1
f 119/16/1 118/14/1 104/15/1
f 119/16/1 104/15/1 103/17/1
f 120/18/1 119/16/1 103/17/1
f 120/18/1 103/17/1 102/19/1
f 121/20/1 120/18/1 102/19/1
f 121/20/1 102/19/1 101/21/1
f 122/22/1 121/20/1 101/21/1
f 122/22/1 101/21/1 100/23/1
f 49/24/1 122/22/1 100/23/1
f 49/24/1 100/23/1 99/25/1
f 50/26/1 49/24/1 99/25/1
f 50/26/1 99/25/1 98/27/1
f 50/26/1 98/27/1 97/28/1
f 51/29/1 50/26/1 97/28/1
f 51/29/1 97/28/1 96/30/1
f 52/31/1 51/29/1 96/30/1
f 52/31/1 96/30/1 95/32/1
f 53/33/1 52/31/1 95/32/1
f 53/33/1 95/32/1 94/34/1
f 54/35/1 53/33/1 94/34/1
f 54/35/1 94/34/1 93/36/1
f 55/37/1 54/35/1 93/36/1
f 55/37/1 93/36/1 92/38/1
f 56/39/1 55/37/1 92/38/1
f 56/39/1 92/38/1 91/40/1
f 57/41/1 56/39/1 91/40/1
f 57/41/1 91/40/1 90/42/1
f 58/43/1 57/41/1 90/42/1
f 58/43/1 90/42/1 89/44/1
f 59/45/1 58/43/1 89/44/1
f 59/45/1 89/44/1 88/46/1
f 60/47/1 59/45/1 88/46/1
f 60/47/1 88/46/1 87/48/1
f 61/49/1 60/47/1 87/48/1
f 62/50/1 61/49/1 87/48/1
f 62/50/1 87/48/1 86/51/1
f 63/52/1 62/50/1 86/51/1
f 63/52/1 86/51/1 85/53/1
f 64/54/1 63/52/1 85/53/1
f 64/54/1 85/53/1 84/55/1
f 65/56/1 64/54/1 84/55/1
f 65/56/1 84/55/1 83/57/1
f 66/58/1 65/56/1 83/57/1
f 66/58/1 83/57/1 82/59/1
f 67/60/1 66/58/1 82/59/1
f 67/60/1 82/59/1 81/61/1
f 68/62/1 67/60/1 81/61/1
f 68/62/1 81/61/1 80/63/1
f 69/64/1 68/62/1 80/63/1
f 69/64/1 80/63/1 79/65/1
f 70/66/1 69/64/1 79/65/1
f 70/66/1 79/65/1 78/67/1
f 71/68/1 70/66/1 78/67/1
f 71/68/1 78/67/1 77/69/1
f 72/70/1 71/68/1 77/69/1
f 72/70/1 77/69/1 76/71/1
f 73/72/1 72/70/1 76/71/1
f 73/72/1 76/71/1 75/73/1
f 74/74/1 73/72/1 75/73/1
f 2/75/1 1/76/1 48/77/1
f 3/78/1 2/75/1 48/77/1
f 3/78/1 48/77/1 47/79/1
f 4/80/1 3/78/1 47/79/1
f 4/80/1 47/79/1 46/81/1
f 5/82/1 4/80/1 46/81/1
f 5/82/1 46/81/1 45/83/1
f 6/84/1 5/82/1 45/83/1
f 6/84/1 45/83/1 44/85/1
f 7/86/1 6/84/1 44/85/1
f 7/86/1 44/85/1 43/87/1
f 8/88/1 7/86/1 43/87/1
f 8/88/1 43/87/1 42/89/1
f 9/90/1 8/88/1 42/89/1
f 9/90/1 42/89/1 41/91/1
f 10/92/1 9/90/1 41/91/1
f 10/92/1 41/91/1 40/93/1
f 11/94/1 10/92/1 40/93/1
f 11/94/1 40/93/1 39/95/1
f 12/96/1 11/94/1 39/95/1
f 12/96/1 39/95/1 38/97/1
f 12/96/1 38/97/1 37/98/1
f 13/99/1 12/96/1 37/98/1
f 14/100/1 13/99/1 37/98/1
f 14/100/1 37/98/1 36/101/1
f 15/102/1 14/100/1 36/101/1
f 15/102/1 36/101/1 35/103/1
f 16/104/1 15/102/1 35/103/1
f 16/104/1 35/103/1 34/105/1
f 17/106/1 16/104/1 34/105/1
f 17/106/1 34/105/1 33/107/1
f 18/108/1 17/106/1 33/107/1
f 18/108/1 33/107/1 32/109/1
f 19/110/1 18/108/1 32/109/1
f 19/110/1 32/109/1 31/111/1
f 20/112/1 19/110/1 31/111/1
f 20/112/1 31/111/1 30/113/1
f 21/114/1 20/112/1 30/113/1
f 21/114/1 30/113/1 29/115/1
f 22/116/1 21/114/1 29/115/1
f 22/116/1 29/115/1 28/117/1
f 23/118/1 22/116/1 28/117/1
f 23/118/1 28/117/1 27/119/1
f 24/120/1 23/118/1 27/119/1
f 24/120/1 27/119/1 26/121/1
f 25/122/1 24/120/1 26/121/1
f 234/1/1 233/2/1 232/3/1
f 235/4/1 234/1/1 232/3/1
f 235/4/1 232/3/1 231/5/1
f 236/6/1 235/4/1 231/5/1
f 236/6/1 231/5/1 230/7/1
f 237/8/1 236/6/1 230/7/1
f 237/8/1 230/7/1 229/9/1
f 238/10/1 237/8/1 229/9/1
f 238/10/1 229/9/1 228/11/1
f 239/12/1 238/10/1 228/11/1
f 239/12/1 228/11/1 227/13/1
f 240/14/1 239/12/1 227/13/1
f 240/14/1 227/13/1 226/15/1
f 241/16/1 240/14/1 226/15/1
f 241/16/1 226/15/1 225/17/1
f 242/18/1 241/16/1 225/17/1
f 242/18/1 225/17/1 224/19/1
f 243/20/1 242/18/1 224/19/1
f 243/20/1 224/19/1 223/21/1
f 244/22/1 243/20/1 223/21/1
f 244/22/1 223/21/1 222/23/1
f 171/24/1 244/22/1 222/23/1
f 171/24/1 222/23/1 221/25/1
f 172/26/1 171/24/1 221/25/1
f 172/26/1 221/25/1 220/27/1
f 172/26/1 220/27/1 219/28/1
f 173/29/1 172/26/1 219/28/1
f 173/29/1 219/28/1 218/30/1
f 174/31/1 173/29/1 218/30/1
f 174/31/1 218/30/1 217/32/1
f 175/33/1 174/31/1 217/32/1
f 175/33/1 217/32/1 216/34/1
f 176/35/1 175/33/1 216/34/1
f 176/35/1 216/34/1 215/36/1
f 177/37/1 176/35/1 215/36/1
f 177/37/1 215/36/1 214/38/1
f 178/39/1 177/37/1 214/38/1
f 178/39/1 214/38/1 213/40/1
f 179/41/1 178/39/1 213/40/1
f 179/41/1 213/40/1 212/42/1
f 180/43/1 179/41/1 212/42/1
f 180/43/1 212/42/1 211/44/1
f 181/45/1 180/43/1 211/44/1
f 181/45/1 211/44/1 210/46/1
f 182/47/1 181/45/1 210/46/1
f 182/47/1 210/46/1 209/48/1
f 183/49/1 182/47/1 209/48/1
f 184/50/1 183/49/1 209/48/1
f 184/50/1 209/48/1 208/51/1
f 185/52/1 184/50/1 208/51/1
f 185/52/1 208/51/1 207/53/1
f 186/54/1 185/52/1 207/53/1
f 186/54/1 207/53/1 206/55/1
f 187/56/1 186/54/1 206/55/1
f 187/56/1 206/55/1 205/57/1
f 188/58/1 187/56/1 205/57/1
f 188/58/1 205/57/1 204/59/1
f 189/60/1 188/58/1 204/59/1
f 189/60/1 204/59/1 203/61/1
f 190/62/1 189/60/1 203/61/1
f 190/62/1 203/61/1 202/63/1
f 191/64/1 190/62/1 202/63/1
f 191/64/1 202/63/1 201/65/1
f 192/66/1 191/64/1 201/65/1
f 192/66/1 201/65/1 200/67/1
f 193/68/1 192/66/1 200/67/1
f 193/68/1 200/67/1 199/69/1
f 194/70/1 193/68/1 199/69/1
f 194/70/1 199/69/1 198/71/1
f 195/72/1 194/70/1 198/71/1
f 195/72/1 198/71/1 197/73/1
f 196/74/1 195/72/1 197/73/1
f 124/75/1 123/76/1 170/77/1
f 125/78/1 124/75/1 170/77/1
f 125/78/1 170/77/1 169/79/1
f 126/80/1 125/78/1 169/79/1
f 126/80/1 169/79/1 168/81/1
f 127/82/1 126/80/1 168/81/1
f 127/82/1 168/81/1 167/83/1
f 128/84/1 127/82/1 167/83/1
f 128/84/1 167/83/1 166/85/1
f 129/86/1 128/84/1 166/85/1
f 129/86/1 166/85/1 165/87/1
f 130/88/1 129/86/1 165/87/1
f 130/88/1 165/87/1 164/89/1
f 131/90/1 130/88/1 164/89/1
f 131/90/1 164/89/1 163/91/1
f 132/92/1 131/90/1 163/91/1
f 132/92/1 163/91/1 162/93/1
f 133/94/1 132/92/1 162/93/1
f 133/94/1 162/93/1 161/95/1
f 134/96/1 133/94/1 161/95/1
f 134/96/1 161/95/1 160/97/1
f 134/96/1 160/97/1 159/98/1
f 135/99/1 134/96/1 159/98/1
f 136/100/1 135/99/1 159/98/1
f 136/100/1 159/98/1 158/101/1
f 137/102/1 136/100/1 158/101/1
f 137/102/1 158/101/1 157/103/1
f 138/104/1 137/102/1 157/103/1
f 138/104/1 157/103/1 156/105/1
f 139/106/1 138/104/1 156/105/1
f 139/106/1 156/105/1 155/107/1
f 140/108/1 139/106/1 155/107/1
f 140/108/1 155/107/1 154/109/1
f 141/110/1 140/108/1 154/109/1
f 141/110/1 154/109/1 153/111/1
f 142/112/1 141/110/1 153/111/1
f 142/112/1 153/111/1 152/113/1
f 143/114/1 142/112/1 152/113/1
f 143/114/1 152/113/1 151/115/1
f 144/116/1 143/114/1 151/115/1
f 144/116/1 151/115/1 150/117/1
f 145/118/1 144/116/1 150/117/1
f 145/118/1 150/117/1 149/119/1
f 146/120/1 145/118/1 149/119/1
f 146/120/1 149/119/1 148/121/1
f 147/122/1 146/120/1 148/121/1
f 286/123/1 285/124/1 284/125/1
f 286/123/1 284/125/1 283/126/1
f 287/127/1 286/123/1 283/126/1
f 287/127/1 283/126/1 282/128/1
f 288/129/1 287/127/1 282/128/1
f 288/129/1 282/128/1 281/130/1
f 288/129/1 281/130/1 280/131/1
f 289/132/1 288/129/1 280/131/1
f 289/132/1 280/131/1 279/133/1
f 246/134/1 245/76/1 299/22/1
f 246/134/1 299/22/1 298/135/1
f 290/136/1 289/132/1 279/133/1
f 290/136/1 279/133/1 278/137/1
f 290/136/1 278/137/1 277/138/1
f 291/139/1 290/136/1 277/138/1
f 291/139/1 277/138/1 276/140/1
f 292/141/1 291/139/1 276/140/1
f 292/141/1 276/140/1 275/142/1
f 292/141/1 275/142/1 274/143/1
f 293/144/1 292/141/1 274/143/1
f 293/144/1 274/143/1 273/145/1
f 294/146/1 293/144/1 273/145/1
f 294/146/1 273/145/1 263/147/1
f 263/147/1 273/145/1 264/148/1
f 264/148/1 273/145/1 265/149/1
f 265/149/1 273/145/1 266/150/1
f 266/150/1 273/145/1 267/151/1
f 267/151/1 273/145/1 268/152/1
f 268/152/1 273/145/1 269/153/1
f 269/153/1 273/145/1 270/154/1
f 270/154/1 273/145/1 271/155/1
f 271/155/1 273/145/1 272/156/1
f 295/157/1 294/146/1 261/158/1
f 261/158/1 294/146/1 262/159/1
f 262/159/1 294/146/1 263/147/1
f 296/160/1 295/157/1 259/161/1
f 259/161/1 295/157/1 260/162/1
f 260/162/1 295/157/1 261/158/1
f 296/160/1 259/161/1 258/163/1
f 296/160/1 258/163/1 257/164/1
f 297/165/1 296/160/1 257/164/1
f 297/165/1 257/164/1 256/166/1
f 297/165/1 256/166/1 255/167/1
f 246/134/1 298/135/1 297/165/1
f 246/134/1 297/165/1 251/168/1
f 251/168/1 297/165/1 252/169/1
f 252/169/1 297/165/1 253/170/1
f 253/170/1 297/165/1 254/171/1
f 254/171/1 297/165/1 255/167/1
f 246/134/1 251/168/1 250/172/1
f 246/134/1 250/172/1 249/173/1
f 246/134/1 249/173/1 248/174/1
f 246/134/1 248/174/1 247/175/1
f 338/176/1 337/177/1 336/178/1
f 339/179/1 338/176/1 336/178/1
f 339/179/1 336/178/1 335/180/1
f 340/181/1 339/179/1 335/180/1
f 341/182/1 340/181/1 335/180/1
f 341/182/1 335/180/1 334/183/1
f 342/184/1 341/182/1 334/183/1
f 342/184/1 334/183/1 333/185/1
f 343/186/1 342/184/1 333/185/1
f 344/187/1 343/186/1 333/185/1
f 344/187/1 333/185/1 332/188/1
f 345/189/1 344/187/1 332/188/1
f 345/189/1 332/188/1 331/190/1
f 346/191/1 345/189/1 331/190/1
f 347/192/1 346/191/1 331/190/1
f 347/192/1 331/190/1 330/193/1
f 348/194/1 347/192/1 330/193/1
f 348/194/1 330/193/1 329/195/1
f 349/196/1 348/194/1 329/195/1
f 350/197/1 349/196/1 351/198/1
f 351/198/1 349/196/1 352/199/1
f 352/199/1 349/196/1 353/200/1
f 353/200/1 349/196/1 354/201/1
f 354/201/1 349/196/1 355/202/1
f 355/202/1 349/196/1 356/203/1
f 356/203/1 349/196/1 357/204/1
f 357/204/1 349/196/1 358/205/1
f 358/205/1 349/196/1 359/206/1
f 359/206/1 349/196/1 360/207/1
f 360/207/1 349/196/1 329/195/1
f 360/207/1 329/195/1 361/208/1
f 361/208/1 329/195/1 362/209/1
f 362/209/1 329/195/1 328/210/1
f 362/209/1 328/210/1 363/211/1
f 363/211/1 328/210/1 327/212/1
f 364/213/1 363/211/1 327/212/1
f 365/214/1 364/213/1 327/212/1
f 366/215/1 365/214/1 327/212/1
f 367/216/1 366/215/1 327/212/1
f 368/217/1 367/216/1 327/212/1
f 368/217/1 327/212/1 326/218/1
f 369/219/1 368/217/1 326/218/1
f 370/220/1 369/219/1 326/218/1
f 371/221/1 370/220/1 326/218/1
f 371/221/1 326/218/1 325/222/1
f 372/223/1 371/221/1 325/222/1
f 373/224/1 372/223/1 325/222/1
f 373/224/1 325/222/1 324/225/1
f 374/226/1 373/224/1 324/225/1
f 375/227/1 374/226/1 324/225/1
f 376/228/1 375/227/1 473/22/1
f 473/22/1 375/227/1 324/225/1
f 377/229/1 376/228/1 473/22/1
f 378/230/1 377/229/1 473/22/1
f 379/231/1 378/230/1 473/22/1
f 380/232/1 379/231/1 473/22/1
f 380/232/1 473/22/1 472/233/1
f 437/234/1 473/22/1 324/225/1
f 380/232/1 472/233/1 471/235/1
f 381/236/1 380/232/1 471/235/1
f 381/236/1 471/235/1 470/237/1
f 382/238/1 381/236/1 470/237/1
f 382/238/1 470/237/1 469/239/1
f 383/240/1 382/238/1 469/239/1
f 383/240/1 469/239/1 468/241/1
f 383/240/1 468/241/1 467/242/1
f 384/243/1 383/240/1 467/242/1
f 384/243/1 467/242/1 466/244/1
f 385/245/1 384/243/1 466/244/1
f 385/245/1 466/244/1 465/246/1
f 385/245/1 465/246/1 464/247/1
f 386/248/1 385/245/1 464/247/1
f 386/248/1 464/247/1 463/249/1
f 386/248/1 463/249/1 462/250/1
f 387/251/1 386/248/1 462/250/1
f 387/251/1 462/250/1 461/252/1
f 388/253/1 387/251/1 461/252/1
f 388/253/1 461/252/1 460/254/1
f 388/253/1 460/254/1 459/255/1
f 389/256/1 388/253/1 459/255/1
f 389/256/1 459/255/1 458/257/1
f 389/256/1 458/257/1 457/258/1
f 438/259/1 437/234/1 324/225/1
f 390/260/1 389/256/1 457/258/1
f 439/261/1 438/259/1 324/225/1
f 390/260/1 457/258/1 456/262/1
f 440/263/1 439/261/1 324/225/1
f 301/264/1 300/76/1 436/265/1
f 440/263/1 324/225/1 323/266/1
f 390/260/1 456/262/1 455/267/1
f 302/268/1 301/264/1 436/265/1
f 441/269/1 440/263/1 323/266/1
f 441/269/1 323/266/1 322/270/1
f 303/271/1 302/268/1 436/265/1
f 391/272/1 390/260/1 455/267/1
f 391/272/1 455/267/1 454/273/1
f 441/269/1 322/270/1 321/274/1
f 442/275/1 441/269/1 321/274/1
f 304/276/1 303/271/1 436/265/1
f 442/275/1 321/274/1 320/277/1
f 443/278/1 442/275/1 320/277/1
f 305/279/1 304/276/1 436/265/1
f 391/272/1 454/273/1 453/280/1
f 443/278/1 320/277/1 319/281/1
f 306/282/1 305/279/1 436/265/1
f 444/283/1 443/278/1 319/281/1
f 444/283/1 319/281/1 318/284/1
f 307/285/1 306/282/1 436/265/1
f 391/272/1 453/280/1 452/286/1
f 444/283/1 318/284/1 317/287/1
f 445/288/1 444/283/1 317/287/1
f 308/289/1 307/285/1 436/265/1
f 445/288/1 317/287/1 316/290/1
f 392/291/1 391/272/1 452/286/1
f 309/292/1 308/289/1 436/265/1
f 392/291/1 452/286/1 451/293/1
f 446/294/1 445/288/1 316/290/1
f 446/294/1 316/290/1 315/295/1
f 310/296/1 309/292/1 436/265/1
f 446/294/1 315/295/1 314/297/1
f 311/298/1 310/296/1 436/265/1
f 447/299/1 446/294/1 314/297/1
f 447/299/1 314/297/1 313/300/1
f 312/301/1 311/298/1 436/265/1
f 447/299/1 313/300/1 312/301/1
f 392/291/1 451/293/1 450/302/1
f 447/299/1 312/301/1 436/265/1
f 448/303/1 447/299/1 436/265/1
f 392/291/1 450/302/1 449/304/1
f 449/304/1 448/303/1 436/265/1
f 392/291/1 449/304/1 412/305/1
f 412/305/1 449/304/1 436/265/1
f 393/306/1 392/291/1 412/305/1
f 393/306/1 412/305/1 411/307/1
f 413/308/1 412/305/1 436/265/1
f 394/309/1 393/306/1 411/307/1
f 394/309/1 411/307/1 410/310/1
f 414/311/1 413/308/1 436/265/1
f 414/311/1 436/265/1 435/312/1
f 395/313/1 394/309/1 410/310/1
f 395/313/1 410/310/1 409/314/1
f 415/315/1 414/311/1 435/312/1
f 415/315/1 435/312/1 434/316/1
f 395/313/1 409/314/1 408/317/1
f 416/318/1 415/315/1 434/316/1
f 396/319/1 395/313/1 408/317/1
f 416/318/1 434/316/1 433/320/1
f 396/319/1 408/317/1 407/321/1
f 417/322/1 416/318/1 433/320/1
f 417/322/1 433/320/1 432/323/1
f 397/324/1 396/319/1 407/321/1
f 397/324/1 407/321/1 406/325/1
f 418/326/1 417/322/1 432/323/1
f 418/326/1 432/323/1 431/327/1
f 397/324/1 406/325/1 405/328/1
f 419/329/1 418/326/1 431/327/1
f 419/329/1 431/327/1 430/330/1
f 398/331/1 397/324/1 405/328/1
f 398/331/1 405/328/1 404/332/1
f 420/333/1 419/329/1 430/330/1
f 420/333/1 430/330/1 429/334/1
f 398/331/1 404/332/1 403/335/1
f 420/333/1 429/334/1 428/336/1
f 421/337/1 420/333/1 428/336/1
f 399/338/1 398/331/1 403/335/1
f 421/337/1 428/336/1 427/339/1
f 399/338/1 403/335/1 402/340/1
f 422/341/1 421/337/1 427/339/1
f 422/341/1 427/339/1 426/342/1
f 399/338/1 402/340/1 401/343/1
f 423/344/1 422/341/1 426/342/1
f 400/345/1 399/338/1 401/343/1
f 423/344/1 426/342/1 425/346/1
f 424/347/1 423/344/1 425/346/1
f 512/348/1 511/349/1 510/350/1
f 512/348/1 510/350/1 509/351/1
f 513/352/1 512/348/1 509/351/1
f 513/352/1 509/351/1 508/353/1
f 514/354/1 513/352/1 508/353/1
f 514/354/1 508/353/1 507/355/1
f 515/356/1 514/354/1 507/355/1
f 515/356/1 507/355/1 506/357/1
f 516/358/1 515/356/1 506/357/1
f 516/358/1 506/357/1 505/359/1
f 517/360/1 516/358/1 505/359/1
f 517/360/1 505/359/1 504/361/1
f 518/362/1 517/360/1 560/363/1
f 560/363/1 517/360/1 504/361/1
f 518/362/1 560/363/1 559/364/1
f 561/365/1 560/363/1 504/361/1
f 518/362/1 559/364/1 558/366/1
f 562/367/1 561/365/1 504/361/1
f 518/362/1 558/366/1 557/368/1
f 563/369/1 562/367/1 504/361/1
f 563/369/1 504/361/1 503/370/1
f 518/362/1 557/368/1 556/371/1
f 519/372/1 518/362/1 556/371/1
f 564/373/1 563/369/1 503/370/1
f 519/372/1 556/371/1 555/374/1
f 565/375/1 564/373/1 503/370/1
f 519/372/1 555/374/1 554/376/1
f 566/377/1 565/375/1 503/370/1
f 519/372/1 554/376/1 553/378/1
f 567/379/1 566/377/1 503/370/1
f 520/380/1 519/372/1 553/378/1
f 567/379/1 503/370/1 502/381/1
f 520/380/1 553/378/1 552/382/1
f 568/383/1 567/379/1 502/381/1
f 520/380/1 552/382/1 551/384/1
f 569/385/1 568/383/1 502/381/1
f 521/386/1 520/380/1 551/384/1
f 569/385/1 502/381/1 501/387/1
f 521/386/1 551/384/1 550/388/1
f 570/389/1 569/385/1 501/387/1
f 521/386/1 550/388/1 549/390/1
f 571/391/1 570/389/1 501/387/1
f 522/392/1 521/386/1 549/390/1
f 522/392/1 549/390/1 548/393/1
f 571/391/1 501/387/1 500/394/1
f 572/22/1 571/391/1 500/394/1
f 522/392/1 548/393/1 572/22/1
f 522/392/1 572/22/1 500/394/1
f 523/156/1 522/392/1 500/394/1
f 523/156/1 500/394/1 499/395/1
f 524/396/1 523/156/1 498/397/1
f 498/397/1 523/156/1 499/395/1
f 524/396/1 498/397/1 497/398/1
f 525/399/1 524/396/1 497/398/1
f 525/399/1 497/398/1 496/400/1
f 525/399/1 496/400/1 495/401/1
f 526/402/1 525/399/1 495/401/1
f 526/402/1 495/401/1 494/403/1
f 527/404/1 526/402/1 494/403/1
f 527/404/1 494/403/1 493/405/1
f 475/406/1 474/76/1 547/407/1
f 527/404/1 493/405/1 492/408/1
f 476/409/1 475/406/1 547/407/1
f 477/410/1 476/409/1 547/407/1
f 528/411/1 527/404/1 492/408/1
f 528/411/1 492/408/1 491/412/1
f 478/413/1 477/410/1 547/407/1
f 479/414/1 478/413/1 547/407/1
f 528/411/1 491/412/1 490/415/1
f 480/416/1 479/414/1 547/407/1
f 528/411/1 490/415/1 489/417/1
f 481/418/1 480/416/1 547/407/1
f 529/419/1 528/411/1 489/417/1
f 482/420/1 481/418/1 547/407/1
f 529/419/1 489/417/1 488/421/1
f 483/422/1 482/420/1 547/407/1
f 529/419/1 488/421/1 487/423/1
f 484/424/1 483/422/1 547/407/1
f 485/425/1 484/424/1 547/407/1
f 529/419/1 487/423/1 486/426/1
f 486/426/1 485/425/1 547/407/1
f 529/419/1 486/426/1 547/407/1
f 530/427/1 529/419/1 547/407/1
f 530/427/1 547/407/1 546/428/1
f 531/429/1 530/427/1 546/428/1
f 531/429/1 546/428/1 545/430/1
f 531/429/1 545/430/1 544/431/1
f 532/432/1 531/429/1 544/431/1
f 532/432/1 544/431/1 543/433/1
f 532/432/1 543/433/1 542/434/1
f 533/435/1 532/432/1 542/434/1
f 533/435/1 542/434/1 541/436/1
f 533/435/1 541/436/1 540/437/1
f 534/438/1 533/435/1 540/437/1
f 534/438/1 540/437/1 539/439/1
f 534/438/1 539/439/1 538/440/1
f 534/438/1 538/440/1 537/441/1
f 535/442/1 534/438/1 537/441/1
f 535/442/1 537/441/1 536/443/1
f 575/130/1 574/147/1 573/76/1
f 575/130/1 573/76/1 576/22/1
f 590/444/1 589/445/1 588/446/1
f 590/444/1 588/446/1 587/447/1
f 590/444/1 587/447/1 586/448/1
f 591/449/1 590/444/1 586/448/1
f 591/449/1 586/448/1 585/450/1
f 591/449/1 585/450/1 584/451/1
f 591/449/1 584/451/1 583/452/1
f 592/453/1 591/449/1 583/452/1
f 592/453/1 583/452/1 582/454/1
f 592/453/1 582/454/1 581/455/1
f 592/453/1 581/455/1 580/456/1
f 593/457/1 592/453/1 580/456/1
f 593/457/1 580/456/1 579/458/1
f 593/457/1 579/458/1 578/459/1
f 593/457/1 578/459/1 577/76/1
f 594/460/1 593/457/1 577/76/1
f 594/460/1 577/76/1 664/461/1
f 664/461/1 577/76/1 665/462/1
f 665/462/1 577/76/1 666/463/1
f 666/463/1 577/76/1 667/464/1
f 667/464/1 577/76/1 668/465/1
f 668/465/1 577/76/1 669/466/1
f 669/466/1 577/76/1 670/467/1
f 670/467/1 577/76/1 671/468/1
f 671/468/1 577/76/1 672/469/1
f 672/469/1 577/76/1 673/470/1
f 673/470/1 577/76/1 674/22/1
f 595/471/1 594/460/1 662/472/1
f 662/472/1 594/460/1 663/473/1
f 663/473/1 594/460/1 664/461/1
f 595/471/1 662/472/1 661/474/1
f 595/471/1 661/474/1 660/475/1
f 595/471/1 660/475/1 659/476/1
f 596/477/1 595/471/1 659/476/1
f 596/477/1 659/476/1 658/478/1
f 596/477/1 658/478/1 657/479/1
f 597/480/1 596/477/1 657/479/1
f 597/480/1 657/479/1 656/481/1
f 597/480/1 656/481/1 655/482/1
f 598/483/1 597/480/1 655/482/1
f 598/483/1 655/482/1 654/484/1
f 599/485/1 598/483/1 654/484/1
f 599/485/1 654/484/1 653/486/1
f 599/485/1 653/486/1 652/487/1
f 600/488/1 599/485/1 652/487/1
f 600/488/1 652/487/1 651/489/1
f 601/490/1 600/488/1 651/489/1
f 601/490/1 651/489/1 650/491/1
f 601/490/1 650/491/1 649/492/1
f 602/493/1 601/490/1 649/492/1
f 602/493/1 649/492/1 648/494/1
f 603/495/1 602/493/1 648/494/1
f 603/495/1 648/494/1 647/496/1
f 604/497/1 603/495/1 647/496/1
f 604/497/1 647/496/1 646/498/1
f 605/499/1 604/497/1 646/498/1
f 605/499/1 646/498/1 645/500/1
f 606/501/1 605/499/1 645/500/1
f 606/501/1 645/500/1 644/502/1
f 627/503/1 626/504/1 625/505/1
f 606/501/1 644/502/1 643/506/1
f 628/507/1 627/503/1 625/505/1
f 607/508/1 606/501/1 643/506/1
f 629/509/1 628/507/1 625/505/1
f 607/508/1 643/506/1 642/510/1
f 630/511/1 629/509/1 625/505/1
f 631/512/1 630/511/1 625/505/1
f 607/508/1 642/510/1 641/513/1
f 632/514/1 631/512/1 625/505/1
f 608/515/1 607/508/1 641/513/1
f 633/516/1 632/514/1 625/505/1
f 608/515/1 641/513/1 640/517/1
f 634/518/1 633/516/1 625/505/1
f 635/519/1 634/518/1 625/505/1
f 608/515/1 640/517/1 639/520/1
f 636/521/1 635/519/1 625/505/1
f 637/522/1 636/521/1 625/505/1
f 608/515/1 639/520/1 638/523/1
f 638/523/1 637/522/1 625/505/1
f 608/515/1 638/523/1 625/505/1
f 609/524/1 608/515/1 625/505/1
f 609/524/1 625/505/1 624/525/1
f 610/526/1 609/524/1 624/525/1
f 610/526/1 624/525/1 623/527/1
f 610/526/1 623/527/1 622/528/1
f 610/526/1 622/528/1 621/529/1
f 611/530/1 610/526/1 621/529/1
f 611/530/1 621/529/1 620/531/1
f 611/530/1 620/531/1 619/532/1
f 611/530/1 619/532/1 618/533/1
f 612/534/1 611/530/1 618/533/1
f 612/534/1 618/533/1 617/535/1
f 612/534/1 617/535/1 616/536/1
f 612/534/1 616/536/1 615/537/1
f 613/538/1 612/534/1 615/537/1
f 613/538/1 615/537/1 614/539/1
f 713/348/1 712/349/1 711/350/1
f 713/348/1 711/350/1 710/351/1
f 714/352/1 713/348/1 710/351/1
f 714/352/1 710/351/1 709/353/1
f 715/354/1 714/352/1 709/353/1
f 715/354/1 709/353/1 708/355/1
f 716/356/1 715/354/1 708/355/1
f 716/356/1 708/355/1 707/357/1
f 717/358/1 716/356/1 707/357/1
f 717/358/1 707/357/1 706/359/1
f 718/360/1 717/358/1 706/359/1
f 718/360/1 706/359/1 705/361/1
f 719/362/1 718/360/1 761/363/1
f 761/363/1 718/360/1 705/361/1
f 719/362/1 761/363/1 760/364/1
f 762/365/1 761/363/1 705/361/1
f 719/362/1 760/364/1 759/366/1
f 763/367/1 762/365/1 705/361/1
f 719/362/1 759/366/1 758/368/1
f 764/369/1 763/367/1 705/361/1
f 764/369/1 705/361/1 704/370/1
f 719/362/1 758/368/1 757/371/1
f 720/372/1 719/362/1 757/371/1
f 765/373/1 764/369/1 704/370/1
f 720/372/1 757/371/1 756/374/1
f 766/375/1 765/373/1 704/370/1
f 720/372/1 756/374/1 755/376/1
f 767/377/1 766/375/1 704/370/1
f 720/372/1 755/376/1 754/378/1
f 768/379/1 767/377/1 704/370/1
f 721/380/1 720/372/1 754/378/1
f 768/379/1 704/370/1 703/381/1
f 721/380/1 754/378/1 753/382/1
f 769/383/1 768/379/1 703/381/1
f 721/380/1 753/382/1 752/384/1
f 770/385/1 769/383/1 703/381/1
f 722/386/1 721/380/1 752/384/1
f 770/385/1 703/381/1 702/387/1
f 722/386/1 752/384/1 751/388/1
f 771/389/1 770/385/1 702/387/1
f 722/386/1 751/388/1 750/390/1
f 772/391/1 771/389/1 702/387/1
f 723/392/1 722/386/1 750/390/1
f 723/392/1 750/390/1 749/393/1
f 772/391/1 702/387/1 701/394/1
f 773/22/1 772/391/1 701/394/1
f 723/392/1 749/393/1 773/22/1
f 723/392/1 773/22/1 701/394/1
f 724/156/1 723/392/1 701/394/1
f 724/156/1 701/394/1 700/395/1
f 725/396/1 724/156/1 699/397/1
f 699/397/1 724/156/1 700/395/1
f 725/396/1 699/397/1 698/398/1
f 726/399/1 725/396/1 698/398/1
f 726/399/1 698/398/1 697/400/1
f 726/399/1 697/400/1 696/401/1
f 727/402/1 726/399/1 696/401/1
f 727/402/1 696/401/1 695/403/1
f 728/404/1 727/402/1 695/403/1
f 728/404/1 695/403/1 694/405/1
f 676/406/1 675/76/1 748/407/1
f 728/404/1 694/405/1 693/408/1
f 677/409/1 676/406/1 748/407/1
f 678/410/1 677/409/1 748/407/1
f 729/411/1 728/404/1 693/408/1
f 729/411/1 693/408/1 692/412/1
f 679/413/1 678/410/1 748/407/1
f 680/414/1 679/413/1 748/407/1
f 729/411/1 692/412/1 691/415/1
f 681/416/1 680/414/1 748/407/1
f 729/411/1 691/415/1 690/417/1
f 682/418/1 681/416/1 748/407/1
f 730/419/1 729/411/1 690/417/1
f 683/420/1 682/418/1 748/407/1
f 730/419/1 690/417/1 689/421/1
f 684/422/1 683/420/1 748/407/1
f 730/419/1 689/421/1 688/423/1
f 685/424/1 684/422/1 748/407/1
f 686/425/1 685/424/1 748/407/1
f 730/419/1 688/423/1 687/426/1
f 687/426/1 686/425/1 748/407/1
f 730/419/1 687/426/1 748/407/1
f 731/427/1 730/419/1 748/407/1
f 731/427/1 748/407/1 747/428/1
f 732/429/1 731/427/1 747/428/1
f 732/429/1 747/428/1 746/430/1
f 732/429/1 746/430/1 745/431/1
f 733/432/1 732/429/1 745/431/1
f 733/432/1 745/431/1 744/433/1
f 733/432/1 744/433/1 743/434/1
f 734/435/1 733/432/1 743/434/1
f 734/435/1 743/434/1 742/436/1
f 734/435/1 742/436/1 741/437/1
f 735/438/1 734/435/1 741/437/1
f 735/438/1 741/437/1 740/439/1
f 735/438/1 740/439/1 739/440/1
f 735/438/1 739/440/1 738/441/1
f 736/442/1 735/438/1 738/441/1
f 736/442/1 738/441/1 737/443/1
f 868/540/1 867/541/1 866/542/1
f 844/543/1 843/544/1 842/545/1
f 869/546/1 868/540/1 866/542/1
f 869/546/1 866/542/1 865/547/1
f 845/548/1 844/543/1 842/545/1
f 845/548/1 842/545/1 841/549/1
f 870/550/1 869/546/1 865/547/1
f 870/550/1 865/547/1 864/551/1
f 846/552/1 845/548/1 841/549/1
f 871/553/1 870/550/1 864/551/1
f 871/553/1 864/551/1 863/554/1
f 846/552/1 841/549/1 840/555/1
f 847/556/1 846/552/1 840/555/1
f 872/557/1 871/553/1 863/554/1
f 775/558/1 774/76/1 880/22/1
f 775/558/1 880/22/1 879/559/1
f 872/557/1 863/554/1 862/560/1
f 848/561/1 847/556/1 840/555/1
f 873/562/1 872/557/1 862/560/1
f 848/561/1 840/555/1 839/563/1
f 873/562/1 862/560/1 861/564/1
f 874/565/1 873/562/1 861/564/1
f 849/566/1 848/561/1 839/563/1
f 874/565/1 861/564/1 860/567/1
f 849/566/1 839/563/1 838/568/1
f 875/569/1 874/565/1 860/567/1
f 850/570/1 849/566/1 838/568/1
f 875/569/1 860/567/1 859/571/1
f 876/572/1 875/569/1 859/571/1
f 851/573/1 850/570/1 838/568/1
f 851/573/1 838/568/1 837/574/1
f 876/572/1 859/571/1 858/575/1
f 877/576/1 876/572/1 858/575/1
f 852/577/1 851/573/1 837/574/1
f 877/576/1 858/575/1 857/578/1
f 878/579/1 877/576/1 857/578/1
f 852/577/1 837/574/1 836/580/1
f 853/581/1 852/577/1 836/580/1
f 878/579/1 857/578/1 856/582/1
f 879/559/1 878/579/1 856/582/1
f 854/583/1 853/581/1 836/580/1
f 854/583/1 836/580/1 816/584/1
f 816/584/1 836/580/1 835/585/1
f 775/558/1 879/559/1 777/586/1
f 777/586/1 879/559/1 778/587/1
f 778/587/1 879/559/1 779/588/1
f 779/588/1 879/559/1 780/589/1
f 780/589/1 879/559/1 781/590/1
f 781/590/1 879/559/1 782/591/1
f 782/591/1 879/559/1 783/592/1
f 783/592/1 879/559/1 784/593/1
f 784/593/1 879/559/1 785/594/1
f 785/594/1 879/559/1 786/595/1
f 786/595/1 879/559/1 787/596/1
f 787/596/1 879/559/1 788/597/1
f 788/597/1 879/559/1 856/582/1
f 788/597/1 856/582/1 789/598/1
f 789/598/1 856/582/1 855/599/1
f 855/599/1 854/583/1 815/600/1
f 815/600/1 854/583/1 816/584/1
f 790/601/1 789/598/1 855/599/1
f 817/602/1 816/584/1 835/585/1
f 855/599/1 815/600/1 814/603/1
f 791/604/1 790/601/1 855/599/1
f 818/605/1 817/602/1 835/585/1
f 855/599/1 814/603/1 813/606/1
f 792/607/1 791/604/1 855/599/1
f 819/608/1 818/605/1 835/585/1
f 855/599/1 813/606/1 812/609/1
f 793/610/1 792/607/1 855/599/1
f 793/610/1 855/599/1 812/609/1
f 820/611/1 819/608/1 835/585/1
f 793/610/1 812/609/1 811/612/1
f 820/611/1 835/585/1 834/613/1
f 794/614/1 793/610/1 811/612/1
f 794/614/1 811/612/1 810/615/1
f 821/616/1 820/611/1 834/613/1
f 794/614/1 810/615/1 809/617/1
f 795/618/1 794/614/1 809/617/1
f 822/619/1 821/616/1 834/613/1
f 795/618/1 809/617/1 808/620/1
f 796/621/1 795/618/1 808/620/1
f 823/622/1 822/619/1 834/613/1
f 796/621/1 808/620/1 807/623/1
f 823/622/1 834/613/1 833/624/1
f 797/625/1 796/621/1 807/623/1
f 797/625/1 807/623/1 806/626/1
f 824/627/1 823/622/1 833/624/1
f 797/625/1 806/626/1 805/628/1
f 798/629/1 797/625/1 805/628/1
f 825/630/1 824/627/1 833/624/1
f 798/629/1 805/628/1 804/631/1
f 825/630/1 833/624/1 832/632/1
f 799/633/1 798/629/1 804/631/1
f 775/558/1 777/586/1 776/634/1
f 799/633/1 804/631/1 803/635/1
f 826/636/1 825/630/1 832/632/1
f 800/637/1 799/633/1 803/635/1
f 827/156/1 826/636/1 832/632/1
f 827/156/1 832/632/1 831/638/1
f 801/639/1 800/637/1 803/635/1
f 828/640/1 827/156/1 831/638/1
f 828/640/1 831/638/1 830/641/1
f 802/642/1 801/639/1 803/635/1
f 829/643/1 828/640/1 830/641/1
f 919/176/1 918/177/1 917/178/1
f 920/179/1 919/176/1 917/178/1
f 920/179/1 917/178/1 916/180/1
f 921/181/1 920/179/1 916/180/1
f 922/182/1 921/181/1 916/180/1
f 922/182/1 916/180/1 915/183/1
f 923/184/1 922/182/1 915/183/1
f 923/184/1 915/183/1 914/185/1
f 924/186/1 923/184/1 914/185/1
f 925/187/1 924/186/1 914/185/1
f 925/187/1 914/185/1 913/188/1
f 926/189/1 925/187/1 913/188/1
f 926/189/1 913/188/1 912/190/1
f 927/191/1 926/189/1 912/190/1
f 928/192/1 927/191/1 912/190/1
f 928/192/1 912/190/1 911/193/1
f 929/194/1 928/192/1 911/193/1
f 929/194/1 911/193/1 910/195/1
f 930/196/1 929/194/1 910/195/1
f 931/197/1 930/196/1 932/198/1
f 932/198/1 930/196/1 933/199/1
f 933/199/1 930/196/1 934/200/1
f 934/200/1 930/196/1 935/201/1
f 935/201/1 930/196/1 936/202/1
f 936/202/1 930/196/1 937/203/1
f 937/203/1 930/196/1 938/204/1
f 938/204/1 930/196/1 939/205/1
f 939/205/1 930/196/1 940/206/1
f 940/206/1 930/196/1 941/207/1
f 941/207/1 930/196/1 910/195/1
f 941/207/1 910/195/1 942/208/1
f 942/208/1 910/195/1 943/209/1
f 943/209/1 910/195/1 909/210/1
f 943/209/1 909/210/1 944/211/1
f 944/211/1 909/210/1 908/212/1
f 945/213/1 944/211/1 908/212/1
f 946/214/1 945/213/1 908/212/1
f 947/215/1 946/214/1 908/212/1
f 948/216/1 947/215/1 908/212/1
f 949/217/1 948/216/1 908/212/1
f 949/217/1 908/212/1 907/218/1
f 950/219/1 949/217/1 907/218/1
f 951/220/1 950/219/1 907/218/1
f 952/221/1 951/220/1 907/218/1
f 952/221/1 907/218/1 906/222/1
f 953/223/1 952/221/1 906/222/1
f 954/224/1 953/223/1 906/222/1
f 954/224/1 906/222/1 905/225/1
f 955/226/1 954/224/1 905/225/1
f 956/227/1 955/226/1 905/225/1
f 957/228/1 956/227/1 1054/22/1
f 1054/22/1 956/227/1 905/225/1
f 958/229/1 957/228/1 1054/22/1
f 959/230/1 958/229/1 1054/22/1
f 960/231/1 959/230/1 1054/22/1
f 961/232/1 960/231/1 1054/22/1
f 961/232/1 1054/22/1 1053/233/1
f 1018/234/1 1054/22/1 905/225/1
f 961/232/1 1053/233/1 1052/235/1
f 962/236/1 961/232/1 1052/235/1
f 962/236/1 1052/235/1 1051/237/1
f 963/238/1 962/236/1 1051/237/1
f 963/238/1 1051/237/1 1050/239/1
f 964/240/1 963/238/1 1050/239/1
f 964/240/1 1050/239/1 1049/241/1
f 964/240/1 1049/241/1 1048/242/1
f 965/243/1 964/240/1 1048/242/1
f 965/243/1 1048/242/1 1047/244/1
f 966/245/1 965/243/1 1047/244/1
f 966/245/1 1047/244/1 1046/246/1
f 966/245/1 1046/246/1 1045/247/1
f 967/248/1 966/245/1 1045/247/1
f 967/248/1 1045/247/1 1044/249/1
f 967/248/1 1044/249/1 1043/250/1
f 968/251/1 967/248/1 1043/250/1
f 968/251/1 1043/250/1 1042/252/1
f 969/253/1 968/251/1 1042/252/1
f 969/253/1 1042/252/1 1041/254/1
f 969/253/1 1041/254/1 1040/255/1
f 970/256/1 969/253/1 1040/255/1
f 970/256/1 1040/255/1 1039/257/1
f 970/256/1 1039/257/1 1038/258/1
f 1019/259/1 1018/234/1 905/225/1
f 971/260/1 970/256/1 1038/258/1
f 1020/261/1 1019/259/1 905/225/1
f 971/260/1 1038/258/1 1037/262/1
f 1021/263/1 1020/261/1 905/225/1
f 882/264/1 881/76/1 1017/265/1
f 1021/263/1 905/225/1 904/266/1
f 971/260/1 1037/262/1 1036/267/1
f 883/268/1 882/264/1 1017/265/1
f 1022/269/1 1021/263/1 904/266/1
f 1022/269/1 904/266/1 903/270/1
f 884/271/1 883/268/1 1017/265/1
f 972/272/1 971/260/1 1036/267/1
f 972/272/1 1036/267/1 1035/273/1
f 1022/269/1 903/270/1 902/274/1
f 1023/275/1 1022/269/1 902/274/1
f 885/276/1 884/271/1 1017/265/1
f 1023/275/1 902/274/1 901/277/1
f 1024/278/1 1023/275/1 901/277/1
f 886/279/1 885/276/1 1017/265/1
f 972/272/1 1035/273/1 1034/280/1
f 1024/278/1 901/277/1 900/281/1
f 887/282/1 886/279/1 1017/265/1
f 1025/283/1 1024/278/1 900/281/1
f 1025/283/1 900/281/1 899/284/1
f 888/285/1 887/282/1 1017/265/1
f 972/272/1 1034/280/1 1033/286/1
f 1025/283/1 899/284/1 898/287/1
f 1026/288/1 1025/283/1 898/287/1
f 889/289/1 888/285/1 1017/265/1
f 1026/288/1 898/287/1 897/290/1
f 973/291/1 972/272/1 1033/286/1
f 890/292/1 889/289/1 1017/265/1
f 973/291/1 1033/286/1 1032/293/1
f 1027/294/1 1026/288/1 897/290/1
f 1027/294/1 897/290/1 896/295/1
f 891/296/1 890/292/1 1017/265/1
f 1027/294/1 896/295/1 895/297/1
f 892/298/1 891/296/1 1017/265/1
f 1028/299/1 1027/294/1 895/297/1
f 1028/299/1 895/297/1 894/300/1
f 893/301/1 892/298/1 1017/265/1
f 1028/299/1 894/300/1 893/301/1
f 973/291/1 1032/293/1 1031/302/1
f 1028/299/1 893/301/1 1017/265/1
f 1029/303/1 1028/299/1 1017/265/1
f 973/291/1 1031/302/1 1030/304/1
f 1030/304/1 1029/303/1 1017/265/1
f 973/291/1 1030/304/1 993/305/1
f 993/305/1 1030/304/1 1017/265/1
f 974/306/1 973/291/1 993/305/1
f 974/306/1 993/305/1 992/307/1
f 994/308/1 993/305/1 1017/265/1
f 975/309/1 974/306/1 992/307/1
f 975/309/1 992/307/1 991/310/1
f 995/311/1 994/308/1 1017/265/1
f 995/311/1 1017/265/1 1016/312/1
f 976/313/1 975/309/1 991/310/1
f 976/313/1 991/310/1 990/314/1
f 996/315/1 995/311/1 1016/312/1
f 996/315/1 1016/312/1 1015/316/1
f 976/313/1 990/314/1 989/317/1
f 997/318/1 996/315/1 1015/316/1
f 977/319/1 976/313/1 989/317/1
f 997/318/1 1015/316/1 1014/320/1
f 977/319/1 989/317/1 988/321/1
f 998/322/1 997/318/1 1014/320/1
f 998/322/1 1014/320/1 1013/323/1
f 978/324/1 977/319/1 988/321/1
f 978/324/1 988/321/1 987/325/1
f 999/326/1 998/322/1 1013/323/1
f 999/326/1 1013/323/1 1012/327/1
f 978/324/1 987/325/1 986/328/1
f 1000/329/1 999/326/1 1012/327/1
f 1000/329/1 1012/327/1 1011/330/1
f 979/331/1 978/324/1 986/328/1
f 979/331/1 986/328/1 985/332/1
f 1001/333/1 1000/329/1 1011/330/1
f 1001/333/1 1011/330/1 1010/334/1
f 979/331/1 985/332/1 984/335/1
f 1001/333/1 1010/334/1 1009/336/1
f 1002/337/1 1001/333/1 1009/336/1
f 980/338/1 979/331/1 984/335/1
f 1002/337/1 1009/336/1 1008/339/1
f 980/338/1 984/335/1 983/340/1
f 1003/341/1 1002/337/1 1008/339/1
f 1003/341/1 1008/339/1 1007/342/1
f 980/338/1 983/340/1 982/343/1
f 1004/344/1 1003/341/1 1007/342/1
f 981/345/1 980/338/1 982/343/1
f 1004/344/1 1007/342/1 1006/346/1
f 1005/347/1 1004/344/1 1006/346/1
f 1121/644/1 1120/645/1 1119/646/1
f 1121/644/1 1119/646/1 1118/647/1
f 1121/644/1 1118/647/1 1117/648/1
f 1121/644/1 1117/648/1 1116/649/1
f 1122/650/1 1121/644/1 1116/649/1
f 1122/650/1 1116/649/1 1115/651/1
f 1122/650/1 1115/651/1 1114/652/1
f 1122/650/1 1114/652/1 1113/653/1
f 1123/654/1 1122/650/1 1113/653/1
f 1123/654/1 1113/653/1 1112/655/1
f 1123/654/1 1112/655/1 1111/656/1
f 1124/657/1 1123/654/1 1111/656/1
f 1124/657/1 1111/656/1 1110/658/1
f 1124/657/1 1110/658/1 1109/659/1
f 1125/660/1 1124/657/1 1109/659/1
f 1125/660/1 1109/659/1 1108/661/1
f 1125/660/1 1108/661/1 1097/662/1
f 1097/662/1 1108/661/1 1098/663/1
f 1098/663/1 1108/661/1 1099/664/1
f 1099/664/1 1108/661/1 1100/665/1
f 1100/665/1 1108/661/1 1101/666/1
f 1101/666/1 1108/661/1 1102/667/1
f 1102/667/1 1108/661/1 1103/668/1
f 1103/668/1 1108/661/1 1104/669/1
f 1104/669/1 1108/661/1 1105/670/1
f 1105/670/1 1108/661/1 1106/671/1
f 1106/671/1 1108/661/1 1107/672/1
f 1126/673/1 1125/660/1 1095/674/1
f 1095/674/1 1125/660/1 1096/675/1
f 1096/675/1 1125/660/1 1097/662/1
f 1126/673/1 1095/674/1 1094/676/1
f 1126/673/1 1094/676/1 1093/677/1
f 1126/673/1 1093/677/1 1092/678/1
f 1127/679/1 1126/673/1 1092/678/1
f 1127/679/1 1092/678/1 1091/680/1
f 1127/679/1 1091/680/1 1090/681/1
f 1128/682/1 1127/679/1 1090/681/1
f 1128/682/1 1090/681/1 1089/683/1
f 1128/682/1 1089/683/1 1088/684/1
f 1129/685/1 1128/682/1 1088/684/1
f 1129/685/1 1088/684/1 1087/686/1
f 1130/687/1 1129/685/1 1087/686/1
f 1130/687/1 1087/686/1 1086/688/1
f 1130/687/1 1086/688/1 1085/689/1
f 1131/690/1 1130/687/1 1085/689/1
f 1131/690/1 1085/689/1 1084/691/1
f 1132/692/1 1131/690/1 1084/691/1
f 1132/692/1 1084/691/1 1083/693/1
f 1132/692/1 1083/693/1 1082/694/1
f 1133/695/1 1132/692/1 1082/694/1
f 1057/696/1 1056/697/1 1055/76/1
f 1057/696/1 1055/76/1 1058/698/1
f 1058/698/1 1055/76/1 1156/22/1
f 1133/695/1 1082/694/1 1081/699/1
f 1134/700/1 1133/695/1 1081/699/1
f 1134/700/1 1081/699/1 1080/701/1
f 1059/702/1 1058/698/1 1156/22/1
f 1135/703/1 1134/700/1 1080/701/1
f 1135/703/1 1080/701/1 1079/704/1
f 1135/703/1 1079/704/1 1078/705/1
f 1136/706/1 1135/703/1 1078/705/1
f 1136/706/1 1078/705/1 1077/707/1
f 1137/708/1 1136/706/1 1077/707/1
f 1137/708/1 1077/707/1 1076/709/1
f 1137/708/1 1076/709/1 1075/710/1
f 1138/711/1 1137/708/1 1075/710/1
f 1138/711/1 1075/710/1 1074/712/1
f 1060/713/1 1059/702/1 1156/22/1
f 1061/714/1 1060/713/1 1156/22/1
f 1062/715/1 1061/714/1 1156/22/1
f 1138/711/1 1074/712/1 1073/716/1
f 1063/717/1 1062/715/1 1156/22/1
f 1064/718/1 1063/717/1 1156/22/1
f 1065/719/1 1064/718/1 1156/22/1
f 1138/711/1 1073/716/1 1072/720/1
f 1139/721/1 1138/711/1 1072/720/1
f 1066/722/1 1065/719/1 1156/22/1
f 1067/723/1 1066/722/1 1156/22/1
f 1068/724/1 1067/723/1 1156/22/1
f 1139/721/1 1072/720/1 1071/725/1
f 1069/726/1 1068/724/1 1156/22/1
f 1070/727/1 1069/726/1 1156/22/1
f 1071/725/1 1070/727/1 1156/22/1
f 1139/721/1 1071/725/1 1156/22/1
f 1140/728/1 1139/721/1 1156/22/1
f 1140/728/1 1156/22/1 1155/729/1
f 1140/728/1 1155/729/1 1154/730/1
f 1141/731/1 1140/728/1 1154/730/1
f 1141/731/1 1154/730/1 1153/732/1
f 1141/731/1 1153/732/1 1152/733/1
f 1142/734/1 1141/731/1 1152/733/1
f 1142/734/1 1152/733/1 1151/735/1
f 1142/734/1 1151/735/1 1150/736/1
f 1142/734/1 1150/736/1 1149/737/1
f 1143/738/1 1142/734/1 1149/737/1
f 1143/738/1 1149/737/1 1148/739/1
f 1143/738/1 1148/739/1 1147/740/1
f 1143/738/1 1147/740/1 1146/741/1
f 1144/742/1 1143/738/1 1146/741/1
f 1144/742/1 1146/741/1 1145/743/1
f 1268/1/2 1266/3/2 1267/2/2
f 1269/4/2 1266/3/2 1268/1/2
f 1269/4/2 1265/5/2 1266/3/2
f 1270/6/2 1265/5/2 1269/4/2
f 1270/6/2 1264/7/2 1265/5/2
f 1271/8/2 1264/7/2 1270/6/2
f 1271/8/2 1263/9/2 1264/7/2
f 1272/10/2 1263/9/2 1271/8/2
f 1272/10/2 1262/11/2 1263/9/2
f 1273/12/2 1262/11/2 1272/10/2
f 1273/12/2 1261/13/2 1262/11/2
f 1274/14/2 1261/13/2 1273/12/2
f 1274/14/2 1260/15/2 1261/13/2
f 1275/16/2 1260/15/2 1274/14/2
f 1275/16/2 1259/17/2 1260/15/2
f 1276/18/2 1259/17/2 1275/16/2
f 1276/18/2 1258/19/2 1259/17/2
f 1277/20/2 1258/19/2 1276/18/2
f 1277/20/2 1257/21/2 1258/19/2
f 1278/22/2 1257/21/2 1277/20/2
f 1278/22/2 1256/23/2 1257/21/2
f 1205/24/2 1256/23/2 1278/22/2
f 1205/24/2 1255/25/2 1256/23/2
f 1206/26/2 1255/25/2 1205/24/2
f 1206/26/2 1254/27/2 1255/25/2
f 1206/26/2 1253/28/2 1254/27/2
f 1207/29/2 1253/28/2 1206/26/2
f 1207/29/2 1252/30/2 1253/28/2
f 1208/31/2 1252/30/2 1207/29/2
f 1208/31/2 1251/32/2 1252/30/2
f 1209/33/2 1251/32/2 1208/31/2
f 1209/33/2 1250/34/2 1251/32/2
f 1210/35/2 1250/34/2 1209/33/2
f 1210/35/2 1249/36/2 1250/34/2
f 1211/37/2 1249/36/2 1210/35/2
f 1211/37/2 1248/38/2 1249/36/2
f 1212/39/2 1248/38/2 1211/37/2
f 1212/39/2 1247/40/2 1248/38/2
f 1213/41/2 1247/40/2 1212/39/2
f 1213/41/2 1246/42/2 1247/40/2
f 1214/43/2 1246/42/2 1213/41/2
f 1214/43/2 1245/44/2 1246/42/2
f 1215/45/2 1245/44/2 1214/43/2
f 1215/45/2 1244/46/2 1245/44/2
f 1216/47/2 1244/46/2 1215/45/2
f 1216/47/2 1243/48/2 1244/46/2
f 1217/49/2 1243/48/2 1216/47/2
f 1218/50/2 1243/48/2 1217/49/2
f 1218/50/2 1242/51/2 1243/48/2
f 1219/52/2 1242/51/2 1218/50/2
f 1219/52/2 1241/53/2 1242/51/2
f 1220/54/2 1241/53/2 1219/52/2
f 1220/54/2 1240/55/2 1241/53/2
f 1221/56/2 1240/55/2 1220/54/2
f 1221/56/2 1239/57/2 1240/55/2
f 1222/58/2 1239/57/2 1221/56/2
f 1222/58/2 1238/59/2 1239/57/2
f 1223/60/2 1238/59/2 1222/58/2
f 1223/60/2 1237/61/2 1238/59/2
f 1224/62/2 1237/61/2 1223/60/2
f 1224/62/2 1236/63/2 1237/61/2
f 1225/64/2 1236/63/2 1224/62/2
f 1225/64/2 1235/65/2 1236/63/2
f 1226/66/2 1235/65/2 1225/64/2
f 1226/66/2 1234/67/2 1235/65/2
f 1227/68/2 1234/67/2 1226/66/2
f 1227/68/2 1233/69/2 1234/67/2
f 1228/70/2 1233/69/2 1227/68/2
f 1228/70/2 1232/71/2 1233/69/2
f 1229/72/2 1232/71/2 1228/70/2
f 1229/72/2 1231/73/2 1232/71/2
f 1230/74/2 1231/73/2 1229/72/2
f 1158/75/2 1204/77/2 1157/76/2
f 1159/78/2 1204/77/2 1158/75/2
f 1159/78/2 1203/79/2 1204/77/2
f 1160/80/2 1203/79/2 1159/78/2
f 1160/80/2 1202/81/2 1203/79/2
f 1161/82/2 1202/81/2 1160/80/2
f 1161/82/2 1201/83/2 1202/81/2
f 1162/84/2 1201/83/2 1161/82/2
f 1162/84/2 1200/85/2 1201/83/2
f 1163/86/2 1200/85/2 1162/84/2
f 1163/86/2 1199/87/2 1200/85/2
f 1164/88/2 1199/87/2 1163/86/2
f 1164/88/2 1198/89/2 1199/87/2
f 1165/90/2 1198/89/2 1164/88/2
f 1165/90/2 1197/91/2 1198/89/2
f 1166/92/2 1197/91/2 1165/90/2
f 1166/92/2 1196/93/2 1197/91/2
f 1167/94/2 1196/93/2 1166/92/2
f 1167/94/2 1195/95/2 1196/93/2
f 1168/96/2 1195/95/2 1167/94/2
f 1168/96/2 1194/97/2 1195/95/2
f 1168/96/2 1193/98/2 1194/97/2
f 1169/99/2 1193/98/2 1168/96/2
f 1170/100/2 1193/98/2 1169/99/2
f 1170/100/2 1192/101/2 1193/98/2
f 1171/102/2 1192/101/2 1170/100/2
f 1171/102/2 1191/103/2 1192/101/2
f 1172/104/2 1191/103/2 1171/102/2
f 1172/104/2 1190/105/2 1191/103/2
f 1173/106/2 1190/105/2 1172/104/2
f 1173/106/2 1189/107/2 1190/105/2
f 1174/108/2 1189/107/2 1173/106/2
f 1174/108/2 1188/109/2 1189/107/2
f 1175/110/2 1188/109/2 1174/108/2
f 1175/110/2 1187/111/2 1188/109/2
f 1176/112/2 1187/111/2 1175/110/2
f 1176/112/2 1186/113/2 1187/111/2
f 1177/114/2 1186/113/2 1176/112/2
f 1177/114/2 1185/115/2 1186/113/2
f 1178/116/2 1185/115/2 1177/114/2
f 1178/116/2 1184/117/2 1185/115/2
f 1179/118/2 1184/117/2 1178/116/2
f 1179/118/2 1183/119/2 1184/117/2
f 1180/120/2 1183/119/2 1179/118/2
f 1180/120/2 1182/121/2 1183/119/2
f 1181/122/2 1182/121/2 1180/120/2
f 1390/1/2 1388/3/2 1389/2/2
f 1391/4/2 1388/3/2 1390/1/2
f 1391/4/2 1387/5/2 1388/3/2
f 1392/6/2 1387/5/2 1391/4/2
f 1392/6/2 1386/7/2 1387/5/2
f 1393/8/2 1386/7/2 1392/6/2
f 1393/8/2 1385/9/2 1386/7/2
f 1394/10/2 1385/9/2 1393/8/2
f 1394/10/2 1384/11/2 1385/9/2
f 1395/12/2 1384/11/2 1394/10/2
f 1395/12/2 1383/13/2 1384/11/2
f 1396/14/2 1383/13/2 1395/12/2
f 1396/14/2 1382/15/2 1383/13/2
f 1397/16/2 1382/15/2 1396/14/2
f 1397/16/2 1381/17/2 1382/15/2
f 1398/18/2 1381/17/2 1397/16/2
f 1398/18/2 1380/19/2 1381/17/2
f 1399/20/2 1380/19/2 1398/18/2
f 1399/20/2 1379/21/2 1380/19/2
f 1400/22/2 1379/21/2 1399/20/2
f 1400/22/2 1378/23/2 1379/21/2
f 1327/24/2 1378/23/2 1400/22/2
f 1327/24/2 1377/25/2 1378/23/2
f 1328/26/2 1377/25/2 1327/24/2
f 1328/26/2 1376/27/2 1377/25/2
f 1328/26/2 1375/28/2 1376/27/2
f 1329/29/2 1375/28/2 1328/26/2
f 1329/29/2 1374/30/2 1375/28/2
f 1330/31/2 1374/30/2 1329/29/2
f 1330/31/2 1373/32/2 1374/30/2
f 1331/33/2 1373/32/2 1330/31/2
f 1331/33/2 1372/34/2 1373/32/2
f 1332/35/2 1372/34/2 1331/33/2
f 1332/35/2 1371/36/2 1372/34/2
f 1333/37/2 1371/36/2 1332/35/2
f 1333/37/2 1370/38/2 1371/36/2
f 1334/39/2 1370/38/2 1333/37/2
f 1334/39/2 1369/40/2 1370/38/2
f 1335/41/2 1369/40/2 1334/39/2
f 1335/41/2 1368/42/2 1369/40/2
f 1336/43/2 1368/42/2 1335/41/2
f 1336/43/2 1367/44/2 1368/42/2
f 1337/45/2 1367/44/2 1336/43/2
f 1337/45/2 1366/46/2 1367/44/2
f 1338/47/2 1366/46/2 1337/45/2
f 1338/47/2 1365/48/2 1366/46/2
f 1339/49/2 1365/48/2 1338/47/2
f 1340/50/2 1365/48/2 1339/49/2
f 1340/50/2 1364/51/2 1365/48/2
f 1341/52/2 1364/51/2 1340/50/2
f 1341/52/2 1363/53/2 1364/51/2
f 1342/54/2 1363/53/2 1341/52/2
f 1342/54/2 1362/55/2 1363/53/2
f 1343/56/2 1362/55/2 1342/54/2
f 1343/56/2 1361/57/2 1362/55/2
f 1344/58/2 1361/57/2 1343/56/2
f 1344/58/2 1360/59/2 1361/57/2
f 1345/60/2 1360/59/2 1344/58/2
f 1345/60/2 1359/61/2 1360/59/2
f 1346/62/2 1359/61/2 1345/60/2
f 1346/62/2 1358/63/2 1359/61/2
f 1347/64/2 1358/63/2 1346/62/2
f 1347/64/2 1357/65/2 1358/63/2
f 1348/66/2 1357/65/2 1347/64/2
f 1348/66/2 1356/67/2 1357/65/2
f 1349/68/2 1356/67/2 1348/66/2
f 1349/68/2 1355/69/2 1356/67/2
f 1350/70/2 1355/69/2 1349/68/2
f 1350/70/2 1354/71/2 1355/69/2
f 1351/72/2 1354/71/2 1350/70/2
f 1351/72/2 1353/73/2 1354/71/2
f 1352/74/2 1353/73/2 1351/72/2
f 1280/75/2 1326/77/2 1279/76/2
f 1281/78/2 1326/77/2 1280/75/2
f 1281/78/2 1325/79/2 1326/77/2
f 1282/80/2 1325/79/2 1281/78/2
f 1282/80/2 1324/81/2 1325/79/2
f 1283/82/2 1324/81/2 1282/80/2
f 1283/82/2 1323/83/2 1324/81/2
f 1284/84/2 1323/83/2 1283/82/2
f 1284/84/2 1322/85/2 1323/83/2
f 1285/86/2 1322/85/2 1284/84/2
f 1285/86/2 1321/87/2 1322/85/2
f 1286/88/2 1321/87/2 1285/86/2
f 1286/88/2 1320/89/2 1321/87/2
f 1287/90/2 1320/89/2 1286/88/2
f 1287/90/2 1319/91/2 1320/89/2
f 1288/92/2 1319/91/2 1287/90/2
f 1288/92/2 1318/93/2 1319/91/2
f 1289/94/2 1318/93/2 1288/92/2
f 1289/94/2 1317/95/2 1318/93/2
f 1290/96/2 1317/95/2 1289/94/2
f 1290/96/2 1316/97/2 1317/95/2
f 1290/96/2 1315/98/2 1316/97/2
f 1291/99/2 1315/98/2 1290/96/2
f 1292/100/2 1315/98/2 1291/99/2
f 1292/100/2 1314/101/2 1315/98/2
f 1293/102/2 1314/101/2 1292/100/2
f 1293/102/2 1313/103/2 1314/101/2
f 1294/104/2 1313/103/2 1293/102/2
f 1294/104/2 1312/105/2 1313/103/2
f 1295/106/2 1312/105/2 1294/104/2
f 1295/106/2 1311/107/2 1312/105/2
f 1296/108/2 1311/107/2 1295/106/2
f 1296/108/2 1310/109/2 1311/107/2
f 1297/110/2 1310/109/2 1296/108/2
f 1297/110/2 1309/111/2 1310/109/2
f 1298/112/2 1309/111/2 1297/110/2
f 1298/112/2 1308/113/2 1309/111/2
f 1299/114/2 1308/113/2 1298/112/2
f 1299/114/2 1307/115/2 1308/113/2
f 1300/116/2 1307/115/2 1299/114/2
f 1300/116/2 1306/117/2 1307/115/2
f 1301/118/2 1306/117/2 1300/116/2
f 1301/118/2 1305/119/2 1306/117/2
f 1302/120/2 1305/119/2 1301/118/2
f 1302/120/2 1304/121/2 1305/119/2
f 1303/122/2 1304/121/2 1302/120/2
f 1442/123/2 1440/125/2 1441/124/2
f 1442/123/2 1439/126/2 1440/125/2
f 1443/127/2 1439/126/2 1442/123/2
f 1443/127/2 1438/128/2 1439/126/2
f 1444/129/2 1438/128/2 1443/127/2
f 1444/129/2 1437/130/2 1438/128/2
f 1444/129/2 1436/131/2 1437/130/2
f 1445/132/2 1436/131/2 1444/129/2
f 1445/132/2 1435/133/2 1436/131/2
f 1402/134/2 1455/22/2 1401/76/2
f 1402/134/2 1454/135/2 1455/22/2
f 1446/136/2 1435/133/2 1445/132/2
f 1446/136/2 1434/137/2 1435/133/2
f 1446/136/2 1433/138/2 1434/137/2
f 1447/139/2 1433/138/2 1446/136/2
f 1447/139/2 1432/140/2 1433/138/2
f 1448/141/2 1432/140/2 1447/139/2
f 1448/141/2 1431/142/2 1432/140/2
f 1448/141/2 1430/143/2 1431/142/2
f 1449/144/2 1430/143/2 1448/141/2
f 1449/144/2 1429/145/2 1430/143/2
f 1450/146/2 1429/145/2 1449/144/2
f 1450/146/2 1419/147/2 1429/145/2
f 1419/147/2 1420/148/2 1429/145/2
f 1420/148/2 1421/149/2 1429/145/2
f 1421/149/2 1422/150/2 1429/145/2
f 1422/150/2 1423/151/2 1429/145/2
f 1423/151/2 1424/152/2 1429/145/2
f 1424/152/2 1425/153/2 1429/145/2
f 1425/153/2 1426/154/2 1429/145/2
f 1426/154/2 1427/155/2 1429/145/2
f 1427/155/2 1428/156/2 1429/145/2
f 1451/157/2 1417/158/2 1450/146/2
f 1417/158/2 1418/159/2 1450/146/2
f 1418/159/2 1419/147/2 1450/146/2
f 1452/160/2 1415/161/2 1451/157/2
f 1415/161/2 1416/162/2 1451/157/2
f 1416/162/2 1417/158/2 1451/157/2
f 1452/160/2 1414/163/2 1415/161/2
f 1452/160/2 1413/164/2 1414/163/2
f 1453/165/2 1413/164/2 1452/160/2
f 1453/165/2 1412/166/2 1413/164/2
f 1453/165/2 1411/167/2 1412/166/2
f 1402/134/2 1453/165/2 1454/135/2
f 1402/134/2 1407/168/2 1453/165/2
f 1407/168/2 1408/169/2 1453/165/2
f 1408/169/2 1409/170/2 1453/165/2
f 1409/170/2 1410/171/2 1453/165/2
f 1410/171/2 1411/167/2 1453/165/2
f 1402/134/2 1406/172/2 1407/168/2
f 1402/134/2 1405/173/2 1406/172/2
f 1402/134/2 1404/174/2 1405/173/2
f 1402/134/2 1403/175/2 1404/174/2
f 1494/176/2 1492/178/2 1493/177/2
f 1495/179/2 1492/178/2 1494/176/2
f 1495/179/2 1491/180/2 1492/178/2
f 1496/181/2 1491/180/2 1495/179/2
f 1497/182/2 1491/180/2 1496/181/2
f 1497/182/2 1490/183/2 1491/180/2
f 1498/184/2 1490/183/2 1497/182/2
f 1498/184/2 1489/185/2 1490/183/2
f 1499/186/2 1489/185/2 1498/184/2
f 1500/187/2 1489/185/2 1499/186/2
f 1500/187/2 1488/188/2 1489/185/2
f 1501/189/2 1488/188/2 1500/187/2
f 1501/189/2 1487/190/2 1488/188/2
f 1502/191/2 1487/190/2 1501/189/2
f 1503/192/2 1487/190/2 1502/191/2
f 1503/192/2 1486/193/2 1487/190/2
f 1504/194/2 1486/193/2 1503/192/2
f 1504/194/2 1485/195/2 1486/193/2
f 1505/196/2 1485/195/2 1504/194/2
f 1506/197/2 1507/198/2 1505/196/2
f 1507/198/2 1508/199/2 1505/196/2
f 1508/199/2 1509/200/2 1505/196/2
f 1509/200/2 1510/201/2 1505/196/2
f 1510/201/2 1511/202/2 1505/196/2
f 1511/202/2 1512/203/2 1505/196/2
f 1512/203/2 1513/204/2 1505/196/2
f 1513/204/2 1514/205/2 1505/196/2
f 1514/205/2 1515/206/2 1505/196/2
f 1515/206/2 1516/207/2 1505/196/2
f 1516/207/2 1485/195/2 1505/196/2
f 1516/207/2 1517/208/2 1485/195/2
f 1517/208/2 1518/209/2 1485/195/2
f 1518/209/2 1484/210/2 1485/195/2
f 1518/209/2 1519/211/2 1484/210/2
f 1519/211/2 1483/212/2 1484/210/2
f 1520/213/2 1483/212/2 1519/211/2
f 1521/214/2 1483/212/2 1520/213/2
f 1522/215/2 1483/212/2 1521/214/2
f 1523/216/2 1483/212/2 1522/215/2
f 1524/217/2 1483/212/2 1523/216/2
f 1524/217/2 1482/218/2 1483/212/2
f 1525/219/2 1482/218/2 1524/217/2
f 1526/220/2 1482/218/2 1525/219/2
f 1527/221/2 1482/218/2 1526/220/2
f 1527/221/2 1481/222/2 1482/218/2
f 1528/223/2 1481/222/2 1527/221/2
f 1529/224/2 1481/222/2 1528/223/2
f 1529/224/2 1480/225/2 1481/222/2
f 1530/226/2 1480/225/2 1529/224/2
f 1531/227/2 1480/225/2 1530/226/2
f 1532/228/2 1629/22/2 1531/227/2
f 1629/22/2 1480/225/2 1531/227/2
f 1533/229/2 1629/22/2 1532/228/2
f 1534/230/2 1629/22/2 1533/229/2
f 1535/231/2 1629/22/2 1534/230/2
f 1536/232/2 1629/22/2 1535/231/2
f 1536/232/2 1628/233/2 1629/22/2
f 1593/234/2 1480/225/2 1629/22/2
f 1536/232/2 1627/235/2 1628/233/2
f 1537/236/2 1627/235/2 1536/232/2
f 1537/236/2 1626/237/2 1627/235/2
f 1538/238/2 1626/237/2 1537/236/2
f 1538/238/2 1625/239/2 1626/237/2
f 1539/240/2 1625/239/2 1538/238/2
f 1539/240/2 1624/241/2 1625/239/2
f 1539/240/2 1623/242/2 1624/241/2
f 1540/243/2 1623/242/2 1539/240/2
f 1540/243/2 1622/244/2 1623/242/2
f 1541/245/2 1622/244/2 1540/243/2
f 1541/245/2 1621/246/2 1622/244/2
f 1541/245/2 1620/247/2 1621/246/2
f 1542/248/2 1620/247/2 1541/245/2
f 1542/248/2 1619/249/2 1620/247/2
f 1542/248/2 1618/250/2 1619/249/2
f 1543/251/2 1618/250/2 1542/248/2
f 1543/251/2 1617/252/2 1618/250/2
f 1544/253/2 1617/252/2 1543/251/2
f 1544/253/2 1616/254/2 1617/252/2
f 1544/253/2 1615/255/2 1616/254/2
f 1545/256/2 1615/255/2 1544/253/2
f 1545/256/2 1614/257/2 1615/255/2
f 1545/256/2 1613/258/2 1614/257/2
f 1594/259/2 1480/225/2 1593/234/2
f 1546/260/2 1613/258/2 1545/256/2
f 1595/261/2 1480/225/2 1594/259/2
f 1546/260/2 1612/262/2 1613/258/2
f 1596/263/2 1480/225/2 1595/261/2
f 1457/264/2 1592/265/2 1456/76/2
f 1596/263/2 1479/266/2 1480/225/2
f 1546/260/2 1611/267/2 1612/262/2
f 1458/268/2 1592/265/2 1457/264/2
f 1597/269/2 1479/266/2 1596/263/2
f 1597/269/2 1478/270/2 1479/266/2
f 1459/271/2 1592/265/2 1458/268/2
f 1547/272/2 1611/267/2 1546/260/2
f 1547/272/2 1610/273/2 1611/267/2
f 1597/269/2 1477/274/2 1478/270/2
f 1598/275/2 1477/274/2 1597/269/2
f 1460/276/2 1592/265/2 1459/271/2
f 1598/275/2 1476/277/2 1477/274/2
f 1599/278/2 1476/277/2 1598/275/2
f 1461/279/2 1592/265/2 1460/276/2
f 1547/272/2 1609/280/2 1610/273/2
f 1599/278/2 1475/281/2 1476/277/2
f 1462/282/2 1592/265/2 1461/279/2
f 1600/283/2 1475/281/2 1599/278/2
f 1600/283/2 1474/284/2 1475/281/2
f 1463/285/2 1592/265/2 1462/282/2
f 1547/272/2 1608/286/2 1609/280/2
f 1600/283/2 1473/287/2 1474/284/2
f 1601/288/2 1473/287/2 1600/283/2
f 1464/289/2 1592/265/2 1463/285/2
f 1601/288/2 1472/290/2 1473/287/2
f 1548/291/2 1608/286/2 1547/272/2
f 1465/292/2 1592/265/2 1464/289/2
f 1548/291/2 1607/293/2 1608/286/2
f 1602/294/2 1472/290/2 1601/288/2
f 1602/294/2 1471/295/2 1472/290/2
f 1466/296/2 1592/265/2 1465/292/2
f 1602/294/2 1470/297/2 1471/295/2
f 1467/298/2 1592/265/2 1466/296/2
f 1603/299/2 1470/297/2 1602/294/2
f 1603/299/2 1469/300/2 1470/297/2
f 1468/301/2 1592/265/2 1467/298/2
f 1603/299/2 1468/301/2 1469/300/2
f 1548/291/2 1606/302/2 1607/293/2
f 1603/299/2 1592/265/2 1468/301/2
f 1604/303/2 1592/265/2 1603/299/2
f 1548/291/2 1605/304/2 1606/302/2
f 1605/304/2 1592/265/2 1604/303/2
f 1548/291/2 1568/305/2 1605/304/2
f 1568/305/2 1592/265/2 1605/304/2
f 1549/306/2 1568/305/2 1548/291/2
f 1549/306/2 1567/307/2 1568/305/2
f 1569/308/2 1592/265/2 1568/305/2
f 1550/309/2 1567/307/2 1549/306/2
f 1550/309/2 1566/310/2 1567/307/2
f 1570/311/2 1592/265/2 1569/308/2
f 1570/311/2 1591/312/2 1592/265/2
f 1551/313/2 1566/310/2 1550/309/2
f 1551/313/2 1565/314/2 1566/310/2
f 1571/315/2 1591/312/2 1570/311/2
f 1571/315/2 1590/316/2 1591/312/2
f 1551/313/2 1564/317/2 1565/314/2
f 1572/318/2 1590/316/2 1571/315/2
f 1552/319/2 1564/317/2 1551/313/2
f 1572/318/2 1589/320/2 1590/316/2
f 1552/319/2 1563/321/2 1564/317/2
f 1573/322/2 1589/320/2 1572/318/2
f 1573/322/2 1588/323/2 1589/320/2
f 1553/324/2 1563/321/2 1552/319/2
f 1553/324/2 1562/325/2 1563/321/2
f 1574/326/2 1588/323/2 1573/322/2
f 1574/326/2 1587/327/2 1588/323/2
f 1553/324/2 1561/328/2 1562/325/2
f 1575/329/2 1587/327/2 1574/326/2
f 1575/329/2 1586/330/2 1587/327/2
f 1554/331/2 1561/328/2 1553/324/2
f 1554/331/2 1560/332/2 1561/328/2
f 1576/333/2 1586/330/2 1575/329/2
f 1576/333/2 1585/334/2 1586/330/2
f 1554/331/2 1559/335/2 1560/332/2
f 1576/333/2 1584/336/2 1585/334/2
f 1577/337/2 1584/336/2 1576/333/2
f 1555/338/2 1559/335/2 1554/331/2
f 1577/337/2 1583/339/2 1584/336/2
f 1555/338/2 1558/340/2 1559/335/2
f 1578/341/2 1583/339/2 1577/337/2
f 1578/341/2 1582/342/2 1583/339/2
f 1555/338/2 1557/343/2 1558/340/2
f 1579/344/2 1582/342/2 1578/341/2
f 1556/345/2 1557/343/2 1555/338/2
f 1579/344/2 1581/346/2 1582/342/2
f 1580/347/2 1581/346/2 1579/344/2
f 1668/348/2 1666/350/2 1667/349/2
f 1668/348/2 1665/351/2 1666/350/2
f 1669/352/2 1665/351/2 1668/348/2
f 1669/352/2 1664/353/2 1665/351/2
f 1670/354/2 1664/353/2 1669/352/2
f 1670/354/2 1663/355/2 1664/353/2
f 1671/356/2 1663/355/2 1670/354/2
f 1671/356/2 1662/357/2 1663/355/2
f 1672/358/2 1662/357/2 1671/356/2
f 1672/358/2 1661/359/2 1662/357/2
f 1673/360/2 1661/359/2 1672/358/2
f 1673/360/2 1660/361/2 1661/359/2
f 1674/362/2 1716/363/2 1673/360/2
f 1716/363/2 1660/361/2 1673/360/2
f 1674/362/2 1715/364/2 1716/363/2
f 1717/365/2 1660/361/2 1716/363/2
f 1674/362/2 1714/366/2 1715/364/2
f 1718/367/2 1660/361/2 1717/365/2
f 1674/362/2 1713/368/2 1714/366/2
f 1719/369/2 1660/361/2 1718/367/2
f 1719/369/2 1659/370/2 1660/361/2
f 1674/362/2 1712/371/2 1713/368/2
f 1675/372/2 1712/371/2 1674/362/2
f 1720/373/2 1659/370/2 1719/369/2
f 1675/372/2 1711/374/2 1712/371/2
f 1721/375/2 1659/370/2 1720/373/2
f 1675/372/2 1710/376/2 1711/374/2
f 1722/377/2 1659/370/2 1721/375/2
f 1675/372/2 1709/378/2 1710/376/2
f 1723/379/2 1659/370/2 1722/377/2
f 1676/380/2 1709/378/2 1675/372/2
f 1723/379/2 1658/381/2 1659/370/2
f 1676/380/2 1708/382/2 1709/378/2
f 1724/383/2 1658/381/2 1723/379/2
f 1676/380/2 1707/384/2 1708/382/2
f 1725/385/2 1658/381/2 1724/383/2
f 1677/386/2 1707/384/2 1676/380/2
f 1725/385/2 1657/387/2 1658/381/2
f 1677/386/2 1706/388/2 1707/384/2
f 1726/389/2 1657/387/2 1725/385/2
f 1677/386/2 1705/390/2 1706/388/2
f 1727/391/2 1657/387/2 1726/389/2
f 1678/392/2 1705/390/2 1677/386/2
f 1678/392/2 1704/393/2 1705/390/2
f 1727/391/2 1656/394/2 1657/387/2
f 1728/22/2 1656/394/2 1727/391/2
f 1678/392/2 1728/22/2 1704/393/2
f 1678/392/2 1656/394/2 1728/22/2
f 1679/156/2 1656/394/2 1678/392/2
f 1679/156/2 1655/395/2 1656/394/2
f 1680/396/2 1654/397/2 1679/156/2
f 1654/397/2 1655/395/2 1679/156/2
f 1680/396/2 1653/398/2 1654/397/2
f 1681/399/2 1653/398/2 1680/396/2
f 1681/399/2 1652/400/2 1653/398/2
f 1681/399/2 1651/401/2 1652/400/2
f 1682/402/2 1651/401/2 1681/399/2
f 1682/402/2 1650/403/2 1651/401/2
f 1683/404/2 1650/403/2 1682/402/2
f 1683/404/2 1649/405/2 1650/403/2
f 1631/406/2 1703/407/2 1630/76/2
f 1683/404/2 1648/408/2 1649/405/2
f 1632/409/2 1703/407/2 1631/406/2
f 1633/410/2 1703/407/2 1632/409/2
f 1684/411/2 1648/408/2 1683/404/2
f 1684/411/2 1647/412/2 1648/408/2
f 1634/413/2 1703/407/2 1633/410/2
f 1635/414/2 1703/407/2 1634/413/2
f 1684/411/2 1646/415/2 1647/412/2
f 1636/416/2 1703/407/2 1635/414/2
f 1684/411/2 1645/417/2 1646/415/2
f 1637/418/2 1703/407/2 1636/416/2
f 1685/419/2 1645/417/2 1684/411/2
f 1638/420/2 1703/407/2 1637/418/2
f 1685/419/2 1644/421/2 1645/417/2
f 1639/422/2 1703/407/2 1638/420/2
f 1685/419/2 1643/423/2 1644/421/2
f 1640/424/2 1703/407/2 1639/422/2
f 1641/425/2 1703/407/2 1640/424/2
f 1685/419/2 1642/426/2 1643/423/2
f 1642/426/2 1703/407/2 1641/425/2
f 1685/419/2 1703/407/2 1642/426/2
f 1686/427/2 1703/407/2 1685/419/2
f 1686/427/2 1702/428/2 1703/407/2
f 1687/429/2 1702/428/2 1686/427/2
f 1687/429/2 1701/430/2 1702/428/2
f 1687/429/2 1700/431/2 1701/430/2
f 1688/432/2 1700/431/2 1687/429/2
f 1688/432/2 1699/433/2 1700/431/2
f 1688/432/2 1698/434/2 1699/433/2
f 1689/435/2 1698/434/2 1688/432/2
f 1689/435/2 1697/436/2 1698/434/2
f 1689/435/2 1696/437/2 1697/436/2
f 1690/438/2 1696/437/2 1689/435/2
f 1690/438/2 1695/439/2 1696/437/2
f 1690/438/2 1694/440/2 1695/439/2
f 1690/438/2 1693/441/2 1694/440/2
f 1691/442/2 1693/441/2 1690/438/2
f 1691/442/2 1692/443/2 1693/441/2
f 1731/130/2 1729/76/2 1730/147/2
f 1731/130/2 1732/22/2 1729/76/2
f 1746/444/2 1744/446/2 1745/445/2
f 1746/444/2 1743/447/2 1744/446/2
f 1746/444/2 1742/448/2 1743/447/2
f 1747/449/2 1742/448/2 1746/444/2
f 1747/449/2 1741/450/2 1742/448/2
f 1747/449/2 1740/451/2 1741/450/2
f 1747/449/2 1739/452/2 1740/451/2
f 1748/453/2 1739/452/2 1747/449/2
f 1748/453/2 1738/454/2 1739/452/2
f 1748/453/2 1737/455/2 1738/454/2
f 1748/453/2 1736/456/2 1737/455/2
f 1749/457/2 1736/456/2 1748/453/2
f 1749/457/2 1735/458/2 1736/456/2
f 1749/457/2 1734/459/2 1735/458/2
f 1749/457/2 1733/76/2 1734/459/2
f 1750/460/2 1733/76/2 1749/457/2
f 1750/460/2 1820/461/2 1733/76/2
f 1820/461/2 1821/462/2 1733/76/2
f 1821/462/2 1822/463/2 1733/76/2
f 1822/463/2 1823/464/2 1733/76/2
f 1823/464/2 1824/465/2 1733/76/2
f 1824/465/2 1825/466/2 1733/76/2
f 1825/466/2 1826/467/2 1733/76/2
f 1826/467/2 1827/468/2 1733/76/2
f 1827/468/2 1828/469/2 1733/76/2
f 1828/469/2 1829/470/2 1733/76/2
f 1829/470/2 1830/22/2 1733/76/2
f 1751/471/2 1818/472/2 1750/460/2
f 1818/472/2 1819/473/2 1750/460/2
f 1819/473/2 1820/461/2 1750/460/2
f 1751/471/2 1817/474/2 1818/472/2
f 1751/471/2 1816/475/2 1817/474/2
f 1751/471/2 1815/476/2 1816/475/2
f 1752/477/2 1815/476/2 1751/471/2
f 1752/477/2 1814/478/2 1815/476/2
f 1752/477/2 1813/479/2 1814/478/2
f 1753/480/2 1813/479/2 1752/477/2
f 1753/480/2 1812/481/2 1813/479/2
f 1753/480/2 1811/482/2 1812/481/2
f 1754/483/2 1811/482/2 1753/480/2
f 1754/483/2 1810/484/2 1811/482/2
f 1755/485/2 1810/484/2 1754/483/2
f 1755/485/2 1809/486/2 1810/484/2
f 1755/485/2 1808/487/2 1809/486/2
f 1756/488/2 1808/487/2 1755/485/2
f 1756/488/2 1807/489/2 1808/487/2
f 1757/490/2 1807/489/2 1756/488/2
f 1757/490/2 1806/491/2 1807/489/2
f 1757/490/2 1805/492/2 1806/491/2
f 1758/493/2 1805/492/2 1757/490/2
f 1758/493/2 1804/494/2 1805/492/2
f 1759/495/2 1804/494/2 1758/493/2
f 1759/495/2 1803/496/2 1804/494/2
f 1760/497/2 1803/496/2 1759/495/2
f 1760/497/2 1802/498/2 1803/496/2
f 1761/499/2 1802/498/2 1760/497/2
f 1761/499/2 1801/500/2 1802/498/2
f 1762/501/2 1801/500/2 1761/499/2
f 1762/501/2 1800/502/2 1801/500/2
f 1783/503/2 1781/505/2 1782/504/2
f 1762/501/2 1799/506/2 1800/502/2
f 1784/507/2 1781/505/2 1783/503/2
f 1763/508/2 1799/506/2 1762/501/2
f 1785/509/2 1781/505/2 1784/507/2
f 1763/508/2 1798/510/2 1799/506/2
f 1786/511/2 1781/505/2 1785/509/2
f 1787/512/2 1781/505/2 1786/511/2
f 1763/508/2 1797/513/2 1798/510/2
f 1788/514/2 1781/505/2 1787/512/2
f 1764/515/2 1797/513/2 1763/508/2
f 1789/516/2 1781/505/2 1788/514/2
f 1764/515/2 1796/517/2 1797/513/2
f 1790/518/2 1781/505/2 1789/516/2
f 1791/519/2 1781/505/2 1790/518/2
f 1764/515/2 1795/520/2 1796/517/2
f 1792/521/2 1781/505/2 1791/519/2
f 1793/522/2 1781/505/2 1792/521/2
f 1764/515/2 1794/523/2 1795/520/2
f 1794/523/2 1781/505/2 1793/522/2
f 1764/515/2 1781/505/2 1794/523/2
f 1765/524/2 1781/505/2 1764/515/2
f 1765/524/2 1780/525/2 1781/505/2
f 1766/526/2 1780/525/2 1765/524/2
f 1766/526/2 1779/527/2 1780/525/2
f 1766/526/2 1778/528/2 1779/527/2
f 1766/526/2 1777/529/2 1778/528/2
f 1767/530/2 1777/529/2 1766/526/2
f 1767/530/2 1776/531/2 1777/529/2
f 1767/530/2 1775/532/2 1776/531/2
f 1767/530/2 1774/533/2 1775/532/2
f 1768/534/2 1774/533/2 1767/530/2
f 1768/534/2 1773/535/2 1774/533/2
f 1768/534/2 1772/536/2 1773/535/2
f 1768/534/2 1771/537/2 1772/536/2
f 1769/538/2 1771/537/2 1768/534/2
f 1769/538/2 1770/539/2 1771/537/2
f 1869/348/2 1867/350/2 1868/349/2
f 1869/348/2 1866/351/2 1867/350/2
f 1870/352/2 1866/351/2 1869/348/2
f 1870/352/2 1865/353/2 1866/351/2
f 1871/354/2 1865/353/2 1870/352/2
f 1871/354/2 1864/355/2 1865/353/2
f 1872/356/2 1864/355/2 1871/354/2
f 1872/356/2 1863/357/2 1864/355/2
f 1873/358/2 1863/357/2 1872/356/2
f 1873/358/2 1862/359/2 1863/357/2
f 1874/360/2 1862/359/2 1873/358/2
f 1874/360/2 1861/361/2 1862/359/2
f 1875/362/2 1917/363/2 1874/360/2
f 1917/363/2 1861/361/2 1874/360/2
f 1875/362/2 1916/364/2 1917/363/2
f 1918/365/2 1861/361/2 1917/363/2
f 1875/362/2 1915/366/2 1916/364/2
f 1919/367/2 1861/361/2 1918/365/2
f 1875/362/2 1914/368/2 1915/366/2
f 1920/369/2 1861/361/2 1919/367/2
f 1920/369/2 1860/370/2 1861/361/2
f 1875/362/2 1913/371/2 1914/368/2
f 1876/372/2 1913/371/2 1875/362/2
f 1921/373/2 1860/370/2 1920/369/2
f 1876/372/2 1912/374/2 1913/371/2
f 1922/375/2 1860/370/2 1921/373/2
f 1876/372/2 1911/376/2 1912/374/2
f 1923/377/2 1860/370/2 1922/375/2
f 1876/372/2 1910/378/2 1911/376/2
f 1924/379/2 1860/370/2 1923/377/2
f 1877/380/2 1910/378/2 1876/372/2
f 1924/379/2 1859/381/2 1860/370/2
f 1877/380/2 1909/382/2 1910/378/2
f 1925/383/2 1859/381/2 1924/379/2
f 1877/380/2 1908/384/2 1909/382/2
f 1926/385/2 1859/381/2 1925/383/2
f 1878/386/2 1908/384/2 1877/380/2
f 1926/385/2 1858/387/2 1859/381/2
f 1878/386/2 1907/388/2 1908/384/2
f 1927/389/2 1858/387/2 1926/385/2
f 1878/386/2 1906/390/2 1907/388/2
f 1928/391/2 1858/387/2 1927/389/2
f 1879/392/2 1906/390/2 1878/386/2
f 1879/392/2 1905/393/2 1906/390/2
f 1928/391/2 1857/394/2 1858/387/2
f 1929/22/2 1857/394/2 1928/391/2
f 1879/392/2 1929/22/2 1905/393/2
f 1879/392/2 1857/394/2 1929/22/2
f 1880/156/2 1857/394/2 1879/392/2
f 1880/156/2 1856/395/2 1857/394/2
f 1881/396/2 1855/397/2 1880/156/2
f 1855/397/2 1856/395/2 1880/156/2
f 1881/396/2 1854/398/2 1855/397/2
f 1882/399/2 1854/398/2 1881/396/2
f 1882/399/2 1853/400/2 1854/398/2
f 1882/399/2 1852/401/2 1853/400/2
f 1883/402/2 1852/401/2 1882/399/2
f 1883/402/2 1851/403/2 1852/401/2
f 1884/404/2 1851/403/2 1883/402/2
f 1884/404/2 1850/405/2 1851/403/2
f 1832/406/2 1904/407/2 1831/76/2
f 1884/404/2 1849/408/2 1850/405/2
f 1833/409/2 1904/407/2 1832/406/2
f 1834/410/2 1904/407/2 1833/409/2
f 1885/411/2 1849/408/2 1884/404/2
f 1885/411/2 1848/412/2 1849/408/2
f 1835/413/2 1904/407/2 1834/410/2
f 1836/414/2 1904/407/2 1835/413/2
f 1885/411/2 1847/415/2 1848/412/2
f 1837/416/2 1904/407/2 1836/414/2
f 1885/411/2 1846/417/2 1847/415/2
f 1838/418/2 1904/407/2 1837/416/2
f 1886/419/2 1846/417/2 1885/411/2
f 1839/420/2 1904/407/2 1838/418/2
f 1886/419/2 1845/421/2 1846/417/2
f 1840/422/2 1904/407/2 1839/420/2
f 1886/419/2 1844/423/2 1845/421/2
f 1841/424/2 1904/407/2 1840/422/2
f 1842/425/2 1904/407/2 1841/424/2
f 1886/419/2 1843/426/2 1844/423/2
f 1843/426/2 1904/407/2 1842/425/2
f 1886/419/2 1904/407/2 1843/426/2
f 1887/427/2 1904/407/2 1886/419/2
f 1887/427/2 1903/428/2 1904/407/2
f 1888/429/2 1903/428/2 1887/427/2
f 1888/429/2 1902/430/2 1903/428/2
f 1888/429/2 1901/431/2 1902/430/2
f 1889/432/2 1901/431/2 1888/429/2
f 1889/432/2 1900/433/2 1901/431/2
f 1889/432/2 1899/434/2 1900/433/2
f 1890/435/2 1899/434/2 1889/432/2
f 1890/435/2 1898/436/2 1899/434/2
f 1890/435/2 1897/437/2 1898/436/2
f 1891/438/2 1897/437/2 1890/435/2
f 1891/438/2 1896/439/2 1897/437/2
f 1891/438/2 1895/440/2 1896/439/2
f 1891/438/2 1894/441/2 1895/440/2
f 1892/442/2 1894/441/2 1891/438/2
f 1892/442/2 1893/443/2 1894/441/2
f 2024/540/2 2022/542/2 2023/541/2
f 2000/543/2 1998/545/2 1999/544/2
f 2025/546/2 2022/542/2 2024/540/2
f 2025/546/2 2021/547/2 2022/542/2
f 2001/548/2 1998/545/2 2000/543/2
f 2001/548/2 1997/549/2 1998/545/2
f 2026/550/2 2021/547/2 2025/546/2
f 2026/550/2 2020/551/2 2021/547/2
f 2002/552/2 1997/549/2 2001/548/2
f 2027/553/2 2020/551/2 2026/550/2
f 2027/553/2 2019/554/2 2020/551/2
f 2002/552/2 1996/555/2 1997/549/2
f 2003/556/2 1996/555/2 2002/552/2
f 2028/557/2 2019/554/2 2027/553/2
f 1931/558/2 2036/22/2 1930/76/2
f 1931/558/2 2035/559/2 2036/22/2
f 2028/557/2 2018/560/2 2019/554/2
f 2004/561/2 1996/555/2 2003/556/2
f 2029/562/2 2018/560/2 2028/557/2
f 2004/561/2 1995/563/2 1996/555/2
f 2029/562/2 2017/564/2 2018/560/2
f 2030/565/2 2017/564/2 2029/562/2
f 2005/566/2 1995/563/2 2004/561/2
f 2030/565/2 2016/567/2 2017/564/2
f 2005/566/2 1994/568/2 1995/563/2
f 2031/569/2 2016/567/2 2030/565/2
f 2006/570/2 1994/568/2 2005/566/2
f 2031/569/2 2015/571/2 2016/567/2
f 2032/572/2 2015/571/2 2031/569/2
f 2007/573/2 1994/568/2 2006/570/2
f 2007/573/2 1993/574/2 1994/568/2
f 2032/572/2 2014/575/2 2015/571/2
f 2033/576/2 2014/575/2 2032/572/2
f 2008/577/2 1993/574/2 2007/573/2
f 2033/576/2 2013/578/2 2014/575/2
f 2034/579/2 2013/578/2 2033/576/2
f 2008/577/2 1992/580/2 1993/574/2
f 2009/581/2 1992/580/2 2008/577/2
f 2034/579/2 2012/582/2 2013/578/2
f 2035/559/2 2012/582/2 2034/579/2
f 2010/583/2 1992/580/2 2009/581/2
f 2010/583/2 1972/584/2 1992/580/2
f 1972/584/2 1991/585/2 1992/580/2
f 1931/558/2 1933/586/2 2035/559/2
f 1933/586/2 1934/587/2 2035/559/2
f 1934/587/2 1935/588/2 2035/559/2
f 1935/588/2 1936/589/2 2035/559/2
f 1936/589/2 1937/590/2 2035/559/2
f 1937/590/2 1938/591/2 2035/559/2
f 1938/591/2 1939/592/2 2035/559/2
f 1939/592/2 1940/593/2 2035/559/2
f 1940/593/2 1941/594/2 2035/559/2
f 1941/594/2 1942/595/2 2035/559/2
f 1942/595/2 1943/596/2 2035/559/2
f 1943/596/2 1944/597/2 2035/559/2
f 1944/597/2 2012/582/2 2035/559/2
f 1944/597/2 1945/598/2 2012/582/2
f 1945/598/2 2011/599/2 2012/582/2
f 2011/599/2 1971/600/2 2010/583/2
f 1971/600/2 1972/584/2 2010/583/2
f 1946/601/2 2011/599/2 1945/598/2
f 1973/602/2 1991/585/2 1972/584/2
f 2011/599/2 1970/603/2 1971/600/2
f 1947/604/2 2011/599/2 1946/601/2
f 1974/605/2 1991/585/2 1973/602/2
f 2011/599/2 1969/606/2 1970/603/2
f 1948/607/2 2011/599/2 1947/604/2
f 1975/608/2 1991/585/2 1974/605/2
f 2011/599/2 1968/609/2 1969/606/2
f 1949/610/2 2011/599/2 1948/607/2
f 1949/610/2 1968/609/2 2011/599/2
f 1976/611/2 1991/585/2 1975/608/2
f 1949/610/2 1967/612/2 1968/609/2
f 1976/611/2 1990/613/2 1991/585/2
f 1950/614/2 1967/612/2 1949/610/2
f 1950/614/2 1966/615/2 1967/612/2
f 1977/616/2 1990/613/2 1976/611/2
f 1950/614/2 1965/617/2 1966/615/2
f 1951/618/2 1965/617/2 1950/614/2
f 1978/619/2 1990/613/2 1977/616/2
f 1951/618/2 1964/620/2 1965/617/2
f 1952/621/2 1964/620/2 1951/618/2
f 1979/622/2 1990/613/2 1978/619/2
f 1952/621/2 1963/623/2 1964/620/2
f 1979/622/2 1989/624/2 1990/613/2
f 1953/625/2 1963/623/2 1952/621/2
f 1953/625/2 1962/626/2 1963/623/2
f 1980/627/2 1989/624/2 1979/622/2
f 1953/625/2 1961/628/2 1962/626/2
f 1954/629/2 1961/628/2 1953/625/2
f 1981/630/2 1989/624/2 1980/627/2
f 1954/629/2 1960/631/2 1961/628/2
f 1981/630/2 1988/632/2 1989/624/2
f 1955/633/2 1960/631/2 1954/629/2
f 1931/558/2 1932/634/2 1933/586/2
f 1955/633/2 1959/635/2 1960/631/2
f 1982/636/2 1988/632/2 1981/630/2
f 1956/637/2 1959/635/2 1955/633/2
f 1983/156/2 1988/632/2 1982/636/2
f 1983/156/2 1987/638/2 1988/632/2
f 1957/639/2 1959/635/2 1956/637/2
f 1984/640/2 1987/638/2 1983/156/2
f 1984/640/2 1986/641/2 1987/638/2
f 1958/642/2 1959/635/2 1957/639/2
f 1985/643/2 1986/641/2 1984/640/2
f 2075/176/2 2073/178/2 2074/177/2
f 2076/179/2 2073/178/2 2075/176/2
f 2076/179/2 2072/180/2 2073/178/2
f 2077/181/2 2072/180/2 2076/179/2
f 2078/182/2 2072/180/2 2077/181/2
f 2078/182/2 2071/183/2 2072/180/2
f 2079/184/2 2071/183/2 2078/182/2
f 2079/184/2 2070/185/2 2071/183/2
f 2080/186/2 2070/185/2 2079/184/2
f 2081/187/2 2070/185/2 2080/186/2
f 2081/187/2 2069/188/2 2070/185/2
f 2082/189/2 2069/188/2 2081/187/2
f 2082/189/2 2068/190/2 2069/188/2
f 2083/191/2 2068/190/2 2082/189/2
f 2084/192/2 2068/190/2 2083/191/2
f 2084/192/2 2067/193/2 2068/190/2
f 2085/194/2 2067/193/2 2084/192/2
f 2085/194/2 2066/195/2 2067/193/2
f 2086/196/2 2066/195/2 2085/194/2
f 2087/197/2 2088/198/2 2086/196/2
f 2088/198/2 2089/199/2 2086/196/2
f 2089/199/2 2090/200/2 2086/196/2
f 2090/200/2 2091/201/2 2086/196/2
f 2091/201/2 2092/202/2 2086/196/2
f 2092/202/2 2093/203/2 2086/196/2
f 2093/203/2 2094/204/2 2086/196/2
f 2094/204/2 2095/205/2 2086/196/2
f 2095/205/2 2096/206/2 2086/196/2
f 2096/206/2 2097/207/2 2086/196/2
f 2097/207/2 2066/195/2 2086/196/2
f 2097/207/2 2098/208/2 2066/195/2
f 2098/208/2 2099/209/2 2066/195/2
f 2099/209/2 2065/210/2 2066/195/2
f 2099/209/2 2100/211/2 2065/210/2
f 2100/211/2 2064/212/2 2065/210/2
f 2101/213/2 2064/212/2 2100/211/2
f 2102/214/2 2064/212/2 2101/213/2
f 2103/215/2 2064/212/2 2102/214/2
f 2104/216/2 2064/212/2 2103/215/2
f 2105/217/2 2064/212/2 2104/216/2
f 2105/217/2 2063/218/2 2064/212/2
f 2106/219/2 2063/218/2 2105/217/2
f 2107/220/2 2063/218/2 2106/219/2
f 2108/221/2 2063/218/2 2107/220/2
f 2108/221/2 2062/222/2 2063/218/2
f 2109/223/2 2062/222/2 2108/221/2
f 2110/224/2 2062/222/2 2109/223/2
f 2110/224/2 2061/225/2 2062/222/2
f 2111/226/2 2061/225/2 2110/224/2
f 2112/227/2 2061/225/2 2111/226/2
f 2113/228/2 2210/22/2 2112/227/2
f 2210/22/2 2061/225/2 2112/227/2
f 2114/229/2 2210/22/2 2113/228/2
f 2115/230/2 2210/22/2 2114/229/2
f 2116/231/2 2210/22/2 2115/230/2
f 2117/232/2 2210/22/2 2116/231/2
f 2117/232/2 2209/233/2 2210/22/2
f 2174/234/2 2061/225/2 2210/22/2
f 2117/232/2 2208/235/2 2209/233/2
f 2118/236/2 2208/235/2 2117/232/2
f 2118/236/2 2207/237/2 2208/235/2
f 2119/238/2 2207/237/2 2118/236/2
f 2119/238/2 2206/239/2 2207/237/2
f 2120/240/2 2206/239/2 2119/238/2
f 2120/240/2 2205/241/2 2206/239/2
f 2120/240/2 2204/242/2 2205/241/2
f 2121/243/2 2204/242/2 2120/240/2
f 2121/243/2 2203/244/2 2204/242/2
f 2122/245/2 2203/244/2 2121/243/2
f 2122/245/2 2202/246/2 2203/244/2
f 2122/245/2 2201/247/2 2202/246/2
f 2123/248/2 2201/247/2 2122/245/2
f 2123/248/2 2200/249/2 2201/247/2
f 2123/248/2 2199/250/2 2200/249/2
f 2124/251/2 2199/250/2 2123/248/2
f 2124/251/2 2198/252/2 2199/250/2
f 2125/253/2 2198/252/2 2124/251/2
f 2125/253/2 2197/254/2 2198/252/2
f 2125/253/2 2196/255/2 2197/254/2
f 2126/256/2 2196/255/2 2125/253/2
f 2126/256/2 2195/257/2 2196/255/2
f 2126/256/2 2194/258/2 2195/257/2
f 2175/259/2 2061/225/2 2174/234/2
f 2127/260/2 2194/258/2 2126/256/2
f 2176/261/2 2061/225/2 2175/259/2
f 2127/260/2 2193/262/2 2194/258/2
f 2177/263/2 2061/225/2 2176/261/2
f 2038/264/2 2173/265/2 2037/76/2
f 2177/263/2 2060/266/2 2061/225/2
f 2127/260/2 2192/267/2 2193/262/2
f 2039/268/2 2173/265/2 2038/264/2
f 2178/269/2 2060/266/2 2177/263/2
f 2178/269/2 2059/270/2 2060/266/2
f 2040/271/2 2173/265/2 2039/268/2
f 2128/272/2 2192/267/2 2127/260/2
f 2128/272/2 2191/273/2 2192/267/2
f 2178/269/2 2058/274/2 2059/270/2
f 2179/275/2 2058/274/2 2178/269/2
f 2041/276/2 2173/265/2 2040/271/2
f 2179/275/2 2057/277/2 2058/274/2
f 2180/278/2 2057/277/2 2179/275/2
f 2042/279/2 2173/265/2 2041/276/2
f 2128/272/2 2190/280/2 2191/273/2
f 2180/278/2 2056/281/2 2057/277/2
f 2043/282/2 2173/265/2 2042/279/2
f 2181/283/2 2056/281/2 2180/278/2
f 2181/283/2 2055/284/2 2056/281/2
f 2044/285/2 2173/265/2 2043/282/2
f 2128/272/2 2189/286/2 2190/280/2
f 2181/283/2 2054/287/2 2055/284/2
f 2182/288/2 2054/287/2 2181/283/2
f 2045/289/2 2173/265/2 2044/285/2
f 2182/288/2 2053/290/2 2054/287/2
f 2129/291/2 2189/286/2 2128/272/2
f 2046/292/2 2173/265/2 2045/289/2
f 2129/291/2 2188/293/2 2189/286/2
f 2183/294/2 2053/290/2 2182/288/2
f 2183/294/2 2052/295/2 2053/290/2
f 2047/296/2 2173/265/2 2046/292/2
f 2183/294/2 2051/297/2 2052/295/2
f 2048/298/2 2173/265/2 2047/296/2
f 2184/299/2 2051/297/2 2183/294/2
f 2184/299/2 2050/300/2 2051/297/2
f 2049/301/2 2173/265/2 2048/298/2
f 2184/299/2 2049/301/2 2050/300/2
f 2129/291/2 2187/302/2 2188/293/2
f 2184/299/2 2173/265/2 2049/301/2
f 2185/303/2 2173/265/2 2184/299/2
f 2129/291/2 2186/304/2 2187/302/2
f 2186/304/2 2173/265/2 2185/303/2
f 2129/291/2 2149/305/2 2186/304/2
f 2149/305/2 2173/265/2 2186/304/2
f 2130/306/2 2149/305/2 2129/291/2
f 2130/306/2 2148/307/2 2149/305/2
f 2150/308/2 2173/265/2 2149/305/2
f 2131/309/2 2148/307/2 2130/306/2
f 2131/309/2 2147/310/2 2148/307/2
f 2151/311/2 2173/265/2 2150/308/2
f 2151/311/2 2172/312/2 2173/265/2
f 2132/313/2 2147/310/2 2131/309/2
f 2132/313/2 2146/314/2 2147/310/2
f 2152/315/2 2172/312/2 2151/311/2
f 2152/315/2 2171/316/2 2172/312/2
f 2132/313/2 2145/317/2 2146/314/2
f 2153/318/2 2171/316/2 2152/315/2
f 2133/319/2 2145/317/2 2132/313/2
f 2153/318/2 2170/320/2 2171/316/2
f 2133/319/2 2144/321/2 2145/317/2
f 2154/322/2 2170/320/2 2153/318/2
f 2154/322/2 2169/323/2 2170/320/2
f 2134/324/2 2144/321/2 2133/319/2
f 2134/324/2 2143/325/2 2144/321/2
f 2155/326/2 2169/323/2 2154/322/2
f 2155/326/2 2168/327/2 2169/323/2
f 2134/324/2 2142/328/2 2143/325/2
f 2156/329/2 2168/327/2 2155/326/2
f 2156/329/2 2167/330/2 2168/327/2
f 2135/331/2 2142/328/2 2134/324/2
f 2135/331/2 2141/332/2 2142/328/2
f 2157/333/2 2167/330/2 2156/329/2
f 2157/333/2 2166/334/2 2167/330/2
f 2135/331/2 2140/335/2 2141/332/2
f 2157/333/2 2165/336/2 2166/334/2
f 2158/337/2 2165/336/2 2157/333/2
f 2136/338/2 2140/335/2 2135/331/2
f 2158/337/2 2164/339/2 2165/336/2
f 2136/338/2 2139/340/2 2140/335/2
f 2159/341/2 2164/339/2 2158/337/2
f 2159/341/2 2163/342/2 2164/339/2
f 2136/338/2 2138/343/2 2139/340/2
f 2160/344/2 2163/342/2 2159/341/2
f 2137/345/2 2138/343/2 2136/338/2
f 2160/344/2 2162/346/2 2163/342/2
f 2161/347/2 2162/346/2 2160/344/2
f 2277/644/2 2275/646/2 2276/645/2
f 2277/644/2 2274/647/2 2275/646/2
f 2277/644/2 2273/648/2 2274/647/2
f 2277/644/2 2272/649/2 2273/648/2
f 2278/650/2 2272/649/2 2277/644/2
f 2278/650/2 2271/651/2 2272/649/2
f 2278/650/2 2270/652/2 2271/651/2
f 2278/650/2 2269/653/2 2270/652/2
f 2279/654/2 2269/653/2 2278/650/2
f 2279/654/2 2268/655/2 2269/653/2
f 2279/654/2 2267/656/2 2268/655/2
f 2280/657/2 2267/656/2 2279/654/2
f 2280/657/2 2266/658/2 2267/656/2
f 2280/657/2 2265/659/2 2266/658/2
f 2281/660/2 2265/659/2 2280/657/2
f 2281/660/2 2264/661/2 2265/659/2
f 2281/660/2 2253/662/2 2264/661/2
f 2253/662/2 2254/663/2 2264/661/2
f 2254/663/2 2255/664/2 2264/661/2
f 2255/664/2 2256/665/2 2264/661/2
f 2256/665/2 2257/666/2 2264/661/2
f 2257/666/2 2258/667/2 2264/661/2
f 2258/667/2 2259/668/2 2264/661/2
f 2259/668/2 2260/669/2 2264/661/2
f 2260/669/2 2261/670/2 2264/661/2
f 2261/670/2 2262/671/2 2264/661/2
f 2262/671/2 2263/672/2 2264/661/2
f 2282/673/2 2251/674/2 2281/660/2
f 2251/674/2 2252/675/2 2281/660/2
f 2252/675/2 2253/662/2 2281/660/2
f 2282/673/2 2250/676/2 2251/674/2
f 2282/673/2 2249/677/2 2250/676/2
f 2282/673/2 2248/678/2 2249/677/2
f 2283/679/2 2248/678/2 2282/673/2
f 2283/679/2 2247/680/2 2248/678/2
f 2283/679/2 2246/681/2 2247/680/2
f 2284/682/2 2246/681/2 2283/679/2
f 2284/682/2 2245/683/2 2246/681/2
f 2284/682/2 2244/684/2 2245/683/2
f 2285/685/2 2244/684/2 2284/682/2
f 2285/685/2 2243/686/2 2244/684/2
f 2286/687/2 2243/686/2 2285/685/2
f 2286/687/2 2242/688/2 2243/686/2
f 2286/687/2 2241/689/2 2242/688/2
f 2287/690/2 2241/689/2 2286/687/2
f 2287/690/2 2240/691/2 2241/689/2
f 2288/692/2 2240/691/2 2287/690/2
f 2288/692/2 2239/693/2 2240/691/2
f 2288/692/2 2238/694/2 2239/693/2
f 2289/695/2 2238/694/2 2288/692/2
f 2213/696/2 2211/76/2 2212/697/2
f 2213/696/2 2214/698/2 2211/76/2
f 2214/698/2 2312/22/2 2211/76/2
f 2289/695/2 2237/699/2 2238/694/2
f 2290/700/2 2237/699/2 2289/695/2
f 2290/700/2 2236/701/2 2237/699/2
f 2215/702/2 2312/22/2 2214/698/2
f 2291/703/2 2236/701/2 2290/700/2
f 2291/703/2 2235/704/2 2236/701/2
f 2291/703/2 2234/705/2 2235/704/2
f 2292/706/2 2234/705/2 2291/703/2
f 2292/706/2 2233/707/2 2234/705/2
f 2293/708/2 2233/707/2 2292/706/2
f 2293/708/2 2232/709/2 2233/707/2
f 2293/708/2 2231/710/2 2232/709/2
f 2294/711/2 2231/710/2 2293/708/2
f 2294/711/2 2230/712/2 2231/710/2
f 2216/713/2 2312/22/2 2215/702/2
f 2217/714/2 2312/22/2 2216/713/2
f 2218/715/2 2312/22/2 2217/714/2
f 2294/711/2 2229/716/2 2230/712/2
f 2219/717/2 2312/22/2 2218/715/2
f 2220/718/2 2312/22/2 2219/717/2
f 2221/719/2 2312/22/2 2220/718/2
f 2294/711/2 2228/720/2 2229/716/2
f 2295/721/2 2228/720/2 2294/711/2
f 2222/722/2 2312/22/2 2221/719/2
f 2223/723/2 2312/22/2 2222/722/2
f 2224/724/2 2312/22/2 2223/723/2
f 2295/721/2 2227/725/2 2228/720/2
f 2225/726/2 2312/22/2 2224/724/2
f 2226/727/2 2312/22/2 2225/726/2
f 2227/725/2 2312/22/2 2226/727/2
f 2295/721/2 2312/22/2 2227/725/2
f 2296/728/2 2312/22/2 2295/721/2
f 2296/728/2 2311/729/2 2312/22/2
f 2296/728/2 2310/730/2 2311/729/2
f 2297/731/2 2310/730/2 2296/728/2
f 2297/731/2 2309/732/2 2310/730/2
f 2297/731/2 2308/733/2 2309/732/2
f 2298/734/2 2308/733/2 2297/731/2
f 2298/734/2 2307/735/2 2308/733/2
f 2298/734/2 2306/736/2 2307/735/2
f 2298/734/2 2305/737/2 2306/736/2
f 2299/738/2 2305/737/2 2298/734/2
f 2299/738/2 2304/739/2 2305/737/2
f 2299/738/2 2303/740/2 2304/739/2
f 2299/738/2 2302/741/2 2303/740/2
f 2300/742/2 2302/741/2 2299/738/2
f 2300/742/2 2301/743/2 2302/741/2
f 410/310/3 411/307/3 1567/307/3 1566/310/3
f 333/185/4 334/183/4 1490/183/4 1489/185/4
f 394/309/5 395/313/5 1551/313/5 1550/309/5
f 711/350/6 712/349/6 1868/349/6 1867/350/6
f 734/435/7 735/438/7 1891/438/7 1890/435/7
f 899/284/8 900/281/8 2056/281/8 2055/284/8
f 434/316/9 435/312/9 1591/312/9 1590/316/9
f 870/550/10 871/553/10 2027/553/10 2026/550/10
f 846/552/11 847/556/11 2003/556/11 2002/552/11
f 891/296/12 892/298/12 2048/298/12 2047/296/12
f 349/196/13 350/197/13 1506/197/13 1505/196/13
f 774/76/13 775/558/13 1931/558/13 1930/76/13
f 1027/294/14 1028/299/14 2184/299/14 2183/294/14
f 418/326/15 419/329/15 1575/329/15 1574/326/15
f 759/366/16 760/364/16 1916/364/16 1915/366/16
f 402/340/17 403/335/17 1559/335/17 1558/340/17
f 426/342/18 427/339/18 1583/339/18 1582/342/18
f 995/311/19 996/315/19 2152/315/19 2151/311/19
f 514/354/20 515/356/20 1671/356/20 1670/354/20
f 719/362/21 720/372/21 1876/372/21 1875/362/21
f 987/325/22 988/321/22 2144/321/22 2143/325/22
f 767/377/23 768/379/23 1924/379/23 1923/377/23
f 1011/330/24 1012/327/24 2168/327/24 2167/330/24
f 113/4/25 114/6/25 1270/6/25 1269/4/25
f 506/357/26 507/355/26 1663/355/26 1662/357/26
f 703/381/27 704/370/27 1860/370/27 1859/381/27
f 105/13/28 106/11/28 1262/11/28 1261/13/28
f 357/204/29 358/205/29 1514/205/29 1513/204/29
f 562/367/30 563/369/30 1719/369/30 1718/367/30
f 554/376/31 555/374/31 1711/374/31 1710/376/31
f 979/331/32 980/338/32 2136/338/32 2135/331/32
f 121/20/33 122/22/33 1278/22/33 1277/20/33
f 570/389/34 571/391/34 1727/391/34 1726/389/34
f 751/388/35 752/384/35 1908/384/35 1907/388/35
f 122/22/36 49/24/36 1205/24/36 1278/22/36
f 365/214/37 366/215/37 1522/215/37 1521/214/37
f 695/403/38 696/401/38 1852/401/38 1851/403/38
f 1003/341/39 1004/344/39 2160/344/39 2159/341/39
f 727/402/40 728/404/40 1884/404/40 1883/402/40
f 49/24/41 50/26/41 1206/26/41 1205/24/41
f 325/222/42 326/218/42 1482/218/42 1481/222/42
f 522/392/43 523/156/43 1679/156/43 1678/392/43
f 1115/651/44 1116/649/44 2272/649/44 2271/651/44
f 97/28/45 98/27/45 1254/27/45 1253/28/45
f 1123/654/46 1124/657/46 2280/657/46 2279/654/46
f 679/413/47 680/414/47 1836/414/47 1835/413/47
f 373/224/48 374/226/48 1530/226/48 1529/224/48
f 498/397/49 499/395/49 1655/395/49 1654/397/49
f 1099/664/50 1100/665/50 2256/665/50 2255/664/50
f 57/41/51 58/43/51 1214/43/51 1213/41/51
f 473/22/13 437/234/13 1593/234/13 1629/22/13
f 474/76/52 475/406/52 1631/406/52 1630/76/52
f 687/426/53 688/423/53 1844/423/53 1843/426/53
f 1107/672/54 1108/661/54 2264/661/54 2263/672/54
f 89/44/55 90/42/55 1246/42/55 1245/44/55
f 547/407/54 474/76/54 1630/76/54 1703/407/54
f 743/434/56 744/433/56 1900/433/56 1899/434/56
f 1091/680/57 1092/678/57 2248/678/57 2247/680/57
f 381/236/58 382/238/58 1538/238/58 1537/236/58
f 490/415/59 491/412/59 1647/412/59 1646/415/59
f 1131/690/60 1132/692/60 2288/692/60 2287/690/60
f 65/56/61 66/58/61 1222/58/61 1221/56/61
f 469/239/62 470/237/62 1626/237/62 1625/239/62
f 81/61/63 82/59/63 1238/59/63 1237/61/63
f 461/252/64 462/250/64 1618/250/64 1617/252/64
f 482/420/65 483/422/65 1639/422/65 1638/420/65
f 1083/693/66 1084/691/66 2240/691/66 2239/693/66
f 735/438/67 736/442/67 1892/442/67 1891/438/67
f 73/72/68 74/74/68 1230/74/68 1229/72/68
f 546/428/69 547/407/69 1703/407/69 1702/428/69
f 1075/710/70 1076/709/70 2232/709/70 2231/710/70
f 1/76/71 2/75/71 1158/75/71 1157/76/71
f 437/234/72 438/259/72 1594/259/72 1593/234/72
f 530/427/73 531/429/73 1687/429/73 1686/427/73
f 863/554/74 864/551/74 2020/551/74 2019/554/74
f 48/77/75 1/76/75 1157/76/75 1204/77/75
f 389/256/76 390/260/76 1546/260/76 1545/256/76
f 538/440/77 539/439/77 1695/439/77 1694/440/77
f 871/553/78 872/557/78 2028/557/78 2027/553/78
f 1059/702/79 1060/713/79 2216/713/79 2215/702/79
f 301/264/80 302/268/80 1458/268/80 1457/264/80
f 586/448/81 587/447/81 1743/447/81 1742/448/81
f 1067/723/82 1068/724/82 2224/724/82 2223/723/82
f 41/91/83 42/89/83 1198/89/83 1197/91/83
f 453/280/84 454/273/84 1610/273/84 1609/280/84
f 9/90/85 10/92/85 1166/92/85 1165/90/85
f 879/559/54 880/22/54 2036/22/54 2035/559/54
f 1139/721/86 1140/728/86 2296/728/86 2295/721/86
f 317/287/87 318/284/87 1474/284/87 1473/287/87
f 578/459/88 579/458/88 1735/458/88 1734/459/88
f 847/556/89 848/561/89 2004/561/89 2003/556/89
f 1155/729/90 1156/22/90 2312/22/90 2311/729/90
f 1147/740/91 1148/739/91 2304/739/91 2303/740/91
f 33/107/92 34/105/92 1190/105/92 1189/107/92
f 666/463/93 667/464/93 1823/464/93 1822/463/93
f 839/563/94 840/555/94 1996/555/94 1995/563/94
f 17/106/95 18/108/95 1174/108/95 1173/106/95
f 445/288/96 446/294/96 1602/294/96 1601/288/96
f 594/460/97 595/471/97 1751/471/97 1750/460/97
f 108/7/98 109/5/98 1265/5/98 1264/7/98
f 25/122/99 26/121/99 1182/121/99 1181/122/99
f 309/292/100 310/296/100 1466/296/100 1465/292/100
f 233/2/101 234/1/101 1390/1/101 1389/2/101
f 116/10/102 117/12/102 1273/12/102 1272/10/102
f 413/308/103 414/311/103 1570/311/103 1569/308/103
f 658/478/104 659/476/104 1815/476/104 1814/478/104
f 783/592/105 784/593/105 1940/593/105 1939/592/105
f 225/17/106 226/15/106 1382/15/106 1381/17/106
f 650/491/107 651/489/107 1807/489/107 1806/491/107
f 855/599/108 856/582/108 2012/582/108 2011/599/108
f 100/23/109 101/21/109 1257/21/109 1256/23/109
f 241/16/110 242/18/110 1398/18/110 1397/16/110
f 217/32/111 218/30/111 1374/30/111 1373/32/111
f 405/328/112 406/325/112 1562/325/112 1561/328/112
f 602/493/113 603/495/113 1759/495/113 1758/493/113
f 815/600/114 816/584/114 1972/584/114 1971/600/114
f 52/31/115 53/33/115 1209/33/115 1208/31/115
f 397/324/116 398/331/116 1554/331/116 1553/324/116
f 626/504/117 627/503/117 1783/503/117 1782/504/117
f 92/38/118 93/36/118 1249/36/118 1248/38/118
f 429/334/119 430/330/119 1586/330/119 1585/334/119
f 642/510/120 643/506/120 1799/506/120 1798/510/120
f 791/604/121 792/607/121 1948/607/121 1947/604/121
f 177/37/122 178/39/122 1334/39/122 1333/37/122
f 634/518/123 635/519/123 1791/519/123 1790/518/123
f 209/48/124 210/46/124 1366/46/124 1365/48/124
f 807/623/125 808/620/125 1964/620/125 1963/623/125
f 60/47/126 61/49/126 1217/49/126 1216/47/126
f 421/337/127 422/341/127 1578/341/127 1577/337/127
f 84/55/128 85/53/128 1241/53/128 1240/55/128
f 823/622/129 824/627/129 1980/627/129 1979/622/129
f 185/52/130 186/54/130 1342/54/130 1341/52/130
f 509/351/131 510/350/131 1666/350/131 1665/351/131
f 201/65/132 202/63/132 1358/63/132 1357/65/132
f 610/526/133 611/530/133 1767/530/133 1766/526/133
f 775/558/49 776/634/49 1932/634/49 1931/558/49
f 68/62/134 69/64/134 1225/64/134 1224/62/134
f 517/360/135 518/362/135 1674/362/135 1673/360/135
f 618/533/136 619/532/136 1775/532/136 1774/533/136
f 76/71/137 77/69/137 1233/69/137 1232/71/137
f 714/352/138 715/354/138 1871/354/138 1870/352/138
f 799/633/139 800/637/139 1956/637/139 1955/633/139
f 193/68/140 194/70/140 1350/70/140 1349/68/140
f 557/368/141 558/366/141 1714/366/141 1713/368/141
f 831/638/142 832/632/142 1988/632/142 1987/638/142
f 169/79/143 170/77/143 1326/77/143 1325/79/143
f 565/375/144 566/377/144 1722/377/144 1721/375/144
f 706/359/145 707/357/145 1863/357/145 1862/359/145
f 919/176/146 920/179/146 2076/179/146 2075/176/146
f 4/80/147 5/82/147 1161/82/147 1160/80/147
f 927/191/148 928/192/148 2084/192/148 2083/191/148
f 44/85/149 45/83/149 1201/83/149 1200/85/149
f 501/387/150 502/381/150 1658/381/150 1657/387/150
f 762/365/151 763/367/151 1919/367/151 1918/365/151
f 129/86/152 130/88/152 1286/88/152 1285/86/152
f 754/378/153 755/376/153 1911/376/153 1910/378/153
f 911/193/154 912/190/154 2068/190/154 2067/193/154
f 161/95/155 162/93/155 1318/93/155 1317/95/155
f 549/390/156 550/388/156 1706/388/156 1705/390/156
f 935/201/157 936/202/157 2092/202/157 2091/201/157
f 12/96/158 13/99/158 1169/99/158 1168/96/158
f 525/399/159 526/402/159 1682/402/159 1681/399/159
f 770/385/160 771/389/160 1927/389/160 1926/385/160
f 943/209/161 944/211/161 2100/211/161 2099/209/161
f 36/101/162 37/98/162 1193/98/162 1192/101/162
f 137/102/163 138/104/163 1294/104/163 1293/102/163
f 951/220/164 952/221/164 2108/221/164 2107/220/164
f 153/111/165 154/109/165 1310/109/165 1309/111/165
f 493/405/166 494/403/166 1650/403/166 1649/405/166
f 722/386/167 723/392/167 1879/392/167 1878/386/167
f 959/230/168 960/231/168 2116/231/168 2115/230/168
f 20/112/169 21/114/169 1177/114/169 1176/112/169
f 477/410/170 478/413/170 1634/413/170 1633/410/170
f 698/398/171 699/397/171 1855/397/171 1854/398/171
f 1047/244/172 1048/242/172 2204/242/172 2203/244/172
f 28/117/173 29/115/173 1185/115/173 1184/117/173
f 145/118/174 146/120/174 1302/120/174 1301/118/174
f 236/6/175 237/8/175 1393/8/175 1392/6/175
f 485/425/176 486/426/176 1642/426/176 1641/425/176
f 281/130/177 282/128/177 1438/128/177 1437/130/177
f 690/417/178 691/415/178 1847/415/178 1846/417/178
f 228/11/179 229/9/179 1385/9/179 1384/11/179
f 289/132/180 290/136/180 1446/136/180 1445/132/180
f 967/248/181 968/251/181 2124/251/181 2123/248/181
f 541/436/182 542/434/182 1698/434/182 1697/436/182
f 1039/257/183 1040/255/183 2196/255/183 2195/257/183
f 273/145/184 274/143/184 1430/143/184 1429/145/184
f 682/418/185 683/420/185 1839/420/185 1838/418/185
f 533/435/7 534/438/7 1690/438/7 1689/435/7
f 903/270/186 904/266/186 2060/266/186 2059/270/186
f 220/27/187 221/25/187 1377/25/187 1376/27/187
f 730/419/188 731/427/188 1887/427/188 1886/419/188
f 1023/275/189 1024/278/189 2180/278/189 2179/275/189
f 265/149/190 266/150/190 1422/150/190 1421/149/190
f 573/76/191 574/147/191 1730/147/191 1729/76/191
f 746/430/192 747/428/192 1903/428/192 1902/430/192
f 172/26/193 173/29/193 1329/29/193 1328/26/193
f 576/22/54 573/76/54 1729/76/54 1732/22/54
f 738/441/194 739/440/194 1895/440/194 1894/441/194
f 887/282/195 888/285/195 2044/285/195 2043/282/195
f 212/42/196 213/40/196 1369/40/196 1368/42/196
f 257/164/197 258/163/197 1414/163/197 1413/164/197
f 589/445/198 590/444/198 1746/444/198 1745/445/198
f 866/542/199 867/541/199 2023/541/199 2022/542/199
f 895/297/200 896/295/200 2052/295/200 2051/297/200
f 297/165/191 298/135/191 1454/135/191 1453/165/191
f 581/455/201 582/454/201 1738/454/201 1737/455/201
f 180/43/202 181/45/202 1337/45/202 1336/43/202
f 249/173/203 250/172/203 1406/172/203 1405/173/203
f 669/466/204 670/467/204 1826/467/204 1825/466/204
f 842/545/205 843/544/205 1999/544/205 1998/545/205
f 1031/302/206 1032/293/206 2188/293/206 2187/302/206
f 337/177/207 338/176/207 1494/176/207 1493/177/207
f 661/474/208 662/472/208 1818/472/208 1817/474/208
f 345/189/209 346/191/209 1502/191/209 1501/189/209
f 204/59/210 205/57/210 1361/57/210 1360/59/210
f 874/565/211 875/569/211 2031/569/211 2030/565/211
f 991/310/3 992/307/3 2148/307/3 2147/310/3
f 188/58/212 189/60/212 1345/60/212 1344/58/212
f 329/195/213 330/193/213 1486/193/213 1485/195/213
f 850/570/214 851/573/214 2007/573/214 2006/570/214
f 975/309/5 976/313/5 2132/313/5 2131/309/5
f 196/74/215 197/73/215 1353/73/215 1352/74/215
f 597/480/216 598/483/216 1754/483/216 1753/480/216
f 1015/316/9 1016/312/9 2172/312/9 2171/316/9
f 353/200/217 354/201/217 1510/201/217 1509/200/217
f 653/486/218 654/484/218 1810/484/218 1809/486/218
f 858/575/219 859/571/219 2015/571/219 2014/575/219
f 124/75/220 125/78/220 1281/78/220 1280/75/220
f 164/89/221 165/87/221 1321/87/221 1320/89/221
f 999/326/15 1000/329/15 2156/329/15 2155/326/15
f 361/208/222 362/209/222 1518/209/222 1517/208/222
f 645/500/223 646/498/223 1802/498/223 1801/500/223
f 778/587/224 779/588/224 1935/588/224 1934/587/224
f 983/340/17 984/335/17 2140/335/17 2139/340/17
f 605/499/225 606/501/225 1762/501/225 1761/499/225
f 1007/342/18 1008/339/18 2164/339/18 2163/342/18
f 132/92/226 133/94/226 1289/94/226 1288/92/226
f 369/219/227 370/220/227 1526/220/227 1525/219/227
f 629/509/228 630/511/228 1786/511/228 1785/509/228
f 786/595/229 787/596/229 1943/596/229 1942/595/229
f 156/105/230 157/103/230 1313/103/230 1312/105/230
f 637/522/231 638/523/231 1794/523/231 1793/522/231
f 1119/646/232 1120/645/232 2276/645/232 2275/646/232
f 377/229/233 378/230/233 1534/230/233 1533/229/233
f 621/529/234 622/528/234 1778/528/234 1777/529/234
f 818/605/235 819/608/235 1975/608/235 1974/605/235
f 834/613/236 835/585/236 1991/585/236 1990/613/236
f 1111/656/237 1112/655/237 2268/655/237 2267/656/237
f 140/108/238 141/110/238 1297/110/238 1296/108/238
f 613/538/239 614/539/239 1770/539/239 1769/538/239
f 148/121/240 149/119/240 1305/119/240 1304/121/240
f 465/246/241 466/244/241 1622/244/241 1621/246/241
f 709/353/242 710/351/242 1866/351/242 1865/353/242
f 810/615/243 811/612/243 1967/612/243 1966/615/243
f 1103/668/244 1104/669/244 2260/669/244 2259/668/244
f 284/125/245 285/124/245 1441/124/245 1440/125/245
f 385/245/246 386/248/246 1542/248/246 1541/245/246
f 457/258/247 458/257/247 1614/257/247 1613/258/247
f 717/358/248 718/360/248 1874/360/248 1873/358/248
f 794/614/249 795/618/249 1951/618/249 1950/614/249
f 276/140/250 277/138/250 1433/138/250 1432/140/250
f 757/371/251 758/368/251 1914/368/251 1913/371/251
f 1095/674/252 1096/675/252 2252/675/252 2251/674/252
f 321/274/253 322/270/253 1478/270/253 1477/274/253
f 765/373/254 766/375/254 1922/375/254 1921/373/254
f 826/636/255 827/156/255 1983/156/255 1982/636/255
f 1127/679/256 1128/682/256 2284/682/256 2283/679/256
f 292/141/257 293/144/257 1449/144/257 1448/141/257
f 441/269/258 442/275/258 1598/275/258 1597/269/258
f 749/393/259 750/390/259 1906/390/259 1905/393/259
f 802/642/49 803/635/49 1959/635/49 1958/642/49
f 922/182/260 923/184/260 2079/184/260 2078/182/260
f 1087/686/261 1088/684/261 2244/684/261 2243/686/261
f 268/152/262 269/153/262 1425/153/262 1424/152/262
f 701/394/263 702/387/263 1858/387/263 1857/394/263
f 305/279/264 306/282/264 1462/282/264 1461/279/264
f 914/185/4 915/183/4 2071/183/4 2070/185/4
f 260/162/265 261/158/265 1417/158/265 1416/162/265
f 773/22/191 749/393/191 1905/393/191 1929/22/191
f 1055/76/191 1056/697/191 2212/697/191 2211/76/191
f 313/300/266 314/297/266 1470/297/266 1469/300/266
f 252/169/267 253/170/267 1409/170/267 1408/169/267
f 449/304/268 450/302/268 1606/302/268 1605/304/268
f 930/196/13 931/197/13 2087/197/13 2086/196/13
f 1156/22/54 1055/76/54 2211/76/54 2312/22/54
f 340/181/269 341/182/269 1497/182/269 1496/181/269
f 725/396/270 726/399/270 1882/399/270 1881/396/270
f 1079/704/271 1080/701/271 2236/701/271 2235/704/271
f 332/188/272 333/185/272 1489/185/272 1488/188/272
f 393/306/273 394/309/273 1550/309/273 1549/306/273
f 693/408/274 694/405/274 1850/405/274 1849/408/274
f 1135/703/275 1136/706/275 2292/706/275 2291/703/275
f 409/314/276 410/310/276 1566/310/276 1565/314/276
f 348/194/277 349/196/277 1505/196/277 1504/194/277
f 433/320/278 434/316/278 1590/316/278 1589/320/278
f 677/409/279 678/410/279 1834/410/279 1833/409/279
f 1063/717/280 1064/718/280 2220/718/280 2219/717/280
f 356/203/281 357/204/281 1513/204/281 1512/203/281
f 364/213/282 365/214/282 1521/214/282 1520/213/282
f 1071/725/283 1072/720/283 2228/720/283 2227/725/283
f 372/223/284 373/224/284 1529/224/284 1528/223/284
f 417/322/285 418/326/285 1574/326/285 1573/322/285
f 685/424/286 686/425/286 1842/425/286 1841/424/286
f 938/204/29 939/205/29 2095/205/29 2094/204/29
f 401/343/287 402/340/287 1558/340/287 1557/343/287
f 1151/735/288 1152/733/288 2308/733/288 2307/735/288
f 324/225/54 325/222/54 1481/222/54 1480/225/54
f 425/346/289 426/342/289 1582/342/289 1581/346/289
f 513/352/138 514/354/138 1670/354/138 1669/352/138
f 733/432/290 734/435/290 1890/435/290 1889/432/290
f 946/214/37 947/215/37 2103/215/37 2102/214/37
f 505/359/145 506/357/145 1662/357/145 1661/359/145
f 741/437/291 742/436/291 1898/436/291 1897/437/291
f 869/546/292 870/550/292 2026/550/292 2025/546/292
f 906/222/42 907/218/42 2063/218/42 2062/222/42
f 1143/738/293 1144/742/293 2300/742/293 2299/738/293
f 561/365/151 562/367/151 1718/367/151 1717/365/151
f 845/548/294 846/552/294 2002/552/294 2001/548/294
f 112/1/295 113/4/295 1269/4/295 1268/1/295
f 553/378/153 554/376/153 1710/376/153 1709/378/153
f 861/564/296 862/560/296 2018/560/296 2017/564/296
f 954/224/48 955/226/48 2111/226/48 2110/224/48
f 104/15/297 105/13/297 1261/13/297 1260/15/297
f 380/232/298 381/236/298 1537/236/298 1536/232/298
f 1054/22/13 1018/234/13 2174/234/13 2210/22/13
f 468/241/299 469/239/299 1625/239/299 1624/241/299
f 569/385/160 570/389/160 1726/389/160 1725/385/160
f 120/18/300 121/20/300 1277/20/300 1276/18/300
f 837/574/301 838/568/301 1994/568/301 1993/574/301
f 96/30/302 97/28/302 1253/28/302 1252/30/302
f 521/386/167 522/392/167 1678/392/167 1677/386/167
f 962/236/58 963/238/58 2119/238/58 2118/236/58
f 460/254/303 461/252/303 1617/252/303 1616/254/303
f 877/576/304 878/579/304 2034/579/304 2033/576/304
f 1050/239/62 1051/237/62 2207/237/62 2206/239/62
f 497/398/171 498/397/171 1654/397/171 1653/398/171
f 853/581/305 854/583/305 2010/583/305 2009/581/305
f 1042/252/64 1043/250/64 2199/250/64 2198/252/64
f 56/39/306 57/41/306 1213/41/306 1212/39/306
f 388/253/307 389/256/307 1545/256/307 1544/253/307
f 88/46/308 89/44/308 1245/44/308 1244/46/308
f 781/590/309 782/591/309 1938/591/309 1937/590/309
f 489/417/178 490/415/178 1646/415/178 1645/417/178
f 1018/234/72 1019/259/72 2175/259/72 2174/234/72
f 64/54/310 65/56/310 1221/56/310 1220/54/310
f 300/76/311 301/264/311 1457/264/311 1456/76/311
f 789/598/312 790/601/312 1946/601/312 1945/598/312
f 970/256/76 971/260/76 2127/260/76 2126/256/76
f 80/63/313 81/61/313 1237/61/313 1236/63/313
f 436/265/54 300/76/54 1456/76/54 1592/265/54
f 481/418/185 482/420/185 1638/420/185 1637/418/185
f 452/286/314 453/280/314 1609/280/314 1608/286/314
f 813/606/315 814/603/315 1970/603/315 1969/606/315
f 882/264/80 883/268/80 2039/268/80 2038/264/80
f 444/283/316 445/288/316 1601/288/316 1600/283/316
f 529/419/188 530/427/188 1686/427/188 1685/419/188
f 1034/280/84 1035/273/84 2191/273/84 2190/280/84
f 72/70/317 73/72/317 1229/72/317 1228/70/317
f 545/430/192 546/428/192 1702/428/192 1701/430/192
f 821/616/318 822/619/318 1978/619/318 1977/616/318
f 537/441/194 538/440/194 1694/440/194 1693/441/194
f 898/287/87 899/284/87 2055/284/87 2054/287/87
f 316/290/319 317/287/319 1473/287/319 1472/290/319
f 8/88/320 9/90/320 1165/90/320 1164/88/320
f 308/289/321 309/292/321 1465/292/321 1464/289/321
f 585/450/322 586/448/322 1742/448/322 1741/450/322
f 40/93/323 41/91/323 1197/91/323 1196/93/323
f 805/628/324 806/626/324 1962/626/324 1961/628/324
f 1026/288/96 1027/294/96 2183/294/96 2182/288/96
f 577/76/325 578/459/325 1734/459/325 1733/76/325
f 797/625/326 798/629/326 1954/629/326 1953/625/326
f 890/292/100 891/296/100 2047/296/100 2046/292/100
f 593/457/327 594/460/327 1750/460/327 1749/457/327
f 829/643/49 830/641/49 1986/641/49 1985/643/49
f 16/104/328 17/106/328 1173/106/328 1172/104/328
f 994/308/103 995/311/103 2151/311/103 2150/308/103
f 32/109/329 33/107/329 1189/107/329 1188/109/329
f 917/178/330 918/177/330 2074/177/330 2073/178/330
f 412/305/331 413/308/331 1569/308/331 1568/305/331
f 665/462/332 666/463/332 1822/463/332 1821/462/332
f 925/187/333 926/189/333 2082/189/333 2081/187/333
f 24/120/334 25/122/334 1181/122/334 1180/120/334
f 933/199/335 934/200/335 2090/200/335 2089/199/335
f 986/328/112 987/325/112 2143/325/112 2142/328/112
f 941/207/336 942/208/336 2098/208/336 2097/207/336
f 978/324/116 979/331/116 2135/331/116 2134/324/116
f 232/3/337 233/2/337 1389/2/337 1388/3/337
f 396/319/338 397/324/338 1553/324/338 1552/319/338
f 1010/334/119 1011/330/119 2167/330/119 2166/334/119
f 404/332/339 405/328/339 1561/328/339 1560/332/339
f 880/22/191 774/76/191 1930/76/191 2036/22/191
f 909/210/340 910/195/340 2066/195/340 2065/210/340
f 240/14/341 241/16/341 1397/16/341 1396/14/341
f 862/560/342 863/554/342 2019/554/342 2018/560/342
f 949/217/343 950/219/343 2106/219/343 2105/217/343
f 1002/337/127 1003/341/127 2159/341/127 2158/337/127
f 224/19/344 225/17/344 1381/17/344 1380/19/344
f 428/336/345 429/334/345 1585/334/345 1584/336/345
f 957/228/346 958/229/346 2114/229/346 2113/228/346
f 1114/652/347 1115/651/347 2271/651/347 2270/652/347
f 216/34/348 217/32/348 1373/32/348 1372/34/348
f 420/333/349 421/337/349 1577/337/349 1576/333/349
f 673/470/350 674/22/350 1830/22/350 1829/470/350
f 838/568/351 839/563/351 1995/563/351 1994/568/351
f 1053/233/352 1054/22/352 2210/22/352 2209/233/352
f 1122/650/353 1123/654/353 2279/654/353 2278/650/353
f 674/22/54 577/76/54 1733/76/54 1830/22/54
f 508/353/242 509/351/242 1665/351/242 1664/353/242
f 657/479/354 658/478/354 1814/478/354 1813/479/354
f 1098/663/355 1099/664/355 2255/664/355 2254/663/355
f 176/35/356 177/37/356 1333/37/356 1332/35/356
f 878/579/357 879/559/357 2035/559/357 2034/579/357
f 965/243/358 966/245/358 2122/245/358 2121/243/358
f 516/358/248 517/360/248 1673/360/248 1672/358/248
f 1045/247/359 1046/246/359 2202/246/359 2201/247/359
f 1106/671/360 1107/672/360 2263/672/360 2262/671/360
f 556/371/251 557/368/251 1713/368/251 1712/371/251
f 782/591/361 783/592/361 1939/592/361 1938/591/361
f 1037/262/362 1038/258/362 2194/258/362 2193/262/362
f 208/51/363 209/48/363 1365/48/363 1364/51/363
f 564/373/254 565/375/254 1721/375/254 1720/373/254
f 649/492/364 650/491/364 1806/491/364 1805/492/364
f 854/583/365 855/599/365 2011/599/365 2010/583/365
f 1021/263/366 1022/269/366 2178/269/366 2177/263/366
f 1090/681/367 1091/680/367 2247/680/367 2246/681/367
f 184/50/368 185/52/368 1341/52/368 1340/50/368
f 548/393/259 549/390/259 1705/390/259 1704/393/259
f 601/490/369 602/493/369 1758/493/369 1757/490/369
f 1130/687/370 1131/690/370 2287/690/370 2286/687/370
f 500/394/263 501/387/263 1657/387/263 1656/394/263
f 625/505/54 626/504/54 1782/504/54 1781/505/54
f 814/603/371 815/600/371 1971/600/371 1970/603/371
f 901/277/372 902/274/372 2058/274/372 2057/277/372
f 200/67/373 201/65/373 1357/65/373 1356/67/373
f 790/601/374 791/604/374 1947/604/374 1946/601/374
f 1082/694/375 1083/693/375 2239/693/375 2238/694/375
f 192/66/376 193/68/376 1349/68/376 1348/66/376
f 572/22/191 548/393/191 1704/393/191 1728/22/191
f 885/276/377 886/279/377 2042/279/377 2041/276/377
f 168/81/378 169/79/378 1325/79/378 1324/81/378
f 822/619/379 823/622/379 1979/622/379 1978/619/379
f 806/626/380 807/623/380 1963/623/380 1962/626/380
f 1058/698/13 1059/702/13 2215/702/13 2214/698/13
f 524/396/270 525/399/270 1681/399/270 1680/396/270
f 641/513/381 642/510/381 1798/510/381 1797/513/381
f 128/84/382 129/86/382 1285/86/382 1284/84/382
f 1074/712/383 1075/710/383 2231/710/383 2230/712/383
f 160/97/384 161/95/384 1317/95/384 1316/97/384
f 492/408/274 493/405/274 1649/405/274 1648/408/274
f 798/629/385 799/633/385 1955/633/385 1954/629/385
f 893/301/386 894/300/386 2050/300/386 2049/301/386
f 1138/711/387 1139/721/387 2295/721/387 2294/711/387
f 633/516/388 634/518/388 1790/518/388 1789/516/388
f 830/641/54 831/638/54 1987/638/54 1986/641/54
f 476/409/279 477/410/279 1633/410/279 1632/409/279
f 918/177/207 919/176/207 2075/176/207 2074/177/207
f 1066/722/389 1067/723/389 2223/723/389 2222/722/389
f 136/100/390 137/102/390 1293/102/390 1292/100/390
f 926/189/209 927/191/209 2083/191/209 2082/189/209
f 1029/303/391 1030/304/391 2186/304/391 2185/303/391
f 1154/730/392 1155/729/392 2311/729/392 2310/730/392
f 152/113/393 153/111/393 1309/111/393 1308/113/393
f 1146/741/394 1147/740/394 2303/740/394 2302/741/394
f 484/424/286 485/425/286 1641/425/286 1640/424/286
f 910/195/213 911/193/213 2067/193/213 2066/195/213
f 973/291/395 974/306/395 2130/306/395 2129/291/395
f 989/317/396 990/314/396 2146/314/396 2145/317/396
f 107/9/397 108/7/397 1264/7/397 1263/9/397
f 144/116/398 145/118/398 1301/118/398 1300/116/398
f 934/200/399 935/201/399 2091/201/399 2090/200/399
f 115/8/400 116/10/400 1272/10/400 1271/8/400
f 280/131/401 281/130/401 1437/130/401 1436/131/401
f 532/432/290 533/435/290 1689/435/290 1688/432/290
f 609/524/402 610/526/402 1766/526/402 1765/524/402
f 997/318/403 998/322/403 2154/322/403 2153/318/403
f 99/25/404 100/23/404 1256/23/404 1255/25/404
f 288/129/405 289/132/405 1445/132/405 1444/129/405
f 540/437/291 541/436/291 1697/436/291 1696/437/291
f 617/535/406 618/533/406 1774/533/406 1773/535/406
f 942/208/222 943/209/222 2099/209/222 2098/208/222
f 1013/323/407 1014/320/407 2170/320/407 2169/323/407
f 713/348/408 714/352/408 1870/352/408 1869/348/408
f 981/345/409 982/343/409 2138/343/409 2137/345/409
f 588/446/410 589/445/410 1745/445/410 1744/446/410
f 950/219/227 951/220/227 2107/220/227 2106/219/227
f 1005/347/411 1006/346/411 2162/346/411 2161/347/411
f 51/29/412 52/31/412 1208/31/412 1207/29/412
f 264/148/413 265/149/413 1421/149/413 1420/148/413
f 705/361/414 706/359/414 1862/359/414 1861/361/414
f 91/40/415 92/38/415 1248/38/415 1247/40/415
f 272/156/416 273/145/416 1429/145/416 1428/156/416
f 580/456/417 581/455/417 1737/455/417 1736/456/417
f 958/229/233 959/230/233 2115/230/233 2114/229/233
f 1117/648/418 1118/647/418 2274/647/418 2273/648/418
f 296/160/419 297/165/419 1453/165/419 1452/160/419
f 761/363/420 762/365/420 1918/365/420 1917/363/420
f 668/465/421 669/466/421 1825/466/421 1824/465/421
f 1109/659/422 1110/658/422 2266/658/422 2265/659/422
f 59/45/423 60/47/423 1216/47/423 1215/45/423
f 256/166/424 257/164/424 1413/164/424 1412/166/424
f 660/475/425 661/474/425 1817/474/425 1816/475/425
f 1046/246/241 1047/244/241 2203/244/241 2202/246/241
f 83/57/426 84/55/426 1240/55/426 1239/57/426
f 248/174/427 249/173/427 1405/173/427 1404/174/427
f 966/245/246 967/248/246 2123/248/246 2122/245/246
f 1101/666/428 1102/667/428 2258/667/428 2257/666/428
f 336/178/330 337/177/330 1493/177/330 1492/178/330
f 1038/258/247 1039/257/247 2195/257/247 2194/258/247
f 1125/660/429 1126/673/429 2282/673/429 2281/660/429
f 67/60/430 68/62/430 1224/62/430 1223/60/430
f 596/477/431 597/480/431 1753/480/431 1752/477/431
f 753/382/432 754/378/432 1910/378/432 1909/382/432
f 75/73/433 76/71/433 1232/71/433 1231/73/433
f 344/187/333 345/189/333 1501/189/333 1500/187/333
f 652/487/434 653/486/434 1809/486/434 1808/487/434
f 902/274/253 903/270/253 2059/270/253 2058/274/253
f 1093/677/435 1094/676/435 2250/676/435 2249/677/435
f 352/199/335 353/200/335 1509/200/335 1508/199/335
f 769/383/436 770/385/436 1926/385/436 1925/383/436
f 1022/269/258 1023/275/258 2179/275/258 2178/269/258
f 360/207/336 361/208/336 1517/208/336 1516/207/336
f 721/380/437 722/386/437 1878/386/437 1877/380/437
f 1085/689/438 1086/688/438 2242/688/438 2241/689/438
f 3/78/439 4/80/439 1160/80/439 1159/78/439
f 604/497/440 605/499/440 1761/499/440 1760/497/440
f 43/87/441 44/85/441 1200/85/441 1199/87/441
f 328/210/340 329/195/340 1485/195/340 1484/210/340
f 644/502/442 645/500/442 1801/500/442 1800/502/442
f 697/400/443 698/398/443 1854/398/443 1853/400/443
f 886/279/264 887/282/264 2043/282/264 2042/279/264
f 1133/695/444 1134/700/444 2290/700/444 2289/695/444
f 628/507/445 629/509/445 1785/509/445 1784/507/445
f 368/217/343 369/219/343 1525/219/343 1524/217/343
f 636/521/446 637/522/446 1793/522/446 1792/521/446
f 681/416/447 682/418/447 1838/418/447 1837/416/447
f 894/300/266 895/297/266 2051/297/266 2050/300/266
f 1077/707/448 1078/705/448 2234/705/448 2233/707/448
f 11/94/449 12/96/449 1168/96/449 1167/94/449
f 620/531/450 621/529/450 1777/529/450 1776/531/450
f 729/411/451 730/419/451 1886/419/451 1885/411/451
f 1030/304/268 1031/302/268 2187/302/268 2186/304/268
f 35/103/452 36/101/452 1192/101/452 1191/103/452
f 376/228/346 377/229/346 1533/229/346 1532/228/346
f 472/233/352 473/22/352 1629/22/352 1628/233/352
f 689/421/453 690/417/453 1846/417/453 1845/421/453
f 1061/714/454 1062/715/454 2218/715/454 2217/714/454
f 745/431/455 746/430/455 1902/430/455 1901/431/455
f 974/306/273 975/309/273 2131/309/273 2130/306/273
f 19/110/456 20/112/456 1176/112/456 1175/110/456
f 737/443/457 738/441/457 1894/441/457 1893/443/457
f 990/314/276 991/310/276 2147/310/276 2146/314/276
f 1069/726/458 1070/727/458 2226/727/458 2225/726/458
f 27/119/459 28/117/459 1184/117/459 1183/119/459
f 384/243/358 385/245/358 1541/245/358 1540/243/358
f 612/534/460 613/538/460 1769/538/460 1768/534/460
f 1014/320/278 1015/316/278 2171/316/278 2170/320/278
f 235/4/25 236/6/25 1392/6/25 1391/4/25
f 464/247/359 465/246/359 1621/246/359 1620/247/359
f 865/547/461 866/542/461 2022/542/461 2021/547/461
f 456/262/362 457/258/362 1613/258/362 1612/262/362
f 708/355/462 709/353/462 1865/353/462 1864/355/462
f 227/13/28 228/11/28 1384/11/28 1383/13/28
f 440/263/366 441/269/366 1597/269/366 1596/263/366
f 841/549/463 842/545/463 1998/545/463 1997/549/463
f 998/322/285 999/326/285 2155/326/285 2154/322/285
f 1141/731/464 1142/734/464 2298/734/464 2297/731/464
f 716/356/465 717/358/465 1873/358/465 1872/356/465
f 982/343/287 983/340/287 2139/340/287 2138/343/287
f 1149/737/466 1150/736/466 2306/736/466 2305/737/466
f 243/20/33 244/22/33 1400/22/33 1399/20/33
f 764/369/467 765/373/467 1921/373/467 1920/369/467
f 1006/346/289 1007/342/289 2163/342/289 2162/346/289
f 244/22/36 171/24/36 1327/24/36 1400/22/36
f 320/277/468 321/274/468 1477/274/468 1476/277/468
f 756/374/469 757/371/469 1913/371/469 1912/374/469
f 873/562/470 874/565/470 2030/565/470 2029/562/470
f 110/3/337 111/2/337 1267/2/337 1266/3/337
f 772/391/471 773/22/471 1929/22/471 1928/391/471
f 849/566/472 850/570/472 2006/570/472 2005/566/472
f 1118/647/473 1119/646/473 2275/646/473 2274/647/473
f 304/276/474 305/279/474 1461/279/474 1460/276/474
f 118/14/341 119/16/341 1275/16/341 1274/14/341
f 171/24/41 172/26/41 1328/26/41 1327/24/41
f 700/395/475 701/394/475 1857/394/475 1856/395/475
f 857/578/476 858/575/476 2014/575/476 2013/578/476
f 1110/658/477 1111/656/477 2267/656/477 2266/658/477
f 219/28/45 220/27/45 1376/27/45 1375/28/45
f 724/156/478 725/396/478 1881/396/478 1880/156/478
f 102/19/344 103/17/344 1259/17/344 1258/19/344
f 1102/667/479 1103/668/479 2259/668/479 2258/667/479
f 676/406/480 677/409/480 1833/409/480 1832/406/480
f 777/586/481 778/587/481 1934/587/481 1933/586/481
f 94/34/348 95/32/348 1251/32/348 1250/34/348
f 179/41/482 180/43/482 1336/43/482 1335/41/482
f 312/301/386 313/300/386 1469/300/386 1468/301/386
f 1094/676/483 1095/674/483 2251/674/483 2250/676/483
f 211/44/55 212/42/55 1368/42/55 1367/44/55
f 692/412/484 693/408/484 1849/408/484 1848/412/484
f 785/594/485 786/595/485 1942/595/485 1941/594/485
f 1126/673/486 1127/679/486 2283/679/486 2282/673/486
f 54/35/356 55/37/356 1211/37/356 1210/35/356
f 448/303/391 449/304/391 1605/304/391 1604/303/391
f 684/422/487 685/424/487 1841/424/487 1840/422/487
f 817/602/374 818/605/374 1974/605/374 1973/602/374
f 1086/688/488 1087/686/488 2243/686/488 2242/688/488
f 187/56/61 188/58/61 1344/58/61 1343/56/61
f 1134/700/489 1135/703/489 2291/703/489 2290/700/489
f 203/61/63 204/59/63 1360/59/63 1359/61/63
f 392/291/395 393/306/395 1549/306/395 1548/291/395
f 86/51/363 87/48/363 1243/48/363 1242/51/363
f 408/317/396 409/314/396 1565/314/396 1564/317/396
f 1078/705/490 1079/704/490 2235/704/490 2234/705/490
f 62/50/368 63/52/368 1219/52/368 1218/50/368
f 732/429/491 733/432/491 1889/432/491 1888/429/491
f 793/610/492 794/614/492 1950/614/492 1949/610/492
f 195/72/68 196/74/68 1352/74/68 1351/72/68
f 740/439/493 741/437/493 1897/437/493 1896/439/493
f 809/617/494 810/615/494 1966/615/494 1965/617/494
f 123/76/71 124/75/71 1280/75/71 1279/76/71
f 416/318/403 417/322/403 1573/322/403 1572/318/403
f 868/540/495 869/546/495 2025/546/495 2024/540/495
f 833/624/496 834/613/496 1990/613/496 1989/624/496
f 1062/715/497 1063/717/497 2219/717/497 2218/715/497
f 78/67/498 79/65/498 1235/65/498 1234/67/498
f 170/77/75 123/76/75 1279/76/75 1326/77/75
f 432/323/407 433/320/407 1589/320/407 1588/323/407
f 844/543/499 845/548/499 2001/548/499 2000/543/499
f 70/66/376 71/68/376 1227/68/376 1226/66/376
f 400/345/409 401/343/409 1557/343/409 1556/345/409
f 1070/727/500 1071/725/500 2227/725/500 2226/727/500
f 46/81/378 47/79/378 1203/79/378 1202/81/378
f 424/347/411 425/346/411 1581/346/411 1580/347/411
f 860/567/501 861/564/501 2017/564/501 2016/567/501
f 825/630/502 826/636/502 1982/636/502 1981/630/502
f 163/91/83 164/89/83 1320/89/83 1319/91/83
f 512/348/408 513/352/408 1669/352/408 1668/348/408
f 131/90/85 132/92/85 1288/92/85 1287/90/85
f 876/572/503 877/576/503 2033/576/503 2032/572/503
f 801/639/13 802/642/13 1958/642/13 1957/639/13
f 6/84/382 7/86/382 1163/86/382 1162/84/382
f 504/361/414 505/359/414 1661/359/414 1660/361/414
f 921/181/269 922/182/269 2078/182/269 2077/181/269
f 1150/736/504 1151/735/504 2307/735/504 2306/736/504
f 38/97/384 39/95/384 1195/95/384 1194/97/384
f 836/580/505 837/574/505 1993/574/505 1992/580/505
f 155/107/92 156/105/92 1312/105/92 1311/107/92
f 560/363/420 561/365/420 1717/365/420 1716/363/420
f 852/577/506 853/581/506 2009/581/506 2008/577/506
f 913/188/272 914/185/272 2070/185/272 2069/188/272
f 1142/734/507 1143/738/507 2299/738/507 2298/734/507
f 139/106/95 140/108/95 1296/108/95 1295/106/95
f 111/2/101 112/1/101 1268/1/101 1267/2/101
f 14/100/390 15/102/390 1171/102/390 1170/100/390
f 147/122/99 148/121/99 1304/121/99 1303/122/99
f 929/194/277 930/196/277 2086/196/277 2085/194/277
f 30/113/393 31/111/393 1187/111/393 1186/113/393
f 937/203/281 938/204/281 2094/204/281 2093/203/281
f 103/17/106 104/15/106 1260/15/106 1259/17/106
f 283/126/508 284/125/508 1440/125/508 1439/126/508
f 780/589/509 781/590/509 1937/590/509 1936/589/509
f 945/213/282 946/214/282 2102/214/282 2101/213/282
f 119/16/110 120/18/110 1276/18/110 1275/16/110
f 953/223/284 954/224/284 2110/224/284 2109/223/284
f 22/116/398 23/118/398 1179/118/398 1178/116/398
f 291/139/510 292/141/510 1448/141/510 1447/139/510
f 552/382/432 553/378/432 1709/378/432 1708/382/432
f 95/32/111 96/30/111 1252/30/111 1251/32/111
f 788/597/511 789/598/511 1945/598/511 1944/597/511
f 905/225/54 906/222/54 2062/222/54 2061/225/54
f 230/7/98 231/5/98 1387/5/98 1386/7/98
f 275/142/512 276/140/512 1432/140/512 1431/142/512
f 568/383/436 569/385/436 1725/385/436 1724/383/436
f 520/380/437 521/386/437 1677/386/437 1676/380/437
f 812/609/513 813/606/513 1969/606/513 1968/609/513
f 55/37/122 56/39/122 1212/39/122 1211/37/122
f 238/10/102 239/12/102 1395/12/102 1394/10/102
f 267/151/514 268/152/514 1424/152/514 1423/151/514
f 87/48/124 88/46/124 1244/46/124 1243/48/124
f 496/400/443 497/398/443 1653/398/443 1652/400/443
f 222/23/109 223/21/109 1379/21/109 1378/23/109
f 820/611/515 821/616/515 1977/616/515 1976/611/515
f 259/161/516 260/162/516 1416/162/516 1415/161/516
f 480/416/447 481/418/447 1637/418/447 1636/416/447
f 63/52/517 64/54/517 1220/54/517 1219/52/517
f 528/411/451 529/419/451 1685/419/451 1684/411/451
f 79/65/518 80/63/518 1236/63/518 1235/65/518
f 174/31/115 175/33/115 1331/33/115 1330/31/115
f 251/168/519 252/169/519 1408/169/519 1407/168/519
f 796/621/520 797/625/520 1953/625/520 1952/621/520
f 961/232/298 962/236/298 2118/236/298 2117/232/298
f 214/38/118 215/36/118 1371/36/118 1370/38/118
f 339/179/521 340/181/521 1496/181/521 1495/179/521
f 488/421/453 489/417/453 1645/417/453 1644/421/453
f 804/631/522 805/628/522 1961/628/522 1960/631/522
f 1049/241/299 1050/239/299 2206/239/299 2205/241/299
f 544/431/455 545/430/455 1701/430/455 1700/431/455
f 71/68/140 72/70/140 1228/70/140 1227/68/140
f 331/190/523 332/188/523 1488/188/523 1487/190/523
f 536/443/457 537/441/457 1693/441/457 1692/443/457
f 47/79/143 48/77/143 1204/77/143 1203/79/143
f 182/47/126 183/49/126 1339/49/126 1338/47/126
f 828/640/13 829/643/13 1985/643/13 1984/640/13
f 1041/254/303 1042/252/303 2198/252/303 2197/254/303
f 206/55/128 207/53/128 1363/53/128 1362/55/128
f 584/451/524 585/450/524 1741/450/524 1740/451/524
f 347/192/525 348/194/525 1504/194/525 1503/192/525
f 592/453/526 593/457/526 1749/457/526 1748/453/526
f 916/180/527 917/178/527 2073/178/527 2072/180/527
f 969/253/307 970/256/307 2126/256/307 2125/253/307
f 7/86/152 8/88/152 1164/88/152 1163/86/152
f 355/202/528 356/203/528 1512/203/528 1511/202/528
f 664/461/529 665/462/529 1821/462/529 1820/461/529
f 39/95/155 40/93/155 1196/93/155 1195/95/155
f 190/62/134 191/64/134 1347/64/134 1346/62/134
f 363/211/530 364/213/530 1520/213/530 1519/211/530
f 672/469/531 673/470/531 1829/470/531 1828/469/531
f 198/71/137 199/69/137 1355/69/137 1354/71/137
f 371/221/532 372/223/532 1528/223/532 1527/221/532
f 656/481/533 657/479/533 1813/479/533 1812/481/533
f 924/186/534 925/187/534 2081/187/534 2080/186/534
f 932/198/535 933/199/535 2089/199/535 2088/198/535
f 881/76/311 882/264/311 2038/264/311 2037/76/311
f 15/102/163 16/104/163 1172/104/163 1171/102/163
f 379/231/536 380/232/536 1536/232/536 1535/231/536
f 940/206/537 941/207/537 2097/207/537 2096/206/537
f 1017/265/54 881/76/54 2037/76/54 2173/265/54
f 31/111/165 32/109/165 1188/109/165 1187/111/165
f 126/80/147 127/82/147 1283/82/147 1282/80/147
f 467/242/538 468/241/538 1624/241/538 1623/242/538
f 600/488/539 601/490/539 1757/490/539 1756/488/539
f 1033/286/314 1034/280/314 2190/280/314 2189/286/314
f 166/85/149 167/83/149 1323/83/149 1322/85/149
f 648/494/540 649/492/540 1805/492/540 1804/494/540
f 908/212/541 909/210/541 2065/210/541 2064/212/541
f 1025/283/316 1026/288/316 2182/288/316 2181/283/316
f 23/118/174 24/120/174 1180/120/174 1179/118/174
f 387/251/542 388/253/542 1544/253/542 1543/251/542
f 632/514/543 633/516/543 1789/516/543 1788/514/543
f 459/255/544 460/254/544 1616/254/544 1615/255/544
f 897/290/545 898/287/545 2054/287/545 2053/290/545
f 231/5/546 232/3/546 1388/3/546 1387/5/546
f 134/96/158 135/99/158 1291/99/158 1290/96/158
f 640/517/547 641/513/547 1797/513/547 1796/517/547
f 889/289/321 890/292/321 2046/292/321 2045/289/321
f 158/101/162 159/98/162 1315/98/162 1314/101/162
f 323/266/548 324/225/548 1480/225/548 1479/266/548
f 948/216/549 949/217/549 2105/217/549 2104/216/549
f 239/12/550 240/14/550 1396/14/550 1395/12/550
f 443/278/551 444/283/551 1600/283/551 1599/278/551
f 956/227/552 957/228/552 2113/228/552 2112/227/552
f 223/21/553 224/19/553 1380/19/553 1379/21/553
f 142/112/169 143/114/169 1299/114/169 1298/112/169
f 608/515/554 609/524/554 1765/524/554 1764/515/554
f 150/117/173 151/115/173 1307/115/173 1306/117/173
f 307/285/555 308/289/555 1464/289/555 1463/285/555
f 624/525/556 625/505/556 1781/505/556 1780/525/556
f 1052/235/557 1053/233/557 2209/233/557 2208/235/557
f 286/123/558 287/127/558 1443/127/558 1442/123/558
f 451/293/559 452/286/559 1608/286/559 1607/293/559
f 616/536/560 617/535/560 1773/535/560 1772/536/560
f 712/349/561 713/348/561 1869/348/561 1868/349/561
f 993/305/331 994/308/331 2150/308/331 2149/305/331
f 175/33/562 176/35/562 1332/35/562 1331/33/562
f 315/295/563 316/290/563 1472/290/563 1471/295/563
f 760/364/564 761/363/564 1917/363/564 1916/364/564
f 215/36/565 216/34/565 1372/34/565 1371/36/565
f 411/307/566 412/305/566 1568/305/566 1567/307/566
f 964/240/567 965/243/567 2121/243/567 2120/240/567
f 278/137/568 279/133/568 1435/133/568 1434/137/568
f 435/312/569 436/265/569 1592/265/569 1591/312/569
f 704/370/570 705/361/570 1861/361/570 1860/370/570
f 1044/249/571 1045/247/571 2201/247/571 2200/249/571
f 977/319/338 978/324/338 2134/324/338 2133/319/338
f 183/49/572 184/50/572 1340/50/572 1339/49/572
f 1020/261/573 1021/263/573 2177/263/573 2176/261/573
f 985/332/339 986/328/339 2142/328/339 2141/332/339
f 207/53/574 208/51/574 1364/51/574 1363/53/574
f 270/154/575 271/155/575 1427/155/575 1426/154/575
f 1036/267/576 1037/262/576 2193/262/576 2192/267/576
f 294/146/577 295/157/577 1451/157/577 1450/146/577
f 395/313/578 396/319/578 1552/319/578 1551/313/578
f 191/64/579 192/66/579 1348/66/579 1347/64/579
f 262/159/580 263/147/580 1419/147/580 1418/159/580
f 1009/336/345 1010/334/345 2166/334/345 2165/336/345
f 199/69/581 200/67/581 1356/67/581 1355/69/581
f 884/271/582 885/276/582 2041/276/582 2040/271/582
f 1001/333/349 1002/337/349 2158/337/349 2157/333/349
f 419/329/583 420/333/583 1576/333/583 1575/329/583
f 1121/644/584 1122/650/584 2278/650/584 2277/644/584
f 403/335/585 404/332/585 1560/332/585 1559/335/585
f 167/83/586 168/81/586 1324/81/586 1323/83/586
f 254/171/587 255/167/587 1411/167/587 1410/171/587
f 427/339/588 428/336/588 1584/336/588 1583/339/588
f 720/372/589 721/380/589 1877/380/589 1876/372/589
f 900/281/590 901/277/590 2057/277/590 2056/281/590
f 1113/653/591 1114/652/591 2270/652/591 2269/653/591
f 127/82/592 128/84/592 1284/84/592 1283/82/592
f 768/379/593 769/383/593 1925/383/593 1924/379/593
f 159/98/594 160/97/594 1316/97/594 1315/98/594
f 507/355/462 508/353/462 1664/353/462 1663/355/462
f 752/384/595 753/382/595 1909/382/595 1908/384/595
f 972/272/596 973/291/596 2129/291/596 2128/272/596
f 135/99/597 136/100/597 1292/100/597 1291/99/597
f 246/134/49 247/175/49 1403/175/49 1402/134/49
f 515/356/465 516/358/465 1672/358/465 1671/356/465
f 696/401/598 697/400/598 1853/400/598 1852/401/598
f 1097/662/599 1098/663/599 2254/663/599 2253/662/599
f 563/369/467 564/373/467 1720/373/467 1719/369/467
f 892/298/600 893/301/600 2049/301/600 2048/298/600
f 334/183/601 335/180/601 1491/180/601 1490/183/601
f 555/374/469 556/371/469 1712/371/469 1711/374/469
f 728/404/602 729/411/602 1885/411/602 1884/404/602
f 1028/299/603 1029/303/603 2185/303/603 2184/299/603
f 1105/670/604 1106/671/604 2262/671/604 2261/670/604
f 151/115/605 152/113/605 1308/113/605 1307/115/605
f 571/391/471 572/22/471 1728/22/471 1727/391/471
f 143/114/606 144/116/606 1300/116/606 1299/114/606
f 342/184/607 343/186/607 1499/186/607 1498/184/607
f 680/414/608 681/416/608 1837/416/608 1836/414/608
f 1089/683/609 1090/681/609 2246/681/609 2245/683/609
f 287/127/610 288/129/610 1444/129/610 1443/127/610
f 350/197/611 351/198/611 1507/198/611 1506/197/611
f 499/395/475 500/394/475 1656/394/475 1655/395/475
f 996/315/612 997/318/612 2153/318/612 2152/315/612
f 1129/685/613 1130/687/613 2286/687/613 2285/685/613
f 358/205/614 359/206/614 1515/206/614 1514/205/614
f 523/156/478 524/396/478 1680/396/478 1679/156/478
f 688/423/615 689/421/615 1845/421/615 1844/423/615
f 988/321/616 989/317/616 2145/317/616 2144/321/616
f 1057/696/49 1058/698/49 2214/698/49 2213/696/49
f 279/133/617 280/131/617 1436/131/617 1435/133/617
f 366/215/618 367/216/618 1523/216/618 1522/215/618
f 744/433/619 745/431/619 1901/431/619 1900/433/619
f 1012/327/620 1013/323/620 2169/323/620 2168/327/620
f 475/406/480 476/409/480 1632/409/480 1631/406/480
f 1081/699/621 1082/694/621 2238/694/621 2237/699/621
f 326/218/622 327/212/622 1483/212/622 1482/218/622
f 736/442/623 737/443/623 1893/443/623 1892/442/623
f 491/412/484 492/408/484 1648/408/484 1647/412/484
f 1137/708/624 1138/711/624 2294/711/624 2293/708/624
f 263/147/625 264/148/625 1420/148/625 1419/147/625
f 864/551/626 865/547/626 2021/547/626 2020/551/626
f 483/422/487 484/424/487 1640/424/487 1639/422/487
f 980/338/627 981/345/627 2137/345/627 2136/338/627
f 1073/716/628 1074/712/628 2230/712/628 2229/716/628
f 271/155/629 272/156/629 1428/156/629 1427/155/629
f 374/226/13 375/227/13 1531/227/13 1530/226/13
f 295/157/630 296/160/630 1452/160/630 1451/157/630
f 470/237/631 471/235/631 1627/235/631 1626/237/631
f 840/555/632 841/549/632 1997/549/632 1996/555/632
f 1004/344/633 1005/347/633 2161/347/633 2160/344/633
f 1065/719/634 1066/722/634 2222/722/634 2221/719/634
f 1153/732/635 1154/730/635 2310/730/635 2309/732/635
f 255/167/636 256/166/636 1412/166/636 1411/167/636
f 531/429/491 532/432/491 1688/432/491 1687/429/491
f 1116/649/637 1117/648/637 2273/648/637 2272/649/637
f 1145/743/638 1146/741/638 2302/741/638 2301/743/638
f 247/175/54 248/174/54 1404/174/54 1403/175/54
f 382/238/639 383/240/639 1539/240/639 1538/238/639
f 539/439/493 540/437/493 1696/437/493 1695/439/493
f 872/557/640 873/562/640 2029/562/640 2028/557/640
f 114/6/175 115/8/175 1271/8/175 1270/6/175
f 462/250/641 463/249/641 1619/249/641 1618/250/641
f 848/561/642 849/566/642 2005/566/642 2004/561/642
f 1124/657/643 1125/660/643 2281/660/643 2280/657/643
f 335/180/527 336/178/527 1492/178/527 1491/180/527
f 587/447/644 588/446/644 1744/446/644 1743/447/644
f 106/11/179 107/9/179 1263/9/179 1262/11/179
f 438/259/645 439/261/645 1595/261/645 1594/259/645
f 856/582/646 857/578/646 2013/578/646 2012/582/646
f 1108/661/647 1109/659/647 2265/659/647 2264/661/647
f 579/458/648 580/456/648 1736/456/648 1735/458/648
f 343/186/534 344/187/534 1500/187/534 1499/186/534
f 667/464/649 668/465/649 1824/465/649 1823/464/649
f 1100/665/650 1101/666/650 2257/666/650 2256/665/650
f 351/198/535 352/199/535 1508/199/535 1507/198/535
f 98/27/187 99/25/187 1255/25/187 1254/27/187
f 359/206/537 360/207/537 1516/207/537 1515/206/537
f 302/268/651 303/271/651 1459/271/651 1458/268/651
f 1092/678/652 1093/677/652 2249/677/652 2248/678/652
f 390/260/653 391/272/653 1547/272/653 1546/260/653
f 50/26/193 51/29/193 1207/29/193 1206/26/193
f 327/212/541 328/210/541 1484/210/541 1483/212/541
f 454/273/654 455/267/654 1611/267/654 1610/273/654
f 784/593/655 785/594/655 1941/594/655 1940/593/655
f 90/42/656 91/40/656 1247/40/656 1246/42/656
f 659/476/657 660/475/657 1816/475/657 1815/476/657
f 816/584/658 817/602/658 1973/602/658 1972/584/658
f 1084/691/659 1085/689/659 2241/689/659 2240/691/659
f 318/284/660 319/281/660 1475/281/660 1474/284/660
f 595/471/661 596/477/661 1752/477/661 1751/471/661
f 651/489/662 652/487/662 1808/487/662 1807/489/662
f 792/607/663 793/610/663 1949/610/663 1948/607/663
f 1132/692/664 1133/695/664 2289/695/664 2288/692/664
f 58/43/202 59/45/202 1215/45/202 1214/43/202
f 310/296/12 311/298/12 1467/298/12 1466/296/12
f 808/620/665 809/617/665 1965/617/665 1964/620/665
f 367/216/666 368/217/666 1524/217/666 1523/216/666
f 446/294/14 447/299/14 1603/299/14 1602/294/14
f 1076/709/667 1077/707/667 2233/707/667 2232/709/667
f 603/495/668 604/497/668 1760/497/668 1759/495/668
f 824/627/669 825/630/669 1981/630/669 1980/627/669
f 82/59/210 83/57/210 1239/57/210 1238/59/210
f 375/227/552 376/228/552 1532/228/552 1531/227/552
f 643/506/670 644/502/670 1800/502/670 1799/506/670
f 832/632/671 833/624/671 1989/624/671 1988/632/671
f 1060/713/672 1061/714/672 2217/714/672 2216/713/672
f 66/58/212 67/60/212 1223/60/212 1222/58/212
f 414/311/19 415/315/19 1571/315/19 1570/311/19
f 627/503/673 628/507/673 1784/507/673 1783/503/673
f 776/634/54 777/586/54 1933/586/54 1932/634/54
f 74/74/215 75/73/215 1231/73/215 1230/74/215
f 471/235/557 472/233/557 1628/233/557 1627/235/557
f 406/325/22 407/321/22 1563/321/22 1562/325/22
f 635/519/674 636/521/674 1792/521/674 1791/519/674
f 1068/724/675 1069/726/675 2225/726/675 2224/724/675
f 430/330/24 431/327/24 1587/327/24 1586/330/24
f 800/637/676 801/639/676 1957/639/676 1956/637/676
f 2/75/220 3/78/220 1159/78/220 1158/75/220
f 920/179/521 921/181/521 2077/181/521 2076/179/521
f 42/89/221 43/87/221 1199/87/221 1198/89/221
f 383/240/567 384/243/567 1540/243/567 1539/240/567
f 619/532/677 620/531/677 1776/531/677 1775/532/677
f 912/190/523 913/188/523 2069/188/523 2068/190/523
f 1140/728/678 1141/731/678 2297/731/678 2296/728/678
f 463/249/571 464/247/571 1620/247/571 1619/249/571
f 398/331/32 399/338/32 1555/338/32 1554/331/32
f 1148/739/679 1149/737/679 2305/737/679 2304/739/679
f 10/92/226 11/94/226 1167/94/226 1166/92/226
f 439/261/573 440/263/573 1596/263/573 1595/261/573
f 611/530/680 612/534/680 1768/534/680 1767/530/680
f 34/105/230 35/103/230 1191/103/230 1190/105/230
f 455/267/576 456/262/576 1612/262/576 1611/267/576
f 715/354/20 716/356/20 1872/356/20 1871/354/20
f 928/192/525 929/194/525 2085/194/525 2084/192/525
f 109/5/546 110/3/546 1266/3/546 1265/5/546
f 422/341/39 423/344/39 1579/344/39 1578/341/39
f 936/202/528 937/203/528 2093/203/528 2092/202/528
f 707/357/26 708/355/26 1864/355/26 1863/357/26
f 944/211/530 945/213/530 2101/213/530 2100/211/530
f 117/12/550 118/14/550 1274/14/550 1273/12/550
f 18/108/238 19/110/238 1175/110/238 1174/108/238
f 510/350/6 511/349/6 1667/349/6 1666/350/6
f 952/221/532 953/223/532 2109/223/532 2108/221/532
f 26/121/240 27/119/240 1183/119/240 1182/121/240
f 303/271/681 304/276/681 1460/276/681 1459/271/681
f 763/367/30 764/369/30 1920/369/30 1919/367/30
f 101/21/553 102/19/553 1258/19/553 1257/21/553
f 234/1/295 235/4/295 1391/4/295 1390/1/295
f 755/376/31 756/374/31 1912/374/31 1911/376/31
f 960/231/536 961/232/536 2117/232/536 2116/231/536
f 771/389/34 772/391/34 1928/391/34 1927/389/34
f 1048/242/538 1049/241/538 2205/241/538 2204/242/538
f 226/15/297 227/13/297 1383/13/297 1382/15/297
f 319/281/682 320/277/682 1476/277/682 1475/281/682
f 558/366/16 559/364/16 1715/364/16 1714/366/16
f 53/33/562 54/35/562 1210/35/562 1209/33/562
f 242/18/300 243/20/300 1399/20/300 1398/18/300
f 968/251/542 969/253/542 2125/253/542 2124/251/542
f 93/36/565 94/34/565 1250/34/565 1249/36/565
f 218/30/302 219/28/302 1375/28/302 1374/30/302
f 391/272/596 392/291/596 1548/291/596 1547/272/596
f 518/362/21 519/372/21 1675/372/21 1674/362/21
f 723/392/43 724/156/43 1880/156/43 1879/392/43
f 1040/255/544 1041/254/544 2197/254/544 2196/255/544
f 566/377/23 567/379/23 1723/379/23 1722/377/23
f 61/49/572 62/50/572 1218/50/572 1217/49/572
f 311/298/600 312/301/600 1468/301/600 1467/298/600
f 904/266/548 905/225/548 2061/225/548 2060/266/548
f 85/53/574 86/51/574 1242/51/574 1241/53/574
f 178/39/306 179/41/306 1335/41/306 1334/39/306
f 447/299/603 448/303/603 1604/303/603 1603/299/603
f 502/381/27 503/370/27 1659/370/27 1658/381/27
f 699/397/49 700/395/49 1856/395/49 1855/397/49
f 210/46/308 211/44/308 1367/44/308 1366/46/308
f 675/76/52 676/406/52 1832/406/52 1831/76/52
f 1024/278/551 1025/283/551 2181/283/551 2180/278/551
f 748/407/54 675/76/54 1831/76/54 1904/407/54
f 69/64/579 70/66/579 1226/66/579 1225/64/579
f 415/315/612 416/318/612 1572/318/612 1571/315/612
f 550/388/35 551/384/35 1707/384/35 1706/388/35
f 888/285/555 889/289/555 2045/289/555 2044/285/555
f 77/69/581 78/67/581 1234/67/581 1233/69/581
f 186/54/310 187/56/310 1343/56/310 1342/54/310
f 407/321/683 408/317/683 1564/317/683 1563/321/683
f 691/415/59 692/412/59 1848/412/59 1847/415/59
f 1032/293/559 1033/286/559 2189/286/559 2188/293/559
f 202/63/684 203/61/684 1359/61/684 1358/63/684
f 431/327/620 432/323/620 1588/323/620 1587/327/620
f 494/403/38 495/401/38 1651/401/38 1650/403/38
f 526/402/40 527/404/40 1683/404/40 1682/402/40
f 683/420/65 684/422/65 1840/422/65 1839/420/65
f 896/295/563 897/290/563 2053/290/563 2052/295/563
f 45/83/586 46/81/586 1202/81/586 1201/83/586
f 992/307/566 993/305/566 2149/305/566 2148/307/566
f 5/82/592 6/84/592 1162/84/592 1161/82/592
f 194/70/317 195/72/317 1351/72/317 1350/70/317
f 1016/312/569 1017/265/569 2173/265/569 2172/312/569
f 37/98/594 38/97/594 1194/97/594 1193/98/594
f 478/413/47 479/414/47 1635/414/47 1634/413/47
f 747/428/685 748/407/685 1904/407/685 1903/428/685
f 399/338/627 400/345/627 1556/345/627 1555/338/627
f 731/427/73 732/429/73 1888/429/73 1887/427/73
f 13/99/597 14/100/597 1170/100/597 1169/99/597
f 130/88/320 131/90/320 1287/90/320 1286/88/320
f 486/426/53 487/423/53 1643/423/53 1642/426/53
f 739/440/77 740/439/77 1896/439/77 1895/440/77
f 162/93/323 163/91/323 1319/91/323 1318/93/323
f 423/344/633 424/347/633 1580/347/633 1579/344/633
f 867/541/686 868/540/686 2024/540/686 2023/541/686
f 976/313/578 977/319/578 2133/319/578 2132/313/578
f 511/349/561 512/348/561 1668/348/561 1667/349/561
f 542/434/56 543/433/56 1699/433/56 1698/434/56
f 843/544/687 844/543/687 2000/543/687 1999/544/687
f 29/115/605 30/113/605 1186/113/605 1185/115/605
f 559/364/564 560/363/564 1716/363/564 1715/364/564
f 21/114/606 22/116/606 1178/116/606 1177/114/606
f 138/104/328 139/106/328 1295/106/328 1294/104/328
f 859/571/688 860/567/688 2016/567/688 2015/571/688
f 1000/329/689 1001/333/689 2157/333/689 2156/329/689
f 154/109/329 155/107/329 1311/107/329 1310/109/329
f 503/370/570 504/361/570 1660/361/570 1659/370/570
f 875/569/690 876/572/690 2032/572/690 2031/569/690
f 984/335/585 985/332/585 2141/332/585 2140/335/585
f 229/9/691 230/7/691 1386/7/691 1385/9/691
f 1008/339/588 1009/336/588 2165/336/588 2164/339/588
f 237/8/400 238/10/400 1394/10/400 1393/8/400
f 534/438/67 535/442/67 1691/442/67 1690/438/67
f 851/573/692 852/577/692 2008/577/692 2007/573/692
f 1120/645/693 1121/644/693 2277/644/693 2276/645/693
f 146/120/334 147/122/334 1303/122/334 1302/120/334
f 574/147/13 575/130/13 1731/130/13 1730/147/13
f 835/585/694 836/580/694 1992/580/694 1991/585/694
f 221/25/404 222/23/404 1378/23/404 1377/25/404
f 590/444/695 591/449/695 1747/449/695 1746/444/695
f 1112/655/696 1113/653/696 2269/653/696 2268/655/696
f 282/128/697 283/126/697 1439/126/697 1438/128/697
f 779/588/698 780/589/698 1936/589/698 1935/588/698
f 582/454/699 583/452/699 1739/452/699 1738/454/699
f 1104/669/700 1105/670/700 2261/670/700 2260/669/700
f 173/29/412 174/31/412 1330/31/412 1329/29/412
f 298/135/54 299/22/54 1455/22/54 1454/135/54
f 670/467/701 671/468/701 1827/468/701 1826/467/701
f 787/596/702 788/597/702 1944/597/702 1943/596/702
f 213/40/415 214/38/415 1370/38/415 1369/40/415
f 290/136/703 291/139/703 1447/139/703 1446/136/703
f 662/472/704 663/473/704 1819/473/704 1818/472/704
f 1096/675/705 1097/662/705 2253/662/705 2252/675/705
f 519/372/589 520/380/589 1676/380/589 1675/372/589
f 819/608/706 820/611/706 1976/611/706 1975/608/706
f 274/143/707 275/142/707 1431/142/707 1430/143/707
f 567/379/593 568/383/593 1724/383/593 1723/379/593
f 811/612/708 812/609/708 1968/609/708 1967/612/708
f 1088/684/709 1089/683/709 2245/683/709 2244/684/709
f 181/45/423 182/47/423 1338/47/423 1337/45/423
f 551/384/595 552/382/595 1708/382/595 1707/384/595
f 654/484/710 655/482/710 1811/482/710 1810/484/710
f 1128/682/711 1129/685/711 2285/685/711 2284/682/711
f 205/57/426 206/55/426 1362/55/426 1361/57/426
f 598/483/712 599/485/712 1755/485/712 1754/483/712
f 266/150/713 267/151/713 1423/151/713 1422/150/713
f 495/401/598 496/400/598 1652/400/598 1651/401/598
f 646/498/714 647/496/714 1803/496/714 1802/498/714
f 795/618/715 796/621/715 1952/621/715 1951/618/715
f 1056/697/13 1057/696/13 2213/696/13 2212/697/13
f 803/635/54 804/631/54 1960/631/54 1959/635/54
f 189/60/716 190/62/716 1346/62/716 1345/60/716
f 258/163/717 259/161/717 1415/161/717 1414/163/717
f 527/404/602 528/411/602 1684/411/602 1683/404/602
f 1080/701/718 1081/699/718 2237/699/718 2236/701/718
f 197/73/433 198/71/433 1354/71/433 1353/73/433
f 250/172/719 251/168/719 1407/168/719 1406/172/719
f 338/176/146 339/179/146 1495/179/146 1494/176/146
f 479/414/608 480/416/608 1636/416/608 1635/414/608
f 606/501/720 607/508/720 1763/508/720 1762/501/720
f 827/156/721 828/640/721 1984/640/721 1983/156/721
f 1136/706/722 1137/708/722 2293/708/722 2292/706/722
f 346/191/148 347/192/148 1503/192/148 1502/191/148
f 630/511/723 631/512/723 1787/512/723 1786/511/723
f 125/78/439 126/80/439 1282/80/439 1281/78/439
f 487/423/615 488/421/615 1644/421/615 1643/423/615
f 638/523/724 639/520/724 1795/520/724 1794/523/724
f 915/183/601 916/180/601 2072/180/601 2071/183/601
f 1064/718/725 1065/719/725 2221/719/725 2220/718/725
f 165/87/441 166/85/441 1322/85/441 1321/87/441
f 330/193/154 331/190/154 1487/190/154 1486/193/154
f 543/433/619 544/431/619 1700/431/619 1699/433/619
f 622/528/433 623/527/433 1779/527/433 1778/528/433
f 614/539/726 615/537/726 1771/537/726 1770/539/726
f 923/184/607 924/186/607 2080/186/607 2079/184/607
f 1072/720/727 1073/716/727 2229/716/727 2228/720/727
f 354/201/157 355/202/157 1511/202/157 1510/201/157
f 535/442/623 536/443/623 1692/443/623 1691/442/623
f 931/197/611 932/198/611 2088/198/611 2087/197/611
f 133/94/449 134/96/449 1290/96/449 1289/94/449
f 362/209/161 363/211/161 1519/211/161 1518/209/161
f 575/130/49 576/22/49 1732/22/49 1731/130/49
f 710/351/131 711/350/131 1867/350/131 1866/351/131
f 939/205/614 940/206/614 2096/206/614 2095/205/614
f 1152/733/728 1153/732/728 2309/732/728 2308/733/728
f 157/103/452 158/101/452 1314/101/452 1313/103/452
f 370/220/164 371/221/164 1527/221/164 1526/220/164
f 947/215/618 948/216/618 2104/216/618 2103/215/618
f 583/452/729 584/451/729 1740/451/729 1739/452/729
f 718/360/135 719/362/135 1875/362/135 1874/360/135
f 1144/742/730 1145/743/730 2301/743/730 2300/742/730
f 378/230/168 379/231/168 1535/231/168 1534/230/168
f 591/449/731 592/453/731 1748/453/731 1747/449/731
f 907/218/622 908/212/622 2064/212/622 2063/218/622
f 141/110/456 142/112/456 1298/112/456 1297/110/456
f 466/244/172 467/242/172 1623/242/172 1622/244/172
f 758/368/141 759/366/141 1915/366/141 1914/368/141
f 149/119/459 150/117/459 1306/117/459 1305/119/459
f 671/468/732 672/469/732 1828/469/732 1827/468/732
f 766/375/144 767/377/144 1923/377/144 1922/375/144
f 285/124/733 286/123/733 1442/123/733 1441/124/733
f 663/473/734 664/461/734 1820/461/734 1819/473/734
f 245/76/13 246/134/13 1402/134/13 1401/76/13
f 655/482/735 656/481/735 1812/481/735 1811/482/735
f 702/387/150 703/381/150 1859/381/150 1858/387/150
f 955/226/13 956/227/13 2112/227/13 2111/226/13
f 299/22/191 245/76/191 1401/76/191 1455/22/191
f 386/248/181 387/251/181 1543/251/181 1542/248/181
f 1051/237/631 1052/235/631 2208/235/631 2207/237/631
f 458/257/183 459/255/183 1615/255/183 1614/257/183
f 750/390/156 751/388/156 1907/388/156 1906/390/156
f 277/138/736 278/137/736 1434/137/736 1433/138/736
f 322/270/186 323/266/186 1479/266/186 1478/270/186
f 599/485/737 600/488/737 1756/488/737 1755/485/737
f 726/399/159 727/402/159 1883/402/159 1882/399/159
f 963/238/639 964/240/639 2120/240/639 2119/238/639
f 293/144/738 294/146/738 1450/146/738 1449/144/738
f 442/275/189 443/278/189 1599/278/189 1598/275/189
f 647/496/739 648/494/739 1804/494/739 1803/496/739
f 1043/250/641 1044/249/641 2200/249/641 2199/250/641
f 694/405/166 695/403/166 1851/403/166 1850/405/166
f 269/153/740 270/154/740 1426/154/740 1425/153/740
f 306/282/195 307/285/195 1463/285/195 1462/282/195
f 1019/259/645 1020/261/645 2176/261/645 2175/259/645
f 678/410/170 679/413/170 1835/413/170 1834/410/170
f 314/297/200 315/295/200 1471/295/200 1470/297/200
f 631/512/741 632/514/741 1788/514/741 1787/512/741
f 261/158/742 262/159/742 1418/159/742 1417/158/742
f 607/508/743 608/515/743 1764/515/743 1763/508/743
f 686/425/176 687/426/176 1843/426/176 1842/425/176
f 450/302/206 451/293/206 1607/293/206 1606/302/206
f 639/520/744 640/517/744 1796/517/744 1795/520/744
f 883/268/651 884/271/651 2040/271/651 2039/268/651
f 253/170/745 254/171/745 1410/171/745 1409/170/745
f 623/527/746 624/525/746 1780/525/746 1779/527/746
f 971/260/653 972/272/653 2128/272/653 2127/260/653
f 341/182/260 342/184/260 1498/184/260 1497/182/260
f 615/537/747 616/536/747 1772/536/747 1771/537/747
f 742/436/182 743/434/182 1899/434/182 1898/436/182
f 1035/273/654 1036/267/654 2192/267/654 2191/273/654
